,cal_date
0,20190528
1,20190529
2,20190530
3,20190531
4,20190603
5,20190604
6,20190605
7,20190606
8,20190610
9,20190611
10,20190612
11,20190613
12,20190614
13,20190617
14,20190618
15,20190619
16,20190620
17,20190621
18,20190624
19,20190625
20,20190626
21,20190627
22,20190628
23,20190701
24,20190702
25,20190703
26,20190704
27,20190705
28,20190708
29,20190709
30,20190710
31,20190711
32,20190712
33,20190715
34,20190716
35,20190717
36,20190718
37,20190719
38,20190722
39,20190723
40,20190724
41,20190725
42,20190726
43,20190729
44,20190730
45,20190731
46,20190801
47,20190802
48,20190805
49,20190806
50,20190807
51,20190808
52,20190809
53,20190812
54,20190813
55,20190814
56,20190815
57,20190816
58,20190819
59,20190820
60,20190821
61,20190822
62,20190823
63,20190826
64,20190827
65,20190828
66,20190829
67,20190830
68,20190902
69,20190903
70,20190904
71,20190905
72,20190906
73,20190909
74,20190910
75,20190911
76,20190912
77,20190916
78,20190917
79,20190918
80,20190919
81,20190920
82,20190923
83,20190924
84,20190925
85,20190926
86,20190927
87,20190930
88,20191008
89,20191009
90,20191010
91,20191011
92,20191014
93,20191015
94,20191016
95,20191017
96,20191018
97,20191021
98,20191022
99,20191023
100,20191024
101,20191025
102,20191028
103,20191029
104,20191030
105,20191031
106,20191101
107,20191104
108,20191105
109,20191106
110,20191107
111,20191108
112,20191111
113,20191112
114,20191113
115,20191114
116,20191115
117,20191118
118,20191119
119,20191120
120,20191121
121,20191122
122,20191125
123,20191126
124,20191127
125,20191128
126,20191129
127,20191202
128,20191203
129,20191204
130,20191205
131,20191206
132,20191209
133,20191210
134,20191211
135,20191212
136,20191213
137,20191216
138,20191217
139,20191218
140,20191219
141,20191220
142,20191223
143,20191224
144,20191225
145,20191226
146,20191227
147,20191230
148,20191231
149,20200102
150,20200103
151,20200106
152,20200107
153,20200108
154,20200109
155,20200110
156,20200113
157,20200114
158,20200115
159,20200116
160,20200117
161,20200120
162,20200121
163,20200122
164,20200123
165,20200203
166,20200204
167,20200205
168,20200206
169,20200207
170,20200210
171,20200211
172,20200212
173,20200213
174,20200214
175,20200217
176,20200218
177,20200219
178,20200220
179,20200221
180,20200224
181,20200225
182,20200226
183,20200227
184,20200228
185,20200302
186,20200303
187,20200304
188,20200305
189,20200306
190,20200309
191,20200310
192,20200311
193,20200312
194,20200313
195,20200316
196,20200317
197,20200318
198,20200319
199,20200320
200,20200323
201,20200324
202,20200325
203,20200326
204,20200327
205,20200330
206,20200331
207,20200401
208,20200402
209,20200403
210,20200407
211,20200408
212,20200409
213,20200410
214,20200413
215,20200414
216,20200415
217,20200416
218,20200417
219,20200420
220,20200421
221,20200422
222,20200423
223,20200424
224,20200427
225,20200428
226,20200429
227,20200430
228,20200506
229,20200507
230,20200508
231,20200511
232,20200512
233,20200513
234,20200514
235,20200515
236,20200518
237,20200519
238,20200520
239,20200521
240,20200522
241,20200525
242,20200526
243,20200527
244,20200528
245,20200529
