,ts_code,basic_eps_yoy
0,000001.SZ,10.7914
1,000001.SZ,15.7895
13,000002.SZ,13.3987
14,000002.SZ,28.7293
60,000006.SZ,-8.3539
61,000006.SZ,-10.22
121,000011.SZ,17.1519
122,000011.SZ,-28.5242
146,000014.SZ,-86.1111
147,000014.SZ,-597.3214
257,000025.SZ,152.6525
258,000025.SZ,23.2172
270,000026.SZ,-120.0409
271,000026.SZ,17.9714
308,000029.SZ,9.7247
309,000029.SZ,17.5277
333,000031.SZ,15.0943
334,000031.SZ,47.619
367,000034.SZ,37.7074
368,000034.SZ,49.0028
404,000037.SZ,33.3333
405,000037.SZ,-83.3333
429,000039.SZ,-59.7826
430,000039.SZ,-78.5455
478,000045.SZ,200.0
479,000045.SZ,37.9167
527,000050.SZ,-11.9591
528,000050.SZ,-17.001
576,000059.SZ,-335.2268
577,000059.SZ,-13.8889
590,000060.SZ,-7.6923
591,000060.SZ,-18.1818
615,000062.SZ,-8.1007
616,000062.SZ,-5.6958
628,000063.SZ,173.0539
629,000063.SZ,156.6474
713,000088.SZ,-17.3913
714,000088.SZ,-10.8795
726,000089.SZ,-11.1145
727,000089.SZ,-16.6607
739,000090.SZ,44.4418
740,000090.SZ,42.8266
752,000096.SZ,20.0
753,000096.SZ,11.1111
765,000099.SZ,40.0
766,000099.SZ,78.2369
778,000100.SZ,-22.6033
779,000100.SZ,5.646
803,000151.SZ,-89.4961
804,000151.SZ,-96.3229
852,000157.SZ,123.0769
853,000157.SZ,158.8235
889,000166.SZ,26.32
890,000166.SZ,33.33
902,000301.SZ,33.3333
903,000301.SZ,7.4074
927,000338.SZ,6.4815
928,000338.SZ,18.6667
940,000400.SZ,113.5354
941,000400.SZ,71.4471
953,000401.SZ,31.4184
954,000401.SZ,27.5223
990,000404.SZ,-57.5699
991,000404.SZ,-2.4417
1015,000407.SZ,25.0
1016,000407.SZ,30.0
1040,000409.SZ,-1566.6667
1041,000409.SZ,-596.8222
1098,000416.SZ,42.0213
1099,000416.SZ,88.5135
1111,000417.SZ,-28.8989
1112,000417.SZ,-6.4545
1146,000420.SZ,-31.3988
1147,000420.SZ,-36.1538
1183,000423.SZ,-121.3166
1184,000423.SZ,-82.9
1220,000428.SZ,110.4478
1221,000428.SZ,11.3861
1233,000429.SZ,-25.0
1234,000429.SZ,-8.6207
1258,000488.SZ,-35.2941
1259,000488.SZ,-72.2222
1295,000502.SZ,-111.9048
1296,000502.SZ,-104.3134
1398,000513.SZ,19.8276
1399,000513.SZ,9.901
1411,000514.SZ,948.3221
1412,000514.SZ,-4.3165
1484,000521.SZ,45.9459
1485,000521.SZ,23.0892
1593,000532.SZ,29.5712
1594,000532.SZ,21.4405
1618,000534.SZ,135.3846
1619,000534.SZ,-51.222
1665,000538.SZ,19.708
1666,000538.SZ,-12.6183
1702,000541.SZ,-20.2668
1703,000541.SZ,-28.7073
1727,000544.SZ,11.6279
1728,000544.SZ,-7.1429
1776,000548.SZ,37.5
1777,000548.SZ,56.3462
1789,000550.SZ,54.5455
1790,000550.SZ,-28.0
1802,000551.SZ,27.2727
1803,000551.SZ,5.0
1815,000552.SZ,-8.4232
1816,000552.SZ,-22.2635
1852,000555.SZ,792.2197
1853,000555.SZ,-35.7932
1877,000557.SZ,-70.0
1878,000557.SZ,-86.5724
1926,000561.SZ,0.0
1927,000561.SZ,-30.0
1963,000565.SZ,50.0
1964,000565.SZ,50.0
2012,000570.SZ,-63.6364
2013,000570.SZ,0.0
2037,000572.SZ,105.2034
2038,000572.SZ,57.7877
2050,000573.SZ,24.5215
2051,000573.SZ,398.4952
2063,000576.SZ,0.0
2064,000576.SZ,321.8894
2120,000586.SZ,388.6667
2121,000586.SZ,420.0
2169,000590.SZ,211.1669
2170,000590.SZ,254.7009
2254,000598.SZ,9.0909
2255,000598.SZ,10.7143
2279,000600.SZ,48.1328
2280,000600.SZ,63.9241
2304,000603.SZ,8.3333
2305,000603.SZ,5.1386
2401,000612.SZ,123.9892
2402,000612.SZ,119.1667
2414,000613.SZ,16.6667
2415,000613.SZ,-168.75
2451,000617.SZ,6.1728
2452,000617.SZ,4.6875
2464,000619.SZ,19.2593
2465,000619.SZ,370.0787
2551,000628.SZ,90.9091
2552,000628.SZ,222.7273
2564,000629.SZ,-54.0856
2565,000629.SZ,-31.1242
2589,000631.SZ,-40.4762
2590,000631.SZ,-37.1429
2626,000635.SZ,88.8889
2627,000635.SZ,-27.5862
2711,000652.SZ,2.0029
2712,000652.SZ,37.551
2724,000655.SZ,78.6982
2725,000655.SZ,135.4839
2737,000656.SZ,75.0
2738,000656.SZ,45.8333
2787,000661.SZ,73.4797
2788,000661.SZ,47.8702
2836,000666.SZ,-35.1852
2837,000666.SZ,-26.3889
2885,000670.SZ,-15.9394
2886,000670.SZ,14.2045
2982,000680.SZ,-29.584
2983,000680.SZ,6.1224
3043,000686.SZ,230.77
3044,000686.SZ,208.33
3068,000688.SZ,-76.3314
3069,000688.SZ,-56.8099
3146,000698.SZ,-750.0
3147,000698.SZ,-226.6129
3183,000702.SZ,-83.2138
3184,000702.SZ,-93.3406
3232,000708.SZ,35.0746
3233,000708.SZ,36.6667
3281,000712.SZ,140.0
3282,000712.SZ,255.5556
3306,000715.SZ,68.1818
3307,000715.SZ,91.0498
3331,000717.SZ,-44.8485
3332,000717.SZ,-53.2339
3392,000722.SZ,50.0
3393,000722.SZ,76.4706
3453,000728.SZ,35.85
3454,000728.SZ,113.25
3526,000735.SZ,-92.269
3527,000735.SZ,-110.5761
3539,000736.SZ,-33.1126
3540,000736.SZ,-69.3069
3561,000738.SZ,8.6283
3562,000738.SZ,8.1492
3574,000739.SZ,49.3639
3575,000739.SZ,60.8696
3587,000750.SZ,500.0
3588,000750.SZ,366.67
3636,000755.SZ,208.8008
3637,000755.SZ,209.755
3649,000756.SZ,17.0732
3650,000756.SZ,22.5806
3734,000765.SZ,0.0
3735,000765.SZ,33.3333
3771,000768.SZ,1.9345
3772,000768.SZ,47.6758
3788,000776.SZ,76.79
3789,000776.SZ,37.04
3825,000779.SZ,31.2981
3826,000779.SZ,22.3077
3886,000786.SZ,-82.1233
3887,000786.SZ,-100.5155
3923,000789.SZ,20.3406
3924,000789.SZ,4.2433
3948,000791.SZ,-12.9168
3949,000791.SZ,-2.9197
3985,000795.SZ,30.0
3986,000795.SZ,35.9375
4022,000798.SZ,-60.7143
4023,000798.SZ,-79.4071
4047,000800.SZ,-74.08
4048,000800.SZ,-297.3494
4114,000807.SZ,133.9286
4115,000807.SZ,175.0
4139,000810.SZ,90.625
4140,000810.SZ,113.557
4212,000818.SZ,-12.5
4213,000818.SZ,-39.726
4226,000819.SZ,15.847
4227,000819.SZ,15.7534
4263,000822.SZ,-72.7273
4264,000822.SZ,-49.0566
4276,000823.SZ,12.3383
4277,000823.SZ,12.7509
4313,000828.SZ,1.6831
4314,000828.SZ,17.259
4338,000830.SZ,-95.8848
4339,000830.SZ,-43.0769
4364,000833.SZ,-6.1934
4365,000833.SZ,-47.1672
4413,000838.SZ,-4.5499
4414,000838.SZ,29.717
4438,000848.SZ,11.9048
4439,000848.SZ,2.7778
4487,000856.SZ,2.4631
4488,000856.SZ,-61.4509
4512,000859.SZ,-21.4286
4513,000859.SZ,-1.0902
4549,000862.SZ,-45.5511
4550,000862.SZ,-68.9784
4574,000868.SZ,104.0
4575,000868.SZ,148.6486
4599,000875.SZ,40.0
4600,000875.SZ,34375.0
4612,000876.SZ,205.0
4613,000876.SZ,117.6471
4625,000877.SZ,31.7955
4626,000877.SZ,54.2814
4638,000878.SZ,348.861
4639,000878.SZ,20.6381
4651,000880.SZ,100.0
4652,000880.SZ,4.5455
4796,000895.SZ,10.7041
4797,000895.SZ,7.8536
4809,000897.SZ,234.3321
4810,000897.SZ,9.2105
4822,000898.SZ,-77.5414
4823,000898.SZ,-75.3425
4895,000905.SZ,239.5789
4896,000905.SZ,212.8205
4932,000909.SZ,-25.4237
4933,000909.SZ,-26.9663
4988,000915.SZ,58.1818
4989,000915.SZ,8.1967
5031,000919.SZ,-39.8999
5032,000919.SZ,98.0574
5044,000920.SZ,4.7619
5045,000920.SZ,4.4304
5069,000922.SZ,23.7124
5070,000922.SZ,5.9382
5172,000932.SZ,-40.4807
5173,000932.SZ,-42.3717
5269,000949.SZ,14.5717
5270,000949.SZ,14.7989
5294,000951.SZ,34.8148
5295,000951.SZ,11.9266
5417,000965.SZ,90.0
5418,000965.SZ,-108.8235
5466,000969.SZ,175.719
5467,000969.SZ,237.5
5515,000973.SZ,-66.6667
5516,000973.SZ,139.5349
5528,000975.SZ,31.2799
5529,000975.SZ,38.7257
5565,000978.SZ,-31.3901
5566,000978.SZ,-30.4545
5643,000987.SZ,119.4872
5644,000987.SZ,268.9394
5692,000993.SZ,127.0588
5693,000993.SZ,358.1849
5745,000999.SZ,47.9452
5746,000999.SZ,76.3158
5758,001696.SZ,12.7946
5759,001696.SZ,15.4688
5783,001896.SZ,115.1568
5784,001896.SZ,166.1509
5796,001914.SZ,-68.1563
5797,001914.SZ,-83.3481
5905,002007.SZ,-4.7568
5906,002007.SZ,11.998
5955,002011.SZ,105.9322
5956,002011.SZ,1000.0
5968,002012.SZ,100.0
5969,002012.SZ,100.0
5981,002013.SZ,12.5
5982,002013.SZ,14.2857
5994,002014.SZ,20.0
5995,002014.SZ,23.3333
6063,002020.SZ,42.6614
6064,002020.SZ,51.0638
6100,002023.SZ,25.0
6101,002023.SZ,2.8037
6125,002025.SZ,11.9048
6126,002025.SZ,11.2903
6222,002033.SZ,6.1944
6223,002033.SZ,-8.9358
6295,002039.SZ,-21.0911
6296,002039.SZ,-2.3991
6380,002046.SZ,19.0476
6381,002046.SZ,-14.1975
6417,002049.SZ,16.6202
6418,002049.SZ,26.8663
6466,002053.SZ,9.8376
6467,002053.SZ,50.3264
6479,002054.SZ,116.6667
6480,002054.SZ,171.6005
6504,002056.SZ,0.0
6505,002056.SZ,-6.25
6529,002058.SZ,-433.3333
6530,002058.SZ,-637.5
6554,002060.SZ,16.5269
6555,002060.SZ,32.1669
6627,002066.SZ,48.3957
6628,002066.SZ,26.3456
6640,002067.SZ,-43.3333
6641,002067.SZ,-57.5758
6726,002075.SZ,-54.717
6727,002075.SZ,-62.7277
6787,002080.SZ,14.1608
6788,002080.SZ,5.1247
6836,002084.SZ,218.1159
6837,002084.SZ,217.4927
6993,002097.SZ,16.3838
6994,002097.SZ,4.402
7018,002099.SZ,26.3158
7019,002099.SZ,50.0
7103,002106.SZ,25.0
7104,002106.SZ,32.4468
7200,002114.SZ,110.0
7201,002114.SZ,102.3256
7237,002117.SZ,3.8674
7238,002117.SZ,5.1854
7262,002119.SZ,19.0476
7263,002119.SZ,23.5294
7383,002129.SZ,38.7345
7384,002129.SZ,59.292
7444,002134.SZ,120.8333
7445,002134.SZ,160.0
7457,002135.SZ,52.9412
7458,002135.SZ,64.2857
7470,002136.SZ,-29.7575
7471,002136.SZ,-40.8827
7495,002138.SZ,-15.2542
7496,002138.SZ,-15.9091
7508,002139.SZ,50.0
7509,002139.SZ,35.0
7521,002140.SZ,17.8571
7522,002140.SZ,7.5574
7582,002145.SZ,8.1633
7583,002145.SZ,5.2685
7595,002146.SZ,20.6897
7596,002146.SZ,30.2326
7668,002152.SZ,10.7143
7669,002152.SZ,16.6667
7705,002155.SZ,-40.9091
7706,002155.SZ,-43.3937
7718,002156.SZ,-81.8182
7719,002156.SZ,-114.2857
7791,002162.SZ,55.7895
7792,002162.SZ,73.5931
7804,002163.SZ,50.0
7805,002163.SZ,116.6667
7829,002165.SZ,200.0
7830,002165.SZ,175.0
7854,002167.SZ,-2433.3333
7855,002167.SZ,-1750.0
8000,002179.SZ,11.872
8001,002179.SZ,17.8927
8025,002181.SZ,53.8298
8026,002181.SZ,286.6953
8038,002182.SZ,176.2998
8039,002182.SZ,109.0055
8051,002183.SZ,-55.5556
8052,002183.SZ,-83.3333
8088,002186.SZ,-38.8936
8089,002186.SZ,-59.0931
8130,002190.SZ,412.9303
8131,002190.SZ,700.3961
8251,002200.SZ,114.0519
8252,002200.SZ,112.0047
8276,002202.SZ,-37.8112
8277,002202.SZ,-40.0452
8325,002206.SZ,-3.4483
8326,002206.SZ,-12.5
8350,002208.SZ,30.7263
8351,002208.SZ,-49.258
8387,002211.SZ,-891.8288
8388,002211.SZ,-98.5207
8556,002225.SZ,8.0
8557,002225.SZ,15.7895
8629,002231.SZ,136.0634
8630,002231.SZ,108.3333
8654,002233.SZ,0.8093
8655,002233.SZ,-15.6674
8691,002236.SZ,26.4368
8692,002236.SZ,18.5185
8704,002237.SZ,-24.4444
8705,002237.SZ,-21.6216
8717,002238.SZ,-3.125
8718,002238.SZ,6.4728
8766,002242.SZ,8.0808
8767,002242.SZ,9.4595
8779,002243.SZ,55.6081
8780,002243.SZ,69.0188
8804,002245.SZ,-47.8469
8805,002245.SZ,-56.6741
8841,002248.SZ,104.8128
8842,002248.SZ,105.4545
8914,002254.SZ,34.6154
8915,002254.SZ,8.6957
8951,002258.SZ,-46.1476
8952,002258.SZ,-44.02
8981,002261.SZ,100.0
8982,002261.SZ,101.6129
8995,002262.SZ,26.9231
8996,002262.SZ,23.2553
9272,002285.SZ,-80.0
9273,002285.SZ,-83.3333
9357,002292.SZ,107.5
9358,002292.SZ,80.0
9382,002294.SZ,-54.8387
9383,002294.SZ,-51.0791
9408,002296.SZ,141.4286
9409,002296.SZ,141.8478
9446,002299.SZ,171.8508
9447,002299.SZ,236.3174
9459,002300.SZ,71.9577
9460,002300.SZ,62.8244
9484,002302.SZ,116.6667
9485,002302.SZ,174.2501
9497,002303.SZ,34.0491
9498,002303.SZ,3.7855
9602,002312.SZ,139.1688
9603,002312.SZ,38.0909
9639,002315.SZ,166.6667
9640,002315.SZ,148.1481
9676,002318.SZ,63.8889
9677,002318.SZ,76.9231
9701,002320.SZ,4.0452
9702,002320.SZ,-43.75
9750,002324.SZ,66.6667
9751,002324.SZ,128.0497
9860,002333.SZ,132.0092
9861,002333.SZ,157.5873
9909,002337.SZ,100.0
9910,002337.SZ,66.6667
9994,002344.SZ,-21.4286
9995,002344.SZ,-17.3913
10067,002350.SZ,-21.0235
10068,002350.SZ,-30.3983
10092,002352.SZ,28.1553
10093,002352.SZ,44.1176
10105,002353.SZ,121.875
10106,002353.SZ,147.3684
10213,002362.SZ,134.057
10214,002362.SZ,2.6699
10274,002367.SZ,1527.1795
10275,002367.SZ,223.9744
10311,002370.SZ,-1089.7436
10312,002370.SZ,-96.7742
10420,002379.SZ,3667.7419
10421,002379.SZ,3730.0
10613,002395.SZ,36.1736
10614,002395.SZ,44.9679
10626,002396.SZ,5.1676
10627,002396.SZ,19.3333
10651,002398.SZ,61.1111
10652,002398.SZ,50.0
10688,002401.SZ,16.1867
10689,002401.SZ,4.2654
10701,002402.SZ,35.2208
10702,002402.SZ,29.2273
10726,002404.SZ,8.0
10727,002404.SZ,16.6667
10799,002410.SZ,-46.8009
10800,002410.SZ,-46.2333
10908,002419.SZ,-4.99
10909,002419.SZ,-3.1556
11017,002428.SZ,-1000.0
11018,002428.SZ,-214.2857
11030,002429.SZ,154.065
11031,002429.SZ,88.8183
11115,002436.SZ,42.8571
11116,002436.SZ,33.3333
11140,002438.SZ,65.3595
11141,002438.SZ,107.6923
11177,002441.SZ,7.8947
11178,002441.SZ,17.6471
11190,002442.SZ,-85.5335
11191,002442.SZ,-75.5632
11275,002449.SZ,-8.6704
11276,002449.SZ,-18.3871
11312,002452.SZ,158.9247
11313,002452.SZ,400.0
11385,002458.SZ,501.5873
11386,002458.SZ,1013.0435
11398,002459.SZ,69.3333
11399,002459.SZ,-393.9306
11423,002461.SZ,29.4118
11424,002461.SZ,43.3659
11448,002463.SZ,109.862
11449,002463.SZ,120.533
11473,002465.SZ,21.0526
11474,002465.SZ,18.1818
11522,002469.SZ,87.5
11523,002469.SZ,16.5436
11547,002471.SZ,-642.3477
11548,002471.SZ,-123.3122
11703,002484.SZ,-1.2048
11704,002484.SZ,-4.7597
11776,002490.SZ,-312.2519
11777,002490.SZ,-141.7252
11801,002492.SZ,-8.5091
11802,002492.SZ,-18.8474
11826,002494.SZ,1.8307
11827,002494.SZ,1.9169
11863,002497.SZ,-63.1579
11864,002497.SZ,-40.4128
11984,002507.SZ,-8.3333
11985,002507.SZ,0.0
12117,002518.SZ,37.5
12118,002518.SZ,5.2632
12130,002519.SZ,113.5922
12131,002519.SZ,24.2268
12155,002521.SZ,125.0
12156,002521.SZ,72.7273
12300,002534.SZ,51.5152
12301,002534.SZ,42.3077
12349,002538.SZ,-21.4286
12350,002538.SZ,7.6923
12446,002546.SZ,5.2632
12447,002546.SZ,6.4516
12519,002552.SZ,100.0
12520,002552.SZ,125.0
12532,002553.SZ,-53.1841
12533,002553.SZ,-54.4359
12557,002555.SZ,112.766
12558,002555.SZ,29.8246
12582,002557.SZ,39.5785
12583,002557.SZ,32.3283
12631,002561.SZ,-8.9286
12632,002561.SZ,-9.7561
12668,002564.SZ,-44.4444
12669,002564.SZ,-35.0025
12717,002568.SZ,190.0
12718,002568.SZ,120.0
12766,002572.SZ,13.4615
12767,002572.SZ,5.2589
12851,002579.SZ,81.8182
12852,002579.SZ,81.25
13020,002593.SZ,0.0
13021,002593.SZ,0.0
13045,002595.SZ,16.7334
13046,002595.SZ,12.7757
13070,002597.SZ,-10.4938
13071,002597.SZ,-17.9104
13119,002601.SZ,12.1739
13120,002601.SZ,6.1224
13185,002607.SZ,31.8182
13186,002607.SZ,60.0
13606,002642.SZ,102.6156
13607,002642.SZ,401.5625
13679,002648.SZ,34.8315
13680,002648.SZ,47.4576
13800,002658.SZ,-23.3333
13801,002658.SZ,-30.4348
13981,002673.SZ,150.0
13982,002673.SZ,50.0
14178,002690.SZ,21.6
14179,002690.SZ,25.4649
14239,002695.SZ,26.1765
14240,002695.SZ,24.2424
14264,002697.SZ,58.3333
14265,002697.SZ,57.8947
14361,002706.SZ,25.0
14362,002706.SZ,14.2857
14442,002714.SZ,1558.8235
14443,002714.SZ,288.2353
14455,002715.SZ,-63.7097
14456,002715.SZ,-55.6745
14542,002723.SZ,142.2989
14543,002723.SZ,464.8699
14555,002724.SZ,-35.9589
14556,002724.SZ,35.4814
14569,002725.SZ,-27.7778
14570,002725.SZ,50.0
14594,002727.SZ,15.9093
14595,002727.SZ,15.6538
14607,002728.SZ,8.9744
14608,002728.SZ,11.6667
14692,002735.SZ,-37.5
14693,002735.SZ,11.4286
14706,002736.SZ,47.37
14707,002736.SZ,109.52
14779,002742.SZ,12.6267
14780,002742.SZ,3.3058
14816,002746.SZ,148.2759
14817,002746.SZ,195.7447
14925,002756.SZ,-12.037
14926,002756.SZ,8.6957
14962,002759.SZ,-123.8095
14963,002759.SZ,-57.8947
15096,002771.SZ,-25.0
15097,002771.SZ,-55.5556
15133,002774.SZ,-71.4286
15134,002774.SZ,-96.4072
15230,002782.SZ,-73.7845
15231,002782.SZ,2.0022
15363,002795.SZ,-26.8293
15364,002795.SZ,-6.3158
15388,002797.SZ,305.56
15389,002797.SZ,150.0
15401,002798.SZ,47.5248
15402,002798.SZ,55.2585
15414,002799.SZ,131.5789
15415,002799.SZ,172.7273
15427,002800.SZ,237.5
15428,002800.SZ,5148.5294
15440,002801.SZ,68.6747
15441,002801.SZ,52.1739
15465,002803.SZ,40.7407
15466,002803.SZ,-4.322
15502,002807.SZ,22.9533
15503,002807.SZ,25.5302
15539,002810.SZ,113.4966
15540,002810.SZ,116.5644
15564,002812.SZ,47.2222
15565,002812.SZ,69.5652
15625,002818.SZ,9.1837
15626,002818.SZ,6.6667
15638,002819.SZ,12.6101
15639,002819.SZ,14.5205
15663,002821.SZ,28.7234
15664,002821.SZ,39.1304
15712,002825.SZ,-14.2857
15713,002825.SZ,-31.8182
15858,002838.SZ,88.8889
15859,002838.SZ,36.6667
15932,002845.SZ,12.2449
15933,002845.SZ,-16.2791
15957,002847.SZ,80.7018
15958,002847.SZ,63.6364
15994,002850.SZ,189.7436
15995,002850.SZ,233.3333
16031,002853.SZ,24.1758
16032,002853.SZ,21.2121
16080,002858.SZ,-36.6667
16081,002858.SZ,49.4005
16093,002859.SZ,157.1429
16094,002859.SZ,-57.4074
16107,002860.SZ,36.9048
16108,002860.SZ,49.2537
16120,002861.SZ,11.3208
16121,002861.SZ,-4.878
16145,002863.SZ,-11.7647
16146,002863.SZ,-20.0
16170,002865.SZ,-60.0
16171,002865.SZ,-171.875
16291,002876.SZ,81.4815
16292,002876.SZ,4.5455
16328,002879.SZ,16.6667
16329,002879.SZ,10.2041
16341,002880.SZ,9.3912
16342,002880.SZ,1.0
16366,002882.SZ,14.4716
16367,002882.SZ,18.3875
16403,002885.SZ,-34.0909
16404,002885.SZ,-52.0168
16464,002890.SZ,-69.0476
16465,002890.SZ,-82.9268
16477,002891.SZ,39.3939
16478,002891.SZ,8.0
16514,002895.SZ,135.6322
16515,002895.SZ,114.6386
16599,002902.SZ,4.7308
16600,002902.SZ,-54.1045
16612,002903.SZ,-86.9565
16613,002903.SZ,-120.8451
16625,002905.SZ,-32.2034
16626,002905.SZ,-23.5294
16674,002909.SZ,363.6364
16675,002909.SZ,431.25
16723,002913.SZ,-48.4848
16724,002913.SZ,10.8434
16749,002916.SZ,49.0909
16750,002916.SZ,75.9615
16763,002917.SZ,-5.5556
16764,002917.SZ,2.0607
16812,002921.SZ,3.5714
16813,002921.SZ,-14.3987
16825,002922.SZ,34.375
16826,002922.SZ,1.9111
16850,002925.SZ,17.6796
16851,002925.SZ,4.4118
16863,002926.SZ,66.67
16864,002926.SZ,38.71
16876,002927.SZ,-2.2727
16877,002927.SZ,6.7563
16913,002930.SZ,-4.4444
16914,002930.SZ,0.0
16970,002936.SZ,0.0
16971,002936.SZ,-6.1538
17251,002967.SZ,34.6939
17252,002967.SZ,16.6667
17377,003816.SZ,5.2356
17378,003816.SZ,20.9115
17414,300003.SZ,42.4854
17415,300003.SZ,41.8666
17439,300005.SZ,162.5611
17440,300005.SZ,296.1268
17464,300007.SZ,-266.6667
17465,300007.SZ,32.2581
17489,300009.SZ,-53.8462
17490,300009.SZ,8.6957
17514,300011.SZ,107.4017
17515,300011.SZ,9.839
17575,300016.SZ,133.3333
17576,300016.SZ,32.2755
17612,300019.SZ,102.0325
17613,300019.SZ,302.2436
17637,300021.SZ,23.0769
17638,300021.SZ,46.5181
17662,300023.SZ,32.4176
17663,300023.SZ,-938.488
17747,300030.SZ,118.1818
17748,300030.SZ,40.0
17784,300033.SZ,41.5254
17785,300033.SZ,44.0678
17797,300034.SZ,37.2417
17798,300034.SZ,75.4221
17822,300036.SZ,32.4324
17823,300036.SZ,20.8333
18015,300052.SZ,42.8571
18016,300052.SZ,100.0
18076,300057.SZ,-8.7199
18077,300057.SZ,-0.5124
18101,300059.SZ,79.2124
18102,300059.SZ,64.2195
18178,300066.SZ,95.7447
18179,300066.SZ,43.1078
18191,300067.SZ,15.6062
18192,300067.SZ,-9.9656
18276,300074.SZ,25.3623
18277,300074.SZ,214.6341
18492,300092.SZ,540.0
18493,300092.SZ,481.25
18645,300105.SZ,66.8712
18646,300105.SZ,-197.0874
18670,300107.SZ,-50.5502
18671,300107.SZ,-43.1894
18707,300110.SZ,6.8249
18708,300110.SZ,-11.8367
18756,300114.SZ,10.6178
18757,300114.SZ,38.4615
18770,300115.SZ,119.8582
18771,300115.SZ,7.1392
18816,300119.SZ,66.406
18817,300119.SZ,38.8316
18829,300120.SZ,-5.1635
18830,300120.SZ,-13.1237
18842,300121.SZ,-53.4653
18843,300121.SZ,-61.9565
18915,300127.SZ,-4.1667
18916,300127.SZ,-10.5263
18940,300129.SZ,1363.0137
18941,300129.SZ,529.5302
18953,300130.SZ,-1.9231
18954,300130.SZ,106.4516
19098,300142.SZ,-86.4364
19099,300142.SZ,32.0405
19147,300146.SZ,-134.7826
19148,300146.SZ,11.1111
19220,300152.SZ,102.1277
19221,300152.SZ,135.1499
19245,300154.SZ,4.1667
19246,300154.SZ,5.2632
19486,300174.SZ,-35.2192
19487,300174.SZ,-19.6061
19547,300179.SZ,79.2049
19548,300179.SZ,54.6655
19596,300183.SZ,10.4615
19597,300183.SZ,-1.2037
19633,300187.SZ,134.6154
19634,300187.SZ,63.6364
19646,300188.SZ,-5.2632
19647,300188.SZ,-171.6667
19707,300193.SZ,13.1579
19708,300193.SZ,25.0
19720,300194.SZ,183.3333
19721,300194.SZ,0.0
19745,300196.SZ,12.6984
19746,300196.SZ,23.913
19806,300201.SZ,-54.536
19807,300201.SZ,-51.6129
19843,300204.SZ,-78.5714
19844,300204.SZ,-64.0
19916,300210.SZ,200.0
19917,300210.SZ,-230.0
19930,300211.SZ,27.2727
19931,300211.SZ,23.4043
19955,300213.SZ,18.1818
19956,300213.SZ,28.2819
19980,300215.SZ,29.4118
19981,300215.SZ,25.0
20073,300223.SZ,332.3442
20074,300223.SZ,211.6795
20086,300224.SZ,210.0
20087,300224.SZ,42.8571
20123,300227.SZ,0.4565
20124,300227.SZ,-14.6825
20172,300231.SZ,17.0931
20173,300231.SZ,18.3422
20209,300234.SZ,184.0
20210,300234.SZ,3025.0
20222,300235.SZ,171.4286
20223,300235.SZ,88.2919
20283,300240.SZ,125.0
20284,300240.SZ,-36.3636
20308,300242.SZ,100.6794
20309,300242.SZ,-30.4015
20333,300244.SZ,-21.1268
20334,300244.SZ,6.9824
20442,300253.SZ,29.8366
20443,300253.SZ,39.8515
20659,300271.SZ,10.4478
20660,300271.SZ,4.878
20828,300285.SZ,-10.3448
20829,300285.SZ,-9.7561
20841,300286.SZ,20.0
20842,300286.SZ,22.2222
20878,300289.SZ,-83.7137
20879,300289.SZ,-82.106
20963,300296.SZ,-44.4623
20964,300296.SZ,-15.4506
21060,300304.SZ,0.0
21061,300304.SZ,0.5213
21073,300305.SZ,25.6342
21074,300305.SZ,38.7487
21134,300310.SZ,101.81
21135,300310.SZ,104.6875
21183,300314.SZ,120.0
21184,300314.SZ,7.6037
21256,300320.SZ,27.5862
21257,300320.SZ,17.5713
21281,300322.SZ,53.3333
21282,300322.SZ,108.3333
21294,300323.SZ,-500.0
21295,300323.SZ,-227.451
21343,300327.SZ,12.5717
21344,300327.SZ,-1.7915
21380,300330.SZ,127.2727
21381,300330.SZ,106.1825
21513,300341.SZ,0.2414
21514,300341.SZ,10.1768
21526,300342.SZ,43.4783
21527,300342.SZ,8.6957
21563,300345.SZ,116.9231
21564,300345.SZ,174.8895
21672,300354.SZ,58.8235
21673,300354.SZ,69.2308
21710,300357.SZ,28.08
21711,300357.SZ,30.2544
21723,300358.SZ,11.1111
21724,300358.SZ,-64.2857
21770,300363.SZ,34.6154
21771,300363.SZ,19.0476
21867,300371.SZ,34.2218
21868,300371.SZ,31.1688
21913,300375.SZ,-33.3333
21914,300375.SZ,-54.3393
21926,300376.SZ,-25.0
21927,300376.SZ,-29.1667
21999,300382.SZ,-29.1667
22000,300382.SZ,6.6667
22084,300389.SZ,-55.5189
22085,300389.SZ,-29.2609
22157,300395.SZ,15.5198
22158,300395.SZ,18.9455
22182,300397.SZ,150.7042
22183,300397.SZ,174.0196
22195,300398.SZ,-25.3731
22196,300398.SZ,-40.0
22232,300401.SZ,12.5
22233,300401.SZ,36.1702
22257,300403.SZ,0.1853
22258,300403.SZ,-7.6846
22294,300406.SZ,10.0
22295,300406.SZ,7.5
22319,300408.SZ,-34.2105
22320,300408.SZ,-27.7778
22392,300414.SZ,-51.6129
22393,300414.SZ,-11.3316
22417,300416.SZ,18.1818
22418,300416.SZ,13.8889
22656,300436.SZ,-33.3333
22657,300436.SZ,134.6604
22741,300443.SZ,75.5102
22742,300443.SZ,69.2596
22838,300451.SZ,43.3333
22839,300451.SZ,66.6667
22863,300453.SZ,50.0
22864,300453.SZ,37.2302
22924,300458.SZ,13.8889
22925,300458.SZ,4.5455
23045,300468.SZ,42.8571
23046,300468.SZ,4.6355
23178,300479.SZ,85.9621
23179,300479.SZ,84.7328
23191,300480.SZ,31.8182
23192,300480.SZ,29.9353
23204,300481.SZ,35.7143
23205,300481.SZ,32.3529
23217,300482.SZ,23.913
23218,300482.SZ,24.6377
23230,300483.SZ,703.3333
23231,300483.SZ,881.6667
23291,300488.SZ,85.7143
23292,300488.SZ,-7.4074
23388,300496.SZ,29.9299
23389,300496.SZ,43.4678
23402,300497.SZ,56.1644
23403,300497.SZ,3.8462
23499,300505.SZ,6.7579
23500,300505.SZ,23.9749
23680,300520.SZ,104.1667
23681,300520.SZ,110.0
23705,300522.SZ,10.3713
23706,300522.SZ,9.9155
23766,300528.SZ,101.3986
23767,300528.SZ,-135.7143
23779,300529.SZ,42.268
23780,300529.SZ,36.4865
23816,300532.SZ,142.8571
23817,300532.SZ,12.5
23841,300534.SZ,3.9506
23842,300534.SZ,-49.0028
23866,300536.SZ,0.0
23867,300536.SZ,5.1247
24047,300552.SZ,13516.6667
24048,300552.SZ,880.0
24060,300553.SZ,26.4706
24061,300553.SZ,-14.6787
24073,300554.SZ,-73.456
24074,300554.SZ,-80.7284
24134,300559.SZ,64.3467
24135,300559.SZ,99.9657
24183,300563.SZ,21.8182
24184,300563.SZ,11.1403
24262,300570.SZ,10.6061
24263,300570.SZ,37.4867
24311,300575.SZ,-28.481
24312,300575.SZ,-8.9109
24360,300579.SZ,13.9704
24361,300579.SZ,7.9963
24373,300580.SZ,5.6934
24374,300580.SZ,5.7102
24422,300584.SZ,16.8709
24423,300584.SZ,24.3498
24471,300588.SZ,-60.7143
24472,300588.SZ,-890.0452
24554,300595.SZ,41.29
24555,300595.SZ,38.3377
24807,300617.SZ,-13.3333
24808,300617.SZ,-21.7341
24820,300618.SZ,-98.0989
24821,300618.SZ,-105.7471
24845,300620.SZ,-29.1015
24846,300620.SZ,-30.8554
24858,300621.SZ,5.0
24859,300621.SZ,2.7027
24871,300622.SZ,-24.6377
24872,300622.SZ,-32.9245
24992,300632.SZ,21.519
24993,300632.SZ,63.8298
25041,300636.SZ,96.6546
25042,300636.SZ,58.9869
25054,300637.SZ,-26.6667
25055,300637.SZ,-54.023
25091,300640.SZ,-42.9407
25092,300640.SZ,-15.6045
25165,300647.SZ,25.0
25166,300647.SZ,-16.6667
25202,300650.SZ,-9.434
25203,300650.SZ,-7.1429
25239,300653.SZ,25.2336
25240,300653.SZ,23.4568
25264,300655.SZ,-38.1802
25265,300655.SZ,-47.4427
25289,300657.SZ,-14.1593
25290,300657.SZ,-7.109
25302,300658.SZ,68.75
25303,300658.SZ,51.8425
25315,300659.SZ,196.875
25316,300659.SZ,433.3333
25340,300661.SZ,69.2216
25341,300661.SZ,27.1681
25437,300669.SZ,44.4444
25438,300669.SZ,34.1306
25570,300680.SZ,700.0
25571,300680.SZ,199.011
25583,300681.SZ,-250.0
25584,300681.SZ,-193.9799
25596,300682.SZ,340.7178
25597,300682.SZ,2042.0205
25633,300685.SZ,6.8182
25634,300685.SZ,12.4211
25646,300686.SZ,1908.3851
25647,300686.SZ,933.4061
25695,300690.SZ,52.7473
25696,300690.SZ,58.5714
25708,300691.SZ,0.0
25709,300691.SZ,-16.0
25803,300699.SZ,38.3562
25804,300699.SZ,43.3333
25828,300701.SZ,15.2542
25829,300701.SZ,-26.1538
25877,300706.SZ,-50.0
25878,300706.SZ,-47.3684
25902,300708.SZ,-62.5
25903,300708.SZ,115.625
25939,300711.SZ,8.9701
25940,300711.SZ,-222.2222
26000,300717.SZ,8.6957
26001,300717.SZ,5.7143
26049,300721.SZ,-81.5558
26050,300721.SZ,-72.2391
26098,300725.SZ,13.9785
26099,300725.SZ,24.8973
26111,300726.SZ,31.4014
26112,300726.SZ,35.1102
26124,300727.SZ,-23.0769
26125,300727.SZ,-18.1818
26139,300729.SZ,8.9552
26140,300729.SZ,-12.0
26164,300731.SZ,11.1111
26165,300731.SZ,-6.5217
26237,300738.SZ,76.0
26238,300738.SZ,83.3333
26274,300741.SZ,3.6082
26275,300741.SZ,3.8462
27063,600008.SH,16.3561
27064,600008.SH,11.7978
27076,600009.SH,18.6364
27077,600009.SH,26.9939
27101,600011.SH,-14.2857
27102,600011.SH,166.6667
27114,600012.SH,-2.2744
27115,600012.SH,-0.7205
27139,600016.SH,7.0175
27140,600016.SH,7.2165
27152,600017.SH,0.0
27153,600017.SH,-5.5556
27165,600018.SH,-11.7952
27166,600018.SH,32.4263
27202,600021.SH,-67.4953
27203,600021.SH,6.8405
27215,600022.SH,-72.5052
27216,600022.SH,-79.7646
27252,600026.SH,309.9617
27253,600026.SH,315.0298
27265,600027.SH,81.25
27266,600027.SH,36.478
27278,600028.SH,-8.6372
27279,600028.SH,-27.8788
27291,600029.SH,-21.4286
27292,600029.SH,-17.5
27304,600030.SH,31.17
27305,600030.SH,45.0
27329,600033.SH,11.1111
27330,600033.SH,9.4527
27354,600036.SH,15.655
27355,600036.SH,14.6617
27379,600038.SH,15.2709
27380,600038.SH,32.1209
27416,600050.SH,21.9697
27417,600050.SH,21.9298
27429,600051.SH,28.75
27430,600051.SH,-32.0463
27514,600058.SH,102.5734
27515,600058.SH,116.7705
27551,600061.SH,75.0
27552,600061.SH,123.0769
27564,600062.SH,8.9401
27565,600062.SH,8.8381
27577,600063.SH,185.7143
27578,600063.SH,128.5714
27602,600066.SH,-15.8416
27603,600066.SH,11.1111
27615,600067.SH,-43.1373
27616,600067.SH,-15.0
27628,600068.SH,16.5727
27629,600068.SH,13.6719
27665,600071.SH,-80.0
27666,600071.SH,-470.3911
27791,600082.SH,2.2026
27792,600082.SH,1452.9412
27828,600085.SH,-13.0593
27829,600085.SH,0.0
27873,600089.SH,-4.2813
27874,600089.SH,-13.9517
28018,600103.SH,-17.5857
28019,600103.SH,-34.1365
28031,600104.SH,-28.9098
28032,600104.SH,-24.8628
28056,600106.SH,10.5263
28057,600106.SH,5.5556
28093,600109.SH,28.44
28094,600109.SH,23.4
28166,600115.SH,10.5263
28167,600115.SH,-6.4516
28179,600116.SH,-13.6364
28180,600116.SH,-5.5556
28216,600119.SH,109.1324
28217,600119.SH,81.0526
28229,600120.SH,14.1113
28230,600120.SH,8.0
28278,600125.SH,-10.5398
28279,600125.SH,-4.7923
28291,600126.SH,-52.6316
28292,600126.SH,-50.0
28304,600127.SH,125.0
28305,600127.SH,384.9817
28341,600130.SH,0.0
28342,600130.SH,-60.0
28426,600138.SH,-4.9067
28427,600138.SH,-0.3178
28583,600156.SH,-305.2402
28584,600156.SH,-23.4962
28620,600159.SH,9.0909
28621,600159.SH,140.5405
28645,600161.SH,18.3673
28646,600161.SH,18.4211
28754,600171.SH,61.9048
28755,600171.SH,72.3404
28803,600176.SH,-10.3275
28804,600176.SH,-19.0258
28876,600183.SH,40.4255
28877,600183.SH,26.3158
28957,600190.SH,-33.3333
28958,600190.SH,29.2683
29018,600196.SH,21.4953
29019,600196.SH,-2.4096
29062,600200.SH,122.5
29063,600200.SH,-51.875
29075,600201.SH,-7.1429
29076,600201.SH,-70.1493
29089,600202.SH,142.4632
29090,600202.SH,274.1135
29102,600203.SH,5.805
29103,600203.SH,68.5912
29175,600211.SH,45.8333
29176,600211.SH,4.8951
29260,600219.SH,-6.6667
29261,600219.SH,-26.6667
29297,600222.SH,140.9159
29298,600222.SH,503.0612
29310,600223.SH,112.5
29311,600223.SH,38.4615
29359,600228.SH,-166.6667
29360,600228.SH,-166.6667
29432,600234.SH,200.0
29433,600234.SH,540.0
29445,600235.SH,33.3333
29446,600235.SH,-64.8148
29619,600252.SH,22.2222
29620,600252.SH,20.8
29680,600259.SH,117.0455
29681,600259.SH,151.1111
29764,600268.SH,0.0
29765,600268.SH,-366.6667
29809,600272.SH,-35.7143
29810,600272.SH,-45.4545
29846,600276.SH,30.4348
29847,600276.SH,27.2727
29859,600277.SH,17.8571
29860,600277.SH,12.0
29872,600278.SH,-24.1379
29873,600278.SH,-10.0
29921,600282.SH,-35.1399
29922,600282.SH,-30.9582
29946,600284.SH,-9.8543
29947,600284.SH,16.1625
30038,600292.SH,-12.5
30039,600292.SH,-7.1429
30087,600298.SH,5.2333
30088,600298.SH,-1.2225
30100,600299.SH,5.7143
30101,600299.SH,15.3846
30125,600301.SH,-86.9565
30126,600301.SH,-84.1757
30208,600309.SH,-34.879
30209,600309.SH,-41.6667
30257,600313.SH,-42.6621
30258,600313.SH,-461.1111
30270,600315.SH,2.4691
30271,600315.SH,19.1176
30283,600316.SH,-42.0551
30284,600316.SH,-6.101
30296,600317.SH,1.0996
30297,600317.SH,48.7917
30332,600320.SH,25.0
30333,600320.SH,24.3243
30345,600321.SH,-39.4191
30346,600321.SH,-45.4545
30406,600327.SH,-24.3243
30407,600327.SH,1.1029
30455,600331.SH,103.1635
30456,600331.SH,348.1481
30468,600332.SH,-7.3251
30469,600332.SH,-8.1324
30661,600354.SH,21.8826
30662,600354.SH,11.4991
30686,600356.SH,36.3636
30687,600356.SH,44.4444
30747,600362.SH,0.0
30748,600362.SH,1.6949
30808,600368.SH,105.2632
30809,600368.SH,191.3727
30833,600370.SH,2.3774
30834,600370.SH,1.7094
30858,600372.SH,15.2023
30859,600372.SH,7.6048
30931,600379.SH,0.0
30932,600379.SH,-25.2595
30944,600380.SH,7.6762
30945,600380.SH,-1.9761
31005,600386.SH,-15.3846
31006,600386.SH,12.5
31102,600395.SH,15.4116
31103,600395.SH,23.2346
31115,600396.SH,114.2857
31116,600396.SH,109.2563
31266,600416.SH,17.3267
31267,600416.SH,-111.1111
31279,600418.SH,114.2857
31280,600418.SH,100.0
31304,600420.SH,-3.3741
31305,600420.SH,4.075
31328,600422.SH,-11.25
31329,600422.SH,36.7324
31351,600425.SH,-38.4615
31352,600425.SH,-48.7805
31364,600426.SH,-19.0987
31365,600426.SH,-24.8082
31406,600433.SH,44.4444
31407,600433.SH,5.7971
31467,600444.SH,2.8855
31468,600444.SH,-21.7391
31504,600449.SH,78.8889
31505,600449.SH,73.9726
31529,600455.SH,452.071
31530,600455.SH,163.3243
31542,600456.SH,70.1128
31543,600456.SH,75.6889
31555,600458.SH,113.2075
31556,600458.SH,-81.8182
31663,600469.SH,1133.3333
31664,600469.SH,11566.6667
31712,600477.SH,-17.7358
31713,600477.SH,-29.6482
31737,600479.SH,15.2409
31738,600479.SH,16.0218
31762,600481.SH,-18.7863
31763,600481.SH,-15.7328
31833,600488.SH,0.0
31834,600488.SH,5.0505
31894,600495.SH,66.6667
31895,600495.SH,33.3333
31919,600497.SH,24.7751
31920,600497.SH,-1.5216
32028,600507.SH,-43.2692
32029,600507.SH,-46.988
32041,600508.SH,-14.1304
32042,600508.SH,-12.381
32078,600511.SH,14.9457
32079,600511.SH,13.088
32211,600523.SH,13.7931
32212,600523.SH,-29.1667
32236,600526.SH,122.0779
32237,600526.SH,133.3333
32261,600528.SH,8.9552
32262,600528.SH,16.3265
32454,600548.SH,-27.3304
32455,600548.SH,41.4634
32539,600557.SH,22.8571
32540,600557.SH,21.1538
32600,600562.SH,16.6667
32601,600562.SH,-20.0
32613,600563.SH,0.995
32614,600563.SH,-6.3232
32638,600566.SH,-4.3269
32639,600566.SH,-0.682
32759,600577.SH,4.5455
32760,600577.SH,-16.6667
32832,600583.SH,-50.0
32833,600583.SH,-366.6667
32857,600585.SH,12.611
32858,600585.SH,14.8338
32894,600588.SH,92.0
32895,600588.SH,200.0
33003,600598.SH,-13.1148
33004,600598.SH,-0.1825
33028,600600.SH,30.1994
33029,600600.SH,23.166
33065,600603.SH,50.0
33066,600603.SH,9.5238
33078,600604.SH,-15.3846
33079,600604.SH,-63.0719
33091,600605.SH,2.6144
33092,600605.SH,-74.3094
33142,600611.SH,13.5135
33143,600611.SH,19.8936
33239,600619.SH,-8.3333
33240,600619.SH,-4.3478
33252,600620.SH,0.0
33253,600620.SH,36.2401
33265,600621.SH,200.0
33266,600621.SH,100.0
33382,600635.SH,12.5
33383,600635.SH,-2.4691
33479,600643.SH,12.5
33480,600643.SH,23.5294
33492,600644.SH,10.3196
33493,600644.SH,20.5998
33541,600649.SH,-41.4634
33542,600649.SH,-45.7143
33554,600650.SH,0.2066
33555,600650.SH,0.2611
33612,600655.SH,-3.6131
33613,600655.SH,-2.7439
33626,600657.SH,-22.1154
33627,600657.SH,-46.3415
33694,600663.SH,9.7532
33695,600663.SH,-3.2692
33802,600673.SH,5.5556
33803,600673.SH,-17.5926
33918,600683.SH,-79.1667
33919,600683.SH,-130.2752
33931,600684.SH,-10.3448
33932,600684.SH,-85.7143
33944,600685.SH,129.3352
33945,600685.SH,88.8523
33981,600688.SH,-57.9918
33982,600688.SH,-66.5893
34042,600693.SH,28.3168
34043,600693.SH,511.9369
34067,600695.SH,-44.4444
34068,600695.SH,500.0
34269,600713.SH,28.0769
34270,600713.SH,43.6548
34318,600717.SH,3.125
34319,600717.SH,-2.5641
34343,600719.SH,300.0
34344,600719.SH,32.1429
34356,600720.SH,88.4766
34357,600720.SH,88.9844
34381,600722.SH,-46.5035
34382,600722.SH,-36.9338
34406,600724.SH,-34.7969
34407,600724.SH,27.1955
34443,600727.SH,74.0741
34444,600727.SH,70.8333
34456,600728.SH,156.9419
34457,600728.SH,419.943
34493,600731.SH,86.6667
34494,600731.SH,580.7453
34506,600732.SH,60.8696
34507,600732.SH,222.3822
34591,600739.SH,58.0
34592,600739.SH,49.9891
34604,600740.SH,-74.0566
34605,600740.SH,-43.9004
34617,600741.SH,-19.4815
34618,600741.SH,-22.5854
34654,600744.SH,-66.6667
34655,600744.SH,-4900.0
34703,600748.SH,16.6667
34704,600748.SH,43.75
34728,600750.SH,-2.2222
34729,600750.SH,8.9552
34753,600753.SH,-6.25
34754,600753.SH,134.7826
34766,600754.SH,0.9292
34767,600754.SH,0.1538
34851,600761.SH,11.3924
34852,600761.SH,3.1746
34924,600768.SH,460.8696
34925,600768.SH,1666.6667
34997,600775.SH,-402.7211
34998,600775.SH,-67.4944
35011,600776.SH,3.9604
35012,600776.SH,-29.5082
35024,600777.SH,79.5017
35025,600777.SH,50.0
35061,600780.SH,24.9744
35062,600780.SH,43.3473
35122,600785.SH,32.7869
35123,600785.SH,3.8039
35135,600787.SH,-40.9091
35136,600787.SH,261.194
35184,600792.SH,26.3158
35185,600792.SH,133.3333
35209,600794.SH,333.3333
35210,600794.SH,518.75
35222,600795.SH,19.1781
35223,600795.SH,3.4014
35259,600798.SH,-29.6467
35260,600798.SH,5.6022
35308,600803.SH,-10.8108
35309,600803.SH,0.0
35333,600805.SH,44.4444
35334,600805.SH,-37.7143
35363,600808.SH,-81.0184
35364,600808.SH,-73.7655
35388,600810.SH,-50.3401
35389,600810.SH,-47.6563
35413,600812.SH,2.1739
35414,600812.SH,19.1489
35434,600814.SH,57.1429
35435,600814.SH,11.1111
35468,600817.SH,-62.9032
35469,600817.SH,114.8936
35493,600819.SH,120.0
35494,600819.SH,50.0
35542,600823.SH,1.5625
35543,600823.SH,5.1282
35603,600828.SH,4.5579
35604,600828.SH,13.4793
35616,600829.SH,3.6654
35617,600829.SH,3.6452
35653,600833.SH,14.2857
35654,600833.SH,30.7869
35678,600835.SH,-14.5161
35679,600835.SH,-16.8317
35703,600837.SH,84.44
35704,600837.SH,106.45
35740,600841.SH,-12.3377
35741,600841.SH,-20.3008
35861,600854.SH,-33.9695
35862,600854.SH,-58.3459
35898,600857.SH,12.5
35899,600857.SH,34.7826
35911,600858.SH,14.1573
35912,600858.SH,33.1412
35936,600860.SH,-40.9091
35937,600860.SH,-50.0
35961,600862.SH,81.8182
35962,600862.SH,41.1765
36010,600866.SH,185.7143
36011,600866.SH,233.3333
36023,600867.SH,-2.439
36024,600867.SH,3.0303
36036,600868.SH,160.0
36037,600868.SH,189.6907
36071,600871.SH,500.0
36072,600871.SH,58.3333
36084,600872.SH,18.1902
36085,600872.SH,12.3339
36109,600874.SH,2.8571
36110,600874.SH,-6.8966
36122,600875.SH,10.8108
36123,600875.SH,13.3333
36161,600879.SH,0.5952
36162,600879.SH,2.381
36174,600880.SH,107.7922
36175,600880.SH,150.0
36271,600888.SH,-30.2849
36272,600888.SH,-19.2265
36284,600889.SH,-1900.0
36285,600889.SH,72.6087
36366,600896.SH,-253.8462
36367,600896.SH,-525.0
36438,600908.SH,15.2542
36439,600908.SH,10.6383
36451,600909.SH,106.67
36452,600909.SH,140.0
36476,600919.SH,13.4615
36477,600919.SH,15.7303
36511,600929.SH,-0.9895
36512,600929.SH,4.7706
36560,600958.SH,94.44
36561,600958.SH,92.31
36609,600962.SH,-32.5123
36610,600962.SH,11.5538
36622,600963.SH,-11.5385
36623,600963.SH,-65.9836
36694,600970.SH,17.9487
36695,600970.SH,13.7931
36719,600973.SH,35.4167
36720,600973.SH,43.617
36732,600975.SH,300.0
36733,600975.SH,14.2857
36793,600980.SH,33.8724
36794,600980.SH,0.5435
36818,600982.SH,-47.5904
36819,600982.SH,-36.1635
36855,600985.SH,-0.5917
36856,600985.SH,11.9658
36880,600987.SH,11.4754
36881,600987.SH,2.2222
36905,600989.SH,-3.5714
36906,600989.SH,13.8889
36978,600997.SH,-16.2791
36979,600997.SH,3.2258
37003,600999.SH,78.93
37004,600999.SH,70.99
37098,601008.SH,133.3333
37099,601008.SH,-38.4615
37123,601010.SH,38.4615
37124,601010.SH,18.1818
37160,601015.SH,-90.0
37161,601015.SH,-93.75
37173,601016.SH,13.7097
37174,601016.SH,-8.9286
37186,601018.SH,18.1818
37187,601018.SH,21.8579
37271,601066.SH,76.32
37272,601066.SH,66.67
37284,601068.SH,-125.0
37285,601068.SH,-104.2857
37297,601069.SH,322.2222
37298,601069.SH,226.0536
37310,601077.SH,4.3956
37311,601077.SH,17.8082
37335,601088.SH,-1.4059
37336,601088.SH,5.1297
37408,601107.SH,27.4757
37409,601107.SH,22.4606
37433,601111.SH,-11.3208
37434,601111.SH,-3.9216
37494,601126.SH,-11.1111
37495,601126.SH,-16.4414
37543,601138.SH,4.4444
37544,601138.SH,-1.8868
37568,601155.SH,19.8294
37569,601155.SH,19.2857
37581,601158.SH,16.6667
37582,601158.SH,3.4483
37629,601168.SH,148.8372
37630,601168.SH,17.2414
37678,601186.SH,11.1111
37679,601186.SH,15.5556
37727,601200.SH,6.654
37728,601200.SH,-11.5223
37752,601211.SH,28.57
37753,601211.SH,18.97
37837,601228.SH,16.6667
37838,601228.SH,2.5862
37862,601231.SH,7.4074
37863,601231.SH,11.1111
37896,601238.SH,-39.2523
37897,601238.SH,-36.0825
37921,601268.SH,-24.8631
37922,601268.SH,-16.7266
37934,601288.SH,0.0
37935,601288.SH,0.0
37970,601318.SH,39.701
37971,601318.SH,63.8202
37995,601326.SH,13.3333
37996,601326.SH,-11.7647
38008,601328.SH,4.1667
38009,601328.SH,4.0541
38021,601330.SH,9.0909
38022,601330.SH,12.0
38034,601333.SH,0.0
38035,601333.SH,-9.5588
38047,601336.SH,83.8583
38048,601336.SH,68.8259
38108,601369.SH,69.551
38109,601369.SH,26.087
38157,601390.SH,32.312
38158,601390.SH,-38.7
38170,601398.SH,4.878
38171,601398.SH,5.9701
38213,601518.SH,-26.3158
38214,601518.SH,-37.5
38286,601577.SH,4.2254
38287,601577.SH,0.0
38359,601600.SH,-11.9048
38360,601600.SH,-53.6585
38372,601601.SH,53.7688
38373,601601.SH,80.7143
38396,601607.SH,5.1095
38397,601607.SH,0.1927
38409,601608.SH,50.0
38410,601608.SH,39.2638
38469,601618.SH,3.8462
38470,601618.SH,5.5556
38482,601619.SH,7.1429
38483,601619.SH,-4.9334
38495,601628.SH,425.641
38496,601628.SH,194.2029
38520,601636.SH,12.7521
38521,601636.SH,-1.8873
38533,601658.SH,16.129
38534,601658.SH,16.3636
38606,601688.SH,57.58
38607,601688.SH,22.95
38673,601717.SH,25.0
38674,601717.SH,52.5
38710,601766.SH,5.1282
38711,601766.SH,11.5385
38735,601788.SH,449.68
38736,601788.SH,92.66
38784,601800.SH,0.8696
38785,601800.SH,2.7027
38809,601808.SH,3443.2432
38810,601808.SH,833.3333
38822,601811.SH,21.0526
38823,601811.SH,24.4898
38839,601818.SH,11.4754
38840,601818.SH,14.0
38876,601857.SH,-13.7931
38877,601857.SH,-23.3083
38901,601860.SH,2.6316
38902,601860.SH,3.3333
38923,601866.SH,8.1788
38924,601866.SH,61.6836
38972,601878.SH,31.82
38973,601878.SH,23.53
38985,601880.SH,50.0
38986,601880.SH,33.3333
38998,601881.SH,85.71
38999,601881.SH,111.11
39011,601882.SH,-21.0526
39012,601882.SH,-37.0701
39024,601886.SH,-41.5094
39025,601886.SH,5.2632
39061,601898.SH,68.0
39062,601898.SH,38.7097
39074,601899.SH,0.0
39075,601899.SH,-10.274
39123,601916.SH,4.918
39124,601916.SH,5.7692
39148,601919.SH,366.6667
39149,601919.SH,125.0
39197,601939.SH,5.0
39198,601939.SH,4.6512
39234,601958.SH,50.0
39235,601958.SH,97.1429
39259,601966.SH,43.8776
39260,601966.SH,37.8378
39284,601969.SH,121.875
39285,601969.SH,128.5714
39297,601975.SH,143.6541
39298,601975.SH,141.4579
39322,601988.SH,3.3898
39323,601988.SH,4.0
39359,601991.SH,-64.624
39360,601991.SH,-41.5238
39372,601992.SH,12.9032
39373,601992.SH,20.6897
39385,601996.SH,7.1429
39386,601996.SH,0.0
39410,601998.SH,7.9545
39411,601998.SH,12.5
39483,603005.SH,51.6129
39484,603005.SH,69.2308
39580,603013.SH,8.6957
39581,603013.SH,16.3265
39605,603016.SH,-2.439
39606,603016.SH,-3.125
39630,603018.SH,34.8837
39631,603018.SH,-16.8831
39643,603019.SH,37.5
39644,603019.SH,47.3684
39680,603022.SH,-6.25
39681,603022.SH,-18.75
39705,603025.SH,-30.0
39706,603025.SH,-34.2857
39718,603026.SH,50.495
39719,603026.SH,77.381
39863,603039.SH,21.7949
39864,603039.SH,-18.3333
39888,603041.SH,75.6098
39889,603041.SH,80.6452
40003,603060.SH,3.6782
40004,603060.SH,-20.3017
40099,603078.SH,-13.6612
40100,603078.SH,11.7321
40208,603090.SH,-6.0606
40209,603090.SH,4.0
40296,603103.SH,-3.9216
40297,603103.SH,-19.6078
40363,603111.SH,120.1863
40364,603111.SH,140.0
40454,603126.SH,-5.174
40455,603126.SH,-26.9103
40467,603127.SH,65.6716
40468,603127.SH,-6.0
40480,603128.SH,9.375
40481,603128.SH,0.0
40625,603161.SH,-22.5
40626,603161.SH,-1.7857
40638,603165.SH,19.6581
40639,603165.SH,34.6154
40651,603166.SH,26.3158
40652,603166.SH,15.3846
40724,603179.SH,-41.6058
40725,603179.SH,-43.5644
40737,603180.SH,16.5605
40738,603180.SH,11.7978
40750,603181.SH,31.4286
40751,603181.SH,34.6939
40787,603186.SH,27.2727
40788,603186.SH,41.0714
40944,603214.SH,20.8791
40945,603214.SH,20.8333
41018,603225.SH,-6.6116
41019,603225.SH,-24.3902
41055,603228.SH,0.0
41056,603228.SH,-30.5195
41068,603229.SH,29.6296
41069,603229.SH,55.0
41125,603239.SH,-20.0
41126,603239.SH,-45.2381
41159,603259.SH,-28.3019
41160,603259.SH,-22.3022
41243,603278.SH,-25.3521
41244,603278.SH,-41.4634
41292,603288.SH,22.2222
41293,603288.SH,22.4138
41384,603303.SH,26.8283
41385,603303.SH,16.3036
41397,603305.SH,-28.7671
41398,603305.SH,-40.3509
41434,603309.SH,84.8485
41435,603309.SH,147.619
41505,603318.SH,-3100.0
41506,603318.SH,-633.3333
41518,603319.SH,-3.2258
41519,603319.SH,5.7143
41579,603326.SH,53.3333
41580,603326.SH,45.6081
41639,603331.SH,7.2727
41640,603331.SH,8.8889
41674,603335.SH,-33.3333
41675,603335.SH,-40.0
41687,603336.SH,25.0
41688,603336.SH,16.6667
41700,603337.SH,-33.3333
41701,603337.SH,-32.1429
41737,603345.SH,33.6
41738,603345.SH,17.5824
41750,603348.SH,-48.3871
41751,603348.SH,-61.1111
41838,603360.SH,110.2564
41839,603360.SH,115.5172
41851,603363.SH,775.0
41852,603363.SH,0.0
41865,603365.SH,11.215
41866,603365.SH,17.6471
41971,603383.SH,5.9406
41972,603383.SH,1.7899
41984,603385.SH,36.9231
41985,603385.SH,13.2288
41997,603386.SH,-50.0
41998,603386.SH,-67.7419
42010,603387.SH,36.4583
42011,603387.SH,10.0
42064,603393.SH,26.8456
42065,603393.SH,53.8462
42137,603429.SH,68.0851
42138,603429.SH,31.0062
42159,603444.SH,11.4625
42160,603444.SH,31.7348
42172,603456.SH,50.0
42173,603456.SH,41.6667
42209,603477.SH,-36.0
42210,603477.SH,-25.0
42253,603496.SH,-55.1183
42254,603496.SH,-40.2726
42278,603500.SH,6.383
42279,603500.SH,42.3077
42291,603501.SH,162.069
42292,603501.SH,-41.3793
42328,603507.SH,-37.5
42329,603507.SH,-97.9424
42341,603508.SH,252.1368
42342,603508.SH,363.0952
42366,603516.SH,31.8182
42367,603516.SH,37.037
42415,603520.SH,80.3571
42416,603520.SH,17.1429
42440,603528.SH,13.413
42441,603528.SH,1.1561
42461,603533.SH,14.2857
42462,603533.SH,-6.8966
42474,603535.SH,-6.5934
42475,603535.SH,5.8824
42554,603558.SH,36.0
42555,603558.SH,33.3333
42627,603577.SH,78.0595
42628,603577.SH,73.41
42640,603578.SH,2.9412
42641,603578.SH,-7.0175
42653,603579.SH,19.6629
42654,603579.SH,14.5038
42666,603580.SH,-0.6934
42667,603580.SH,-14.5181
42714,603587.SH,0.6452
42715,603587.SH,-4.0
42761,603595.SH,-225.8621
42762,603595.SH,-262.2642
42774,603596.SH,63.3333
42775,603596.SH,29.3103
42859,603605.SH,36.1111
42860,603605.SH,31.8681
42872,603606.SH,165.3846
42873,603606.SH,155.5556
42909,603609.SH,103.0303
42910,603609.SH,63.2653
42954,603613.SH,48.3146
42955,603613.SH,50.0
42967,603615.SH,3.5714
42968,603615.SH,3.0417
42992,603617.SH,8.1633
42993,603617.SH,0.0
43087,603636.SH,14.2857
43088,603636.SH,-34.0
43100,603637.SH,0.0
43101,603637.SH,6.4516
43209,603659.SH,9.4891
43210,603659.SH,6.0606
43253,603663.SH,12.8205
43254,603663.SH,0.0
43302,603668.SH,-30.7692
43303,603668.SH,-8.3333
43339,603677.SH,-2.439
43340,603677.SH,7.4074
43352,603678.SH,13.5135
43353,603678.SH,14.2857
43546,603700.SH,18.8034
43547,603700.SH,0.0
43642,603712.SH,50.0
43643,603712.SH,50.0
43655,603713.SH,26.7271
43656,603713.SH,14.4578
43759,603727.SH,400.0
43760,603727.SH,192.3077
43808,603733.SH,46.9388
43809,603733.SH,2.3256
43821,603737.SH,-6700.0
43822,603737.SH,83.1933
44059,603799.SH,-92.2535
44060,603799.SH,-94.9153
44108,603806.SH,27.0833
44109,603806.SH,71.2121
44167,603813.SH,23.8095
44168,603813.SH,19.1489
44199,603817.SH,11.5385
44200,603817.SH,19.3696
44236,603822.SH,13.7282
44237,603822.SH,12.016
44273,603826.SH,-18.5406
44274,603826.SH,-17.5721
44334,603839.SH,8.5714
44335,603839.SH,12.9032
44383,603856.SH,31.6667
44384,603856.SH,14.2857
44420,603860.SH,15.2778
44421,603860.SH,4.5455
44455,603866.SH,6.4334
44456,603866.SH,8.6987
44536,603878.SH,57.1429
44537,603878.SH,22.5352
44573,603881.SH,-23.5294
44574,603881.SH,-4.3478
44610,603885.SH,-21.7391
44611,603885.SH,-15.0
44635,603887.SH,216.0
44636,603887.SH,153.0612
44660,603889.SH,-28.2051
44661,603889.SH,-15.1515
44704,603896.SH,15.7895
44705,603896.SH,-4.7619
44741,603899.SH,31.3911
44742,603899.SH,28.3652
44881,603919.SH,0.0
44882,603919.SH,-2.2727
44954,603929.SH,-38.1579
44955,603929.SH,-37.8788
44967,603933.SH,-73.4622
44968,603933.SH,-65.2727
45004,603938.SH,-4.0
45005,603938.SH,0.0
45017,603939.SH,26.1364
45018,603939.SH,30.1998
45050,603955.SH,4.4679
45051,603955.SH,15.3168
45215,603979.SH,6.0
45216,603979.SH,5.2632
45271,603986.SH,40.2778
45272,603986.SH,16.7939
45284,603987.SH,18.1818
45285,603987.SH,3.8462
45309,603989.SH,12.987
45310,603989.SH,-3.4483
45355,603993.SH,-57.1429
45356,603993.SH,-69.7917
45387,603997.SH,81.25
45388,603997.SH,-18.9189
45791,688122.SH,12.0624
45792,688122.SH,8.0
46126,688388.SH,63.7255
46127,688388.SH,136.0656
