000001.SZ,17.6
000002.SZ,33.6
000004.SZ,49.0
000005.SZ,4.12
000006.SZ,5.94
000007.SZ,11.69
000008.SZ,4.25
000009.SZ,9.2
000010.SZ,4.43
000011.SZ,11.22
000012.SZ,6.67
000014.SZ,11.48
000016.SZ,13.61
000017.SZ,6.49
000018.SZ,2.18
000019.SZ,11.73
000020.SZ,13.27
000021.SZ,26.19
000023.SZ,20.97
000025.SZ,32.8
000026.SZ,13.93
000027.SZ,6.37
000028.SZ,56.0
000030.SZ,7.38
000031.SZ,8.05
000032.SZ,21.32
000034.SZ,33.15
000035.SZ,6.94
000036.SZ,7.78
000037.SZ,15.11
000038.SZ,17.3
000039.SZ,13.57
000040.SZ,7.73
000042.SZ,11.27
000043.SZ,22.88
000045.SZ,9.05
000046.SZ,6.85
000048.SZ,28.99
000049.SZ,52.13
000050.SZ,18.95
000055.SZ,5.78
000056.SZ,6.85
000058.SZ,12.08
000059.SZ,7.05
000060.SZ,5.08
000061.SZ,10.09
000062.SZ,21.45
000063.SZ,56.7
000065.SZ,10.5
000066.SZ,17.6
000068.SZ,5.8
000069.SZ,7.93
000070.SZ,16.69
000078.SZ,7.76
000088.SZ,6.98
000089.SZ,11.89
000090.SZ,7.15
000096.SZ,12.07
000099.SZ,8.36
000100.SZ,7.37
000150.SZ,10.7
000151.SZ,12.85
000153.SZ,9.09
000155.SZ,5.35
000156.SZ,13.76
000157.SZ,7.14
000158.SZ,14.59
000159.SZ,10.64
000166.SZ,5.27
000301.SZ,5.95
000333.SZ,61.0
000338.SZ,16.69
000400.SZ,16.35
000401.SZ,22.1
000402.SZ,8.27
000403.SZ,61.8
000404.SZ,4.57
000407.SZ,4.31
000408.SZ,10.65
000409.SZ,6.53
000410.SZ,7.86
000411.SZ,14.69
000413.SZ,6.13
000415.SZ,4.27
000416.SZ,6.64
000417.SZ,5.64
000418.SZ,57.39
000419.SZ,4.96
000420.SZ,3.76
000421.SZ,5.07
000422.SZ,3.83
000423.SZ,43.3
000425.SZ,6.75
000426.SZ,6.62
000428.SZ,4.1
000429.SZ,8.97
000430.SZ,6.27
000488.SZ,5.84
000498.SZ,6.51
000501.SZ,13.95
000502.SZ,11.13
000503.SZ,21.56
000504.SZ,14.05
000505.SZ,10.32
000506.SZ,4.55
000507.SZ,6.86
000509.SZ,3.34
000510.SZ,5.48
000513.SZ,44.91
000514.SZ,5.57
000516.SZ,5.88
000517.SZ,3.44
000518.SZ,8.83
000519.SZ,10.78
000520.SZ,4.72
000521.SZ,4.1
000523.SZ,8.29
000524.SZ,8.74
000525.SZ,14.85
000526.SZ,50.7
000528.SZ,7.32
000529.SZ,7.98
000530.SZ,4.88
000531.SZ,8.5
000532.SZ,14.99
000533.SZ,3.78
000534.SZ,12.9
000536.SZ,4.04
000537.SZ,8.3
000538.SZ,95.75
000539.SZ,4.48
000540.SZ,4.49
000541.SZ,7.19
000543.SZ,5.11
000544.SZ,9.16
000545.SZ,4.38
000546.SZ,11.92
000547.SZ,16.79
000548.SZ,4.83
000550.SZ,28.5
000551.SZ,13.89
000552.SZ,2.98
000553.SZ,12.38
000554.SZ,6.32
000555.SZ,19.99
000557.SZ,4.81
000558.SZ,4.18
000559.SZ,6.75
000560.SZ,6.1
000561.SZ,8.87
000563.SZ,4.88
000564.SZ,4.55
000565.SZ,6.59
000566.SZ,10.29
000567.SZ,13.25
000568.SZ,98.48
000570.SZ,5.89
000571.SZ,2.96
000572.SZ,2.59
000573.SZ,3.62
000576.SZ,10.37
000581.SZ,21.47
000582.SZ,10.11
000584.SZ,8.18
000585.SZ,2.63
000586.SZ,17.66
000587.SZ,3.0
000589.SZ,6.34
000590.SZ,14.34
000591.SZ,4.05
000592.SZ,4.14
000593.SZ,7.69
000595.SZ,5.29
000596.SZ,158.54
000597.SZ,14.09
000598.SZ,5.03
000599.SZ,6.06
000600.SZ,7.8
000601.SZ,8.38
000603.SZ,18.3
000605.SZ,8.95
000606.SZ,7.51
000607.SZ,6.46
000608.SZ,6.58
000609.SZ,8.38
000610.SZ,12.2
000611.SZ,4.27
000612.SZ,6.7
000613.SZ,7.9
000615.SZ,5.99
000616.SZ,3.65
000617.SZ,13.94
000619.SZ,6.05
000620.SZ,5.6
000622.SZ,6.56
000623.SZ,17.86
000625.SZ,12.04
000626.SZ,10.25
000627.SZ,7.95
000628.SZ,11.18
000629.SZ,3.84
000630.SZ,2.56
000631.SZ,3.4
000632.SZ,6.86
000633.SZ,5.98
000635.SZ,9.53
000636.SZ,27.89
000637.SZ,6.06
000638.SZ,6.42
000639.SZ,9.65
000650.SZ,10.35
000651.SZ,70.56
000652.SZ,14.68
000655.SZ,7.49
000656.SZ,8.47
000657.SZ,8.58
000659.SZ,3.85
000661.SZ,680.7
000662.SZ,6.65
000663.SZ,8.34
000665.SZ,9.0
000666.SZ,14.21
000667.SZ,2.94
000668.SZ,17.96
000669.SZ,5.4
000670.SZ,3.36
000671.SZ,8.86
000672.SZ,28.4
000673.SZ,6.67
000676.SZ,12.41
000677.SZ,4.83
000678.SZ,9.27
000679.SZ,4.74
000680.SZ,4.65
000681.SZ,24.65
000682.SZ,6.45
000683.SZ,3.12
000685.SZ,9.2
000686.SZ,10.68
000687.SZ,9.33
000688.SZ,19.8
000690.SZ,7.23
000691.SZ,5.07
000692.SZ,3.43
000693.SZ,2.98
000695.SZ,11.1
000697.SZ,14.35
000698.SZ,5.45
000700.SZ,16.5
000701.SZ,7.0
000702.SZ,8.54
000703.SZ,14.99
000705.SZ,8.36
000707.SZ,3.53
000708.SZ,30.0
000709.SZ,3.15
000710.SZ,59.3
000711.SZ,6.88
000712.SZ,15.9
000713.SZ,17.4
000715.SZ,11.52
000716.SZ,6.45
000717.SZ,5.17
000718.SZ,4.05
000719.SZ,8.22
000720.SZ,6.17
000721.SZ,6.02
000722.SZ,8.0
000723.SZ,17.07
000725.SZ,5.85
000726.SZ,10.66
000727.SZ,2.51
000728.SZ,10.59
000729.SZ,7.98
000731.SZ,6.45
000732.SZ,17.75
000733.SZ,27.42
000735.SZ,11.39
000736.SZ,11.23
000737.SZ,3.5
000738.SZ,15.9
000739.SZ,20.28
000750.SZ,5.63
000751.SZ,3.99
000752.SZ,6.29
000753.SZ,3.76
000755.SZ,5.25
000756.SZ,13.3
000757.SZ,5.59
000758.SZ,6.67
000759.SZ,8.39
000760.SZ,2.84
000761.SZ,4.56
000762.SZ,8.88
000766.SZ,9.1
000767.SZ,3.01
000768.SZ,20.34
000776.SZ,16.16
000777.SZ,14.53
000778.SZ,4.71
000779.SZ,14.38
000780.SZ,3.98
000782.SZ,4.8
000783.SZ,8.29
000785.SZ,12.49
000786.SZ,31.47
000788.SZ,8.53
000789.SZ,15.86
000790.SZ,6.15
000791.SZ,4.9
000792.SZ,10.74
000793.SZ,4.08
000795.SZ,10.3
000796.SZ,10.78
000797.SZ,5.15
000798.SZ,7.23
000799.SZ,45.2
000800.SZ,11.88
000801.SZ,6.56
000802.SZ,12.3
000803.SZ,19.59
000806.SZ,3.44
000807.SZ,5.59
000809.SZ,2.9
000810.SZ,16.65
000811.SZ,9.6
000812.SZ,5.33
000813.SZ,10.14
000815.SZ,16.18
000816.SZ,2.19
000818.SZ,36.9
000819.SZ,11.38
000820.SZ,4.23
000821.SZ,9.27
000822.SZ,5.69
000823.SZ,17.3
000825.SZ,4.46
000826.SZ,13.5
000828.SZ,9.6
000829.SZ,7.12
000830.SZ,13.62
000831.SZ,19.47
000833.SZ,6.41
000835.SZ,6.16
000836.SZ,4.8
000837.SZ,5.34
000838.SZ,4.11
000839.SZ,4.66
000848.SZ,9.5
000850.SZ,6.21
000851.SZ,8.48
000852.SZ,9.75
000856.SZ,13.7
000858.SZ,153.53
000859.SZ,6.96
000860.SZ,65.92
000861.SZ,3.57
000862.SZ,9.2
000863.SZ,6.18
000868.SZ,6.59
000869.SZ,33.68
000875.SZ,4.6
000876.SZ,35.55
000877.SZ,13.85
000878.SZ,14.1
000880.SZ,9.5
000881.SZ,10.26
000882.SZ,2.82
000883.SZ,4.5
000885.SZ,13.0
000886.SZ,5.42
000887.SZ,11.34
000888.SZ,7.02
000889.SZ,14.74
000890.SZ,7.79
000892.SZ,7.81
000893.SZ,8.69
000895.SZ,44.1
000897.SZ,2.75
000898.SZ,5.28
000899.SZ,5.54
000900.SZ,5.01
000901.SZ,13.48
000902.SZ,11.8
000903.SZ,6.66
000905.SZ,8.58
000906.SZ,7.12
000908.SZ,6.7
000909.SZ,11.32
000910.SZ,15.29
000911.SZ,8.4
000912.SZ,7.21
000913.SZ,13.1
000915.SZ,32.92
000917.SZ,8.07
000918.SZ,8.39
000919.SZ,9.25
000920.SZ,8.46
000921.SZ,13.87
000922.SZ,11.61
000923.SZ,19.93
000925.SZ,9.72
000926.SZ,7.35
000927.SZ,6.41
000928.SZ,6.29
000929.SZ,8.91
000930.SZ,9.1
000931.SZ,10.97
000932.SZ,7.32
000933.SZ,5.61
000935.SZ,17.74
000936.SZ,12.38
000937.SZ,4.18
000938.SZ,52.2
000948.SZ,14.15
000949.SZ,5.41
000950.SZ,6.97
000951.SZ,26.64
000952.SZ,12.1
000953.SZ,6.86
000955.SZ,14.95
000957.SZ,10.19
000958.SZ,7.39
000959.SZ,3.9
000960.SZ,12.07
000961.SZ,11.04
000962.SZ,9.69
000963.SZ,37.96
000965.SZ,4.71
000966.SZ,5.99
000967.SZ,8.57
000968.SZ,13.15
000969.SZ,9.7
000970.SZ,14.5
000971.SZ,3.6
000972.SZ,3.94
000973.SZ,6.79
000975.SZ,17.66
000976.SZ,6.22
000977.SZ,50.26
000978.SZ,6.24
000980.SZ,5.33
000981.SZ,3.13
000982.SZ,2.34
000983.SZ,6.73
000985.SZ,17.22
000987.SZ,12.95
000988.SZ,25.96
000989.SZ,10.75
000990.SZ,22.42
000993.SZ,9.99
000996.SZ,15.78
000997.SZ,21.98
000998.SZ,21.26
000999.SZ,39.45
001696.SZ,7.53
001872.SZ,19.26
001896.SZ,5.0
001914.SZ,34.0
001965.SZ,8.97
001979.SZ,22.48
002001.SZ,28.98
002002.SZ,6.78
002003.SZ,7.59
002004.SZ,5.72
002005.SZ,2.16
002006.SZ,7.17
002007.SZ,51.98
002008.SZ,45.92
002009.SZ,10.35
002010.SZ,8.5
002011.SZ,5.59
002012.SZ,7.54
002013.SZ,8.9
002014.SZ,10.66
002015.SZ,7.75
002016.SZ,9.46
002017.SZ,20.19
002018.SZ,1.29
002019.SZ,21.94
002020.SZ,14.12
002021.SZ,2.81
002022.SZ,19.17
002023.SZ,21.0
002024.SZ,12.16
002025.SZ,30.3
002026.SZ,6.27
002027.SZ,7.02
002028.SZ,22.48
002029.SZ,6.98
002030.SZ,28.8
002031.SZ,2.48
002032.SZ,81.6
002033.SZ,6.71
002034.SZ,19.21
002035.SZ,14.13
002036.SZ,21.47
002037.SZ,9.17
002038.SZ,24.48
002039.SZ,15.34
002040.SZ,11.86
002041.SZ,15.37
002042.SZ,7.88
002043.SZ,11.31
002044.SZ,16.87
002045.SZ,14.7
002046.SZ,14.5
002047.SZ,7.05
002048.SZ,27.0
002049.SZ,78.08
002050.SZ,24.85
002051.SZ,12.86
002052.SZ,6.4
002053.SZ,9.51
002054.SZ,11.06
002055.SZ,19.33
002056.SZ,15.35
002057.SZ,19.22
002058.SZ,22.99
002059.SZ,6.97
002060.SZ,3.52
002061.SZ,7.3
002062.SZ,7.3
002063.SZ,15.2
002064.SZ,7.03
002065.SZ,17.62
002066.SZ,9.48
002067.SZ,4.04
002068.SZ,6.34
002069.SZ,4.08
002070.SZ,3.53
002071.SZ,4.61
002072.SZ,6.6
002073.SZ,6.84
002074.SZ,29.6
002075.SZ,14.75
002076.SZ,3.71
002077.SZ,10.84
002078.SZ,11.1
002079.SZ,15.99
002080.SZ,15.2
002081.SZ,11.2
002082.SZ,13.48
002083.SZ,9.46
002084.SZ,9.75
002085.SZ,8.28
002086.SZ,4.41
002087.SZ,6.64
002088.SZ,14.71
002089.SZ,5.56
002090.SZ,20.99
002091.SZ,8.98
002092.SZ,8.83
002093.SZ,12.55
002094.SZ,6.25
002095.SZ,31.57
002096.SZ,7.44
002097.SZ,7.69
002098.SZ,8.68
002099.SZ,8.82
002100.SZ,17.47
002101.SZ,9.98
002102.SZ,2.76
002103.SZ,6.3
002104.SZ,10.14
002105.SZ,8.85
002106.SZ,11.38
002107.SZ,15.2
002108.SZ,4.5
002109.SZ,4.36
002110.SZ,18.45
002111.SZ,18.36
002112.SZ,10.23
002113.SZ,2.86
002114.SZ,9.87
002115.SZ,13.85
002116.SZ,11.63
002117.SZ,18.65
002118.SZ,11.89
002119.SZ,21.78
002120.SZ,40.5
002121.SZ,6.28
002122.SZ,3.23
002123.SZ,24.26
002124.SZ,20.28
002125.SZ,11.29
002126.SZ,12.68
002127.SZ,20.07
002128.SZ,9.14
002129.SZ,23.0
002130.SZ,5.86
002131.SZ,4.89
002132.SZ,3.69
002133.SZ,3.8
002134.SZ,14.19
002135.SZ,10.95
002136.SZ,9.87
002137.SZ,10.48
002138.SZ,31.93
002139.SZ,7.18
002140.SZ,11.5
002141.SZ,4.7
002142.SZ,29.76
002143.SZ,2.37
002144.SZ,11.57
002145.SZ,5.2
002146.SZ,10.21
002147.SZ,3.26
002148.SZ,6.83
002149.SZ,10.83
002150.SZ,8.76
002151.SZ,35.8
002152.SZ,14.46
002153.SZ,46.0
002154.SZ,4.55
002155.SZ,10.99
002156.SZ,33.89
002157.SZ,22.28
002158.SZ,18.29
002159.SZ,18.92
002160.SZ,7.88
002161.SZ,12.98
002162.SZ,4.29
002163.SZ,8.17
002164.SZ,6.69
002165.SZ,6.65
002166.SZ,12.7
002167.SZ,8.83
002168.SZ,9.94
002169.SZ,11.77
002170.SZ,5.27
002171.SZ,10.04
002172.SZ,5.65
002173.SZ,8.93
002174.SZ,32.3
002175.SZ,4.01
002176.SZ,5.65
002177.SZ,7.54
002178.SZ,5.65
002179.SZ,45.08
002180.SZ,49.58
002181.SZ,6.75
002182.SZ,12.9
002183.SZ,5.33
002184.SZ,15.4
002185.SZ,17.5
002186.SZ,12.33
002187.SZ,9.31
002188.SZ,5.67
002189.SZ,26.84
002190.SZ,26.66
002191.SZ,13.88
002192.SZ,30.26
002193.SZ,10.43
002194.SZ,32.28
002195.SZ,5.55
002196.SZ,7.14
002197.SZ,11.88
002198.SZ,8.97
002199.SZ,19.91
002200.SZ,7.6
002201.SZ,32.55
002202.SZ,14.14
002203.SZ,11.78
002204.SZ,5.73
002205.SZ,25.93
002206.SZ,4.4
002207.SZ,7.29
002208.SZ,14.34
002209.SZ,8.67
002210.SZ,5.18
002211.SZ,7.96
002212.SZ,32.32
002213.SZ,18.65
002214.SZ,27.95
002215.SZ,9.23
002216.SZ,24.88
002217.SZ,8.33
002218.SZ,4.0
002219.SZ,3.88
002220.SZ,3.19
002221.SZ,13.36
002222.SZ,14.33
002223.SZ,41.91
002224.SZ,9.0
002225.SZ,5.96
002226.SZ,6.15
002227.SZ,20.25
002228.SZ,5.41
002229.SZ,9.5
002230.SZ,44.86
002231.SZ,9.88
002232.SZ,12.13
002233.SZ,14.33
002234.SZ,42.69
002235.SZ,13.37
002236.SZ,22.78
002237.SZ,19.28
002238.SZ,11.98
002239.SZ,6.68
002240.SZ,10.88
002241.SZ,27.53
002242.SZ,33.78
002243.SZ,18.09
002244.SZ,5.06
002245.SZ,5.87
002246.SZ,10.42
002247.SZ,4.2
002248.SZ,10.15
002249.SZ,5.33
002250.SZ,18.28
002251.SZ,10.88
002252.SZ,10.75
002253.SZ,16.2
002254.SZ,14.6
002255.SZ,6.4
002256.SZ,3.81
002258.SZ,16.5
002259.SZ,2.85
002261.SZ,13.41
002262.SZ,15.15
002263.SZ,2.39
002264.SZ,6.29
002265.SZ,11.82
002266.SZ,5.58
002267.SZ,8.47
002268.SZ,33.7
002269.SZ,2.93
002270.SZ,6.12
002271.SZ,41.28
002272.SZ,6.06
002273.SZ,21.07
002274.SZ,13.85
002275.SZ,17.22
002276.SZ,11.76
002277.SZ,4.65
002278.SZ,8.23
002279.SZ,8.75
002280.SZ,4.85
002281.SZ,38.15
002282.SZ,10.37
002283.SZ,4.73
002284.SZ,6.38
002285.SZ,5.15
002286.SZ,11.26
002287.SZ,30.89
002288.SZ,7.0
002289.SZ,14.16
002290.SZ,7.72
002291.SZ,36.56
002292.SZ,10.85
002293.SZ,12.07
002294.SZ,24.53
002295.SZ,9.36
002296.SZ,9.8
002297.SZ,9.46
002298.SZ,10.92
002299.SZ,31.1
002300.SZ,8.41
002301.SZ,21.39
002302.SZ,12.6
002303.SZ,6.77
002304.SZ,138.5
002305.SZ,3.05
002306.SZ,3.75
002307.SZ,7.87
002308.SZ,7.89
002309.SZ,8.25
002310.SZ,6.68
002311.SZ,48.96
002312.SZ,5.86
002313.SZ,23.98
002314.SZ,3.75
002315.SZ,31.8
002316.SZ,13.63
002317.SZ,17.17
002318.SZ,10.14
002319.SZ,13.83
002320.SZ,18.85
002321.SZ,8.5
002322.SZ,14.87
002323.SZ,4.26
002324.SZ,23.01
002325.SZ,3.73
002326.SZ,19.0
002327.SZ,8.39
002328.SZ,9.64
002329.SZ,7.79
002330.SZ,11.28
002331.SZ,12.14
002332.SZ,16.16
002333.SZ,5.81
002334.SZ,7.48
002335.SZ,27.12
002336.SZ,6.85
002337.SZ,5.04
002338.SZ,25.5
002339.SZ,8.58
002340.SZ,6.62
002341.SZ,9.13
002342.SZ,3.9
002343.SZ,14.84
002344.SZ,5.01
002345.SZ,5.17
002346.SZ,14.77
002347.SZ,5.62
002348.SZ,4.48
002349.SZ,7.5
002350.SZ,7.38
002351.SZ,31.41
002352.SZ,51.01
002353.SZ,41.98
002354.SZ,4.68
002355.SZ,10.85
002356.SZ,8.36
002357.SZ,7.47
002358.SZ,12.4
002359.SZ,10.42
002360.SZ,6.2
002361.SZ,5.24
002362.SZ,21.35
002363.SZ,10.98
002364.SZ,16.01
002365.SZ,12.6
002366.SZ,12.04
002367.SZ,9.55
002368.SZ,53.6
002369.SZ,12.8
002370.SZ,19.39
002371.SZ,183.79
002372.SZ,20.75
002373.SZ,30.86
002374.SZ,3.65
002375.SZ,10.75
002376.SZ,14.26
002377.SZ,5.5
002378.SZ,8.99
002379.SZ,4.52
002380.SZ,16.45
002381.SZ,9.16
002382.SZ,23.78
002383.SZ,13.48
002384.SZ,36.59
002385.SZ,10.27
002386.SZ,7.09
002387.SZ,18.17
002388.SZ,9.69
002389.SZ,16.0
002390.SZ,6.75
002391.SZ,13.84
002392.SZ,4.28
002393.SZ,28.97
002394.SZ,10.84
002395.SZ,30.48
002396.SZ,49.68
002397.SZ,10.12
002398.SZ,12.18
002399.SZ,27.76
002400.SZ,8.9
002401.SZ,16.47
002402.SZ,18.98
002403.SZ,9.68
002404.SZ,8.25
002405.SZ,24.67
002406.SZ,6.58
002407.SZ,16.33
002408.SZ,8.96
002409.SZ,51.77
002410.SZ,57.11
002411.SZ,24.8
002412.SZ,21.36
002413.SZ,10.71
002414.SZ,55.75
002415.SZ,40.09
002416.SZ,9.24
002417.SZ,11.98
002418.SZ,5.47
002419.SZ,14.15
002420.SZ,4.36
002421.SZ,4.64
002422.SZ,33.5
002423.SZ,11.45
002424.SZ,12.18
002425.SZ,7.06
002426.SZ,3.2
002427.SZ,17.8
002428.SZ,14.16
002429.SZ,6.97
002430.SZ,15.69
002431.SZ,4.6
002432.SZ,12.95
002433.SZ,5.44
002434.SZ,10.75
002435.SZ,8.09
002436.SZ,17.96
002437.SZ,4.88
002438.SZ,9.28
002439.SZ,46.15
002440.SZ,15.16
002441.SZ,10.19
002442.SZ,7.19
002443.SZ,8.12
002444.SZ,13.53
002445.SZ,2.36
002446.SZ,10.76
002447.SZ,4.32
002448.SZ,6.25
002449.SZ,16.95
002450.SZ,4.75
002451.SZ,13.48
002452.SZ,7.94
002453.SZ,7.27
002454.SZ,6.17
002455.SZ,7.15
002456.SZ,23.23
002457.SZ,9.31
002458.SZ,37.88
002459.SZ,20.0
002460.SZ,64.26
002461.SZ,8.98
002462.SZ,17.28
002463.SZ,31.48
002464.SZ,12.91
002465.SZ,13.86
002466.SZ,38.38
002467.SZ,12.43
002468.SZ,30.64
002469.SZ,5.62
002470.SZ,5.22
002471.SZ,3.47
002472.SZ,6.48
002473.SZ,10.2
002474.SZ,9.71
002475.SZ,51.63
002476.SZ,7.9
002477.SZ,2.34
002478.SZ,6.6
002479.SZ,9.05
002480.SZ,8.47
002481.SZ,15.97
002482.SZ,5.68
002483.SZ,7.63
002484.SZ,12.45
002485.SZ,7.75
002486.SZ,6.04
002487.SZ,6.93
002488.SZ,9.23
002489.SZ,6.72
002490.SZ,5.13
002491.SZ,8.57
002492.SZ,8.38
002493.SZ,12.9
002494.SZ,6.4
002495.SZ,3.73
002496.SZ,3.99
002497.SZ,12.42
002498.SZ,6.96
002499.SZ,7.16
002500.SZ,8.86
002501.SZ,2.53
002502.SZ,4.44
002503.SZ,5.68
002504.SZ,4.15
002505.SZ,3.05
002506.SZ,7.18
002507.SZ,36.96
002508.SZ,36.5
002509.SZ,2.59
002510.SZ,7.94
002511.SZ,20.06
002512.SZ,7.81
002513.SZ,7.83
002514.SZ,6.92
002515.SZ,7.92
002516.SZ,4.46
002517.SZ,3.92
002518.SZ,16.34
002519.SZ,5.35
002520.SZ,9.03
002521.SZ,6.54
002522.SZ,7.96
002523.SZ,4.05
002524.SZ,14.75
002526.SZ,2.78
002527.SZ,7.23
002528.SZ,6.55
002529.SZ,11.12
002530.SZ,17.81
002531.SZ,7.86
002532.SZ,8.0
002533.SZ,6.79
002534.SZ,8.5
002535.SZ,4.7
002536.SZ,11.18
002537.SZ,11.16
002538.SZ,6.27
002539.SZ,6.5
002540.SZ,5.96
002541.SZ,21.2
002542.SZ,5.28
002543.SZ,15.13
002544.SZ,18.98
002545.SZ,8.53
002546.SZ,5.55
002547.SZ,14.47
002548.SZ,16.2
002549.SZ,8.78
002550.SZ,5.3
002551.SZ,14.17
002552.SZ,31.78
002553.SZ,7.36
002554.SZ,4.2
002555.SZ,39.7
002556.SZ,9.77
002557.SZ,59.9
002558.SZ,21.21
002559.SZ,9.88
002560.SZ,10.78
002561.SZ,9.34
002562.SZ,6.91
002563.SZ,12.89
002564.SZ,6.46
002565.SZ,15.73
002566.SZ,8.58
002567.SZ,16.3
002568.SZ,48.3
002569.SZ,11.77
002570.SZ,7.48
002571.SZ,6.64
002572.SZ,24.56
002573.SZ,8.6
002574.SZ,6.5
002575.SZ,8.17
002576.SZ,12.95
002577.SZ,16.56
002578.SZ,3.94
002579.SZ,18.79
002580.SZ,6.44
002581.SZ,31.6
002582.SZ,12.32
002583.SZ,11.37
002584.SZ,10.3
002585.SZ,6.27
002586.SZ,5.68
002587.SZ,8.79
002588.SZ,5.63
002589.SZ,9.27
002590.SZ,9.31
002591.SZ,11.3
002592.SZ,20.67
002593.SZ,5.8
002594.SZ,75.8
002595.SZ,22.93
002596.SZ,9.67
002597.SZ,25.25
002598.SZ,7.77
002599.SZ,11.57
002600.SZ,13.78
002601.SZ,18.59
002602.SZ,19.77
002603.SZ,41.69
002605.SZ,45.32
002606.SZ,10.48
002607.SZ,29.25
002608.SZ,9.35
002609.SZ,13.29
002610.SZ,2.08
002611.SZ,5.66
002612.SZ,10.79
002613.SZ,7.59
002614.SZ,18.96
002615.SZ,6.45
002616.SZ,10.26
002617.SZ,8.2
002618.SZ,17.31
002619.SZ,3.93
002620.SZ,6.79
002621.SZ,23.85
002622.SZ,4.83
002623.SZ,51.0
002624.SZ,57.89
002625.SZ,12.48
002626.SZ,23.6
002627.SZ,10.8
002628.SZ,5.77
002629.SZ,3.8
002630.SZ,3.52
002631.SZ,10.0
002632.SZ,8.81
002633.SZ,10.38
002634.SZ,10.28
002635.SZ,32.44
002636.SZ,11.49
002637.SZ,14.7
002638.SZ,3.88
002639.SZ,11.46
002640.SZ,10.75
002641.SZ,7.85
002642.SZ,8.03
002643.SZ,20.5
002644.SZ,10.75
002645.SZ,12.87
002646.SZ,15.2
002647.SZ,33.38
002648.SZ,19.72
002649.SZ,13.08
002650.SZ,5.67
002651.SZ,5.66
002652.SZ,4.84
002653.SZ,25.93
002654.SZ,6.14
002655.SZ,17.88
002656.SZ,6.88
002657.SZ,23.01
002658.SZ,9.43
002659.SZ,9.02
002660.SZ,11.65
002661.SZ,23.5
002662.SZ,4.92
002663.SZ,3.65
002664.SZ,18.4
002665.SZ,5.26
002666.SZ,7.65
002667.SZ,9.45
002668.SZ,8.27
002669.SZ,19.28
002670.SZ,13.35
002671.SZ,5.43
002672.SZ,12.48
002673.SZ,10.7
002674.SZ,16.47
002675.SZ,19.1
002676.SZ,5.81
002677.SZ,14.65
002678.SZ,9.36
002679.SZ,28.88
002680.SZ,1.36
002681.SZ,6.99
002682.SZ,5.92
002683.SZ,40.8
002684.SZ,7.05
002685.SZ,7.6
002686.SZ,7.98
002687.SZ,7.08
002688.SZ,9.68
002689.SZ,5.8
002690.SZ,46.0
002691.SZ,8.83
002692.SZ,4.47
002693.SZ,6.75
002694.SZ,4.87
002695.SZ,26.48
002696.SZ,8.5
002697.SZ,11.1
002698.SZ,14.89
002699.SZ,8.37
002700.SZ,9.58
002701.SZ,5.26
002702.SZ,7.76
002703.SZ,7.57
002705.SZ,33.97
002706.SZ,14.34
002707.SZ,6.85
002708.SZ,14.96
002709.SZ,34.02
002711.SZ,4.03
002712.SZ,8.98
002713.SZ,18.95
002714.SZ,139.92
002715.SZ,24.49
002716.SZ,8.68
002717.SZ,8.01
002718.SZ,31.56
002719.SZ,13.28
002721.SZ,6.83
002722.SZ,17.96
002723.SZ,19.56
002724.SZ,8.55
002725.SZ,13.86
002726.SZ,13.9
002727.SZ,31.88
002728.SZ,18.89
002729.SZ,53.96
002730.SZ,10.01
002731.SZ,22.52
002732.SZ,25.48
002733.SZ,29.46
002734.SZ,18.35
002735.SZ,25.43
002736.SZ,14.28
002737.SZ,17.78
002738.SZ,20.2
002739.SZ,22.71
002740.SZ,10.59
002741.SZ,15.22
002742.SZ,8.3
002743.SZ,8.41
002745.SZ,15.1
002746.SZ,29.97
002747.SZ,14.03
002748.SZ,10.38
002749.SZ,20.95
002750.SZ,18.09
002751.SZ,37.5
002752.SZ,7.25
002753.SZ,9.66
002755.SZ,20.7
002756.SZ,25.95
002757.SZ,42.88
002758.SZ,12.98
002759.SZ,16.0
002760.SZ,23.5
002761.SZ,14.5
002762.SZ,7.05
002763.SZ,11.43
002765.SZ,6.94
002766.SZ,5.94
002767.SZ,19.3
002768.SZ,60.78
002769.SZ,10.88
002770.SZ,4.2
002771.SZ,19.42
002772.SZ,9.79
002773.SZ,52.76
002774.SZ,9.47
002775.SZ,7.1
002776.SZ,26.66
002777.SZ,52.75
002778.SZ,27.1
002779.SZ,19.78
002780.SZ,27.5
002781.SZ,19.7
002782.SZ,14.09
002783.SZ,15.73
002785.SZ,17.49
002786.SZ,13.56
002787.SZ,8.23
002788.SZ,16.44
002789.SZ,19.06
002790.SZ,12.88
002791.SZ,85.95
002792.SZ,38.0
002793.SZ,23.6
002795.SZ,18.15
002796.SZ,51.24
002797.SZ,9.1
002798.SZ,37.25
002799.SZ,21.18
002800.SZ,42.5
002801.SZ,39.96
002802.SZ,23.58
002803.SZ,43.89
002805.SZ,25.97
002806.SZ,19.75
002807.SZ,5.13
002808.SZ,18.08
002809.SZ,23.79
002810.SZ,27.62
002811.SZ,18.14
002812.SZ,69.23
002813.SZ,36.66
002815.SZ,23.44
002816.SZ,29.66
002817.SZ,27.8
002818.SZ,14.27
002819.SZ,38.88
002820.SZ,14.5
002821.SZ,216.98
002822.SZ,12.0
002823.SZ,15.25
002824.SZ,27.1
002825.SZ,20.05
002826.SZ,12.6
002827.SZ,17.5
002828.SZ,16.06
002829.SZ,34.98
002830.SZ,20.29
002831.SZ,51.51
002832.SZ,50.97
002833.SZ,47.9
002835.SZ,16.28
002836.SZ,18.6
002837.SZ,53.99
002838.SZ,62.5
002839.SZ,6.86
002840.SZ,20.5
002841.SZ,105.44
002842.SZ,25.33
002843.SZ,16.02
002845.SZ,25.8
002846.SZ,36.41
002847.SZ,98.83
002848.SZ,18.63
002849.SZ,17.8
002850.SZ,71.66
002851.SZ,33.14
002852.SZ,16.63
002853.SZ,26.17
002855.SZ,15.98
002856.SZ,29.43
002857.SZ,15.59
002858.SZ,23.5
002859.SZ,52.28
002860.SZ,29.42
002861.SZ,43.99
002862.SZ,33.59
002863.SZ,7.99
002864.SZ,33.25
002865.SZ,23.45
002866.SZ,20.93
002867.SZ,36.48
002868.SZ,25.29
002869.SZ,89.98
002870.SZ,27.89
002871.SZ,25.88
002872.SZ,8.74
002873.SZ,27.06
002875.SZ,21.42
002876.SZ,65.6
002877.SZ,16.58
002878.SZ,49.25
002879.SZ,21.2
002880.SZ,75.5
002881.SZ,45.3
002882.SZ,14.5
002883.SZ,24.84
002884.SZ,31.32
002885.SZ,23.92
002886.SZ,44.76
002887.SZ,20.82
002888.SZ,28.83
002889.SZ,30.88
002890.SZ,38.78
002891.SZ,36.0
002892.SZ,56.97
002893.SZ,20.9
002895.SZ,17.49
002896.SZ,30.0
002897.SZ,39.8
002898.SZ,15.99
002899.SZ,14.97
002900.SZ,14.16
002901.SZ,98.88
002902.SZ,43.44
002903.SZ,21.43
002905.SZ,41.58
002906.SZ,19.5
002907.SZ,21.97
002908.SZ,22.85
002909.SZ,13.41
002910.SZ,17.5
002911.SZ,19.03
002912.SZ,205.88
002913.SZ,68.48
002915.SZ,35.18
002916.SZ,272.73
002917.SZ,27.0
002918.SZ,33.33
002919.SZ,32.24
002920.SZ,51.65
002921.SZ,22.78
002922.SZ,19.6
002923.SZ,29.22
002925.SZ,74.51
002926.SZ,13.33
002927.SZ,35.33
002928.SZ,14.6
002929.SZ,38.47
002930.SZ,24.78
002931.SZ,33.97
002932.SZ,69.8
002933.SZ,53.5
002935.SZ,55.44
002936.SZ,5.57
002937.SZ,20.13
002938.SZ,54.95
002939.SZ,18.45
002940.SZ,52.61
002941.SZ,30.95
002942.SZ,38.2
002943.SZ,40.89
002945.SZ,21.45
002946.SZ,20.33
002947.SZ,68.34
002948.SZ,7.3
002949.SZ,34.6
002950.SZ,60.81
002951.SZ,28.05
002952.SZ,60.88
002953.SZ,50.1
002955.SZ,85.55
002956.SZ,78.5
002957.SZ,45.59
002958.SZ,9.44
002959.SZ,128.88
002960.SZ,40.22
002961.SZ,44.5
002962.SZ,46.99
002963.SZ,45.35
002965.SZ,47.82
002966.SZ,15.07
002967.SZ,46.8
002968.SZ,89.62
002969.SZ,15.33
002970.SZ,175.0
002971.SZ,36.98
002972.SZ,31.8
002973.SZ,29.2
002975.SZ,166.83
002976.SZ,53.34
002977.SZ,115.5
002978.SZ,43.52
002979.SZ,32.68
002980.SZ,75.0
002981.SZ,48.2
002982.SZ,121.9
002983.SZ,53.78
002985.SZ,111.65
002987.SZ,64.68
002988.SZ,25.0
002990.SZ,70.55
003816.SZ,5.25
200011.SZ,6.06
200012.SZ,2.85
200016.SZ,3.52
200017.SZ,1.99
200018.SZ,1.08
200019.SZ,4.16
200020.SZ,5.41
200025.SZ,8.92
200026.SZ,7.17
200028.SZ,29.78
200030.SZ,3.79
200037.SZ,5.15
200045.SZ,4.4
200054.SZ,7.2
200055.SZ,3.75
200056.SZ,2.72
200058.SZ,3.01
200152.SZ,10.36
200160.SZ,1.56
200168.SZ,1.27
200413.SZ,4.0
200418.SZ,51.98
200429.SZ,7.19
200468.SZ,3.46
200488.SZ,3.97
200505.SZ,3.72
200512.SZ,3.91
200521.SZ,2.62
200530.SZ,2.84
200539.SZ,2.69
200541.SZ,3.59
200550.SZ,9.49
200553.SZ,6.74
200570.SZ,2.77
200581.SZ,15.78
200596.SZ,79.89
200613.SZ,4.23
200625.SZ,5.37
200706.SZ,3.31
200725.SZ,3.5
200726.SZ,9.23
200761.SZ,2.26
200771.SZ,8.54
200869.SZ,18.15
200986.SZ,2.66
200992.SZ,3.57
201872.SZ,10.0
300001.SZ,27.26
300002.SZ,6.97
300003.SZ,41.38
300004.SZ,7.96
300005.SZ,4.91
300006.SZ,6.85
300007.SZ,19.39
300008.SZ,4.3
300009.SZ,20.58
300010.SZ,22.8
300011.SZ,8.15
300012.SZ,18.62
300013.SZ,18.37
300014.SZ,85.26
300015.SZ,50.37
300016.SZ,11.69
300017.SZ,12.62
300018.SZ,8.25
300019.SZ,12.1
300020.SZ,11.28
300021.SZ,7.93
300022.SZ,6.43
300023.SZ,10.98
300024.SZ,17.67
300025.SZ,8.4
300026.SZ,8.36
300027.SZ,5.9
300029.SZ,9.89
300030.SZ,14.88
300031.SZ,25.2
300032.SZ,5.51
300033.SZ,149.8
300034.SZ,18.88
300035.SZ,10.55
300036.SZ,32.42
300037.SZ,47.4
300038.SZ,11.73
300039.SZ,7.06
300040.SZ,8.17
300041.SZ,17.4
300042.SZ,20.9
300043.SZ,6.42
300044.SZ,9.11
300045.SZ,15.27
300046.SZ,28.7
300047.SZ,15.47
300048.SZ,6.14
300049.SZ,10.77
300050.SZ,7.5
300051.SZ,15.75
300052.SZ,18.27
300053.SZ,15.47
300054.SZ,15.99
300055.SZ,8.2
300056.SZ,7.49
300057.SZ,7.42
300058.SZ,8.76
300059.SZ,20.68
300061.SZ,10.47
300062.SZ,9.14
300063.SZ,6.71
300064.SZ,5.02
300065.SZ,15.4
300066.SZ,6.5
300067.SZ,6.99
300068.SZ,13.95
300069.SZ,19.83
300070.SZ,11.82
300071.SZ,3.78
300072.SZ,9.36
300073.SZ,37.73
300074.SZ,6.49
300075.SZ,16.48
300076.SZ,6.95
300077.SZ,9.39
300078.SZ,18.14
300079.SZ,7.37
300080.SZ,7.29
300081.SZ,15.5
300082.SZ,8.78
300083.SZ,6.76
300084.SZ,6.24
300085.SZ,19.93
300086.SZ,7.85
300087.SZ,19.24
300088.SZ,14.15
300089.SZ,6.54
300090.SZ,2.69
300091.SZ,5.88
300092.SZ,8.27
300093.SZ,13.65
300094.SZ,5.66
300095.SZ,8.25
300096.SZ,13.26
300097.SZ,14.17
300098.SZ,8.96
300099.SZ,9.86
300100.SZ,9.0
300101.SZ,14.19
300102.SZ,9.02
300103.SZ,12.49
300105.SZ,6.6
300106.SZ,9.45
300107.SZ,11.43
300108.SZ,7.46
300109.SZ,22.33
300110.SZ,6.53
300111.SZ,3.02
300112.SZ,11.89
300113.SZ,33.98
300114.SZ,13.74
300115.SZ,27.56
300116.SZ,2.16
300117.SZ,4.32
300118.SZ,18.09
300119.SZ,25.92
300120.SZ,9.73
300121.SZ,9.48
300122.SZ,86.68
300123.SZ,19.5
300124.SZ,36.15
300125.SZ,18.55
300126.SZ,6.82
300127.SZ,27.39
300128.SZ,4.76
300129.SZ,5.48
300130.SZ,22.33
300131.SZ,7.71
300132.SZ,20.1
300133.SZ,10.0
300134.SZ,21.85
300135.SZ,3.24
300136.SZ,57.49
300137.SZ,9.25
300138.SZ,11.75
300139.SZ,13.5
300140.SZ,15.17
300141.SZ,12.56
300142.SZ,45.5
300143.SZ,14.11
300144.SZ,33.47
300145.SZ,6.1
300146.SZ,22.28
300147.SZ,13.5
300148.SZ,5.12
300149.SZ,16.68
300150.SZ,5.72
300151.SZ,13.78
300152.SZ,5.95
300153.SZ,8.72
300154.SZ,7.25
300155.SZ,11.5
300156.SZ,3.46
300157.SZ,5.7
300158.SZ,7.33
300159.SZ,5.67
300160.SZ,13.74
300161.SZ,29.59
300162.SZ,10.68
300163.SZ,5.01
300164.SZ,6.98
300165.SZ,6.75
300166.SZ,20.89
300167.SZ,8.17
300168.SZ,24.6
300169.SZ,9.29
300170.SZ,15.64
300171.SZ,12.77
300172.SZ,6.58
300173.SZ,8.5
300174.SZ,30.5
300175.SZ,7.95
300176.SZ,21.84
300177.SZ,15.4
300178.SZ,8.49
300179.SZ,7.87
300180.SZ,15.02
300181.SZ,6.68
300182.SZ,6.46
300183.SZ,19.17
300184.SZ,12.1
300185.SZ,2.11
300187.SZ,6.52
300188.SZ,25.37
300189.SZ,5.81
300190.SZ,10.29
300191.SZ,36.49
300192.SZ,19.26
300193.SZ,9.48
300194.SZ,8.01
300195.SZ,9.76
300196.SZ,13.75
300197.SZ,4.02
300198.SZ,4.73
300199.SZ,12.33
300200.SZ,15.26
300201.SZ,5.47
300202.SZ,17.15
300203.SZ,24.77
300204.SZ,19.0
300205.SZ,16.38
300206.SZ,15.89
300207.SZ,27.0
300208.SZ,9.45
300209.SZ,17.38
300210.SZ,7.08
300211.SZ,9.39
300212.SZ,53.19
300213.SZ,8.34
300214.SZ,10.35
300215.SZ,9.24
300217.SZ,4.25
300218.SZ,9.39
300219.SZ,9.56
300220.SZ,55.89
300221.SZ,7.94
300222.SZ,15.82
300223.SZ,142.26
300224.SZ,11.3
300225.SZ,6.59
300226.SZ,103.2
300227.SZ,17.45
300228.SZ,7.22
300229.SZ,20.6
300230.SZ,8.1
300231.SZ,10.3
300232.SZ,12.89
300233.SZ,25.35
300234.SZ,15.05
300235.SZ,29.56
300236.SZ,73.44
300237.SZ,5.16
300238.SZ,34.69
300239.SZ,6.67
300240.SZ,8.98
300241.SZ,8.96
300242.SZ,6.0
300243.SZ,10.07
300244.SZ,30.5
300245.SZ,13.34
300246.SZ,26.5
300247.SZ,4.18
300248.SZ,14.87
300249.SZ,10.3
300250.SZ,19.8
300251.SZ,13.09
300252.SZ,13.04
300253.SZ,30.78
300254.SZ,10.5
300255.SZ,7.5
300256.SZ,8.06
300257.SZ,11.99
300258.SZ,14.52
300259.SZ,6.48
300260.SZ,21.81
300261.SZ,6.02
300262.SZ,8.84
300263.SZ,8.99
300264.SZ,8.25
300265.SZ,19.84
300266.SZ,5.45
300267.SZ,7.26
300268.SZ,17.44
300269.SZ,6.19
300270.SZ,12.65
300271.SZ,34.1
300272.SZ,7.16
300273.SZ,9.58
300274.SZ,14.27
300275.SZ,13.45
300276.SZ,13.4
300277.SZ,11.81
300278.SZ,7.18
300279.SZ,8.0
300280.SZ,34.48
300281.SZ,7.89
300282.SZ,18.96
300283.SZ,6.16
300284.SZ,11.59
300285.SZ,29.3
300286.SZ,12.81
300287.SZ,6.06
300288.SZ,15.16
300289.SZ,7.19
300290.SZ,13.4
300291.SZ,6.83
300292.SZ,9.26
300293.SZ,14.88
300294.SZ,42.44
300295.SZ,16.39
300296.SZ,8.74
300297.SZ,7.06
300298.SZ,24.35
300299.SZ,8.88
300300.SZ,12.65
300301.SZ,7.5
300302.SZ,16.13
300303.SZ,8.37
300304.SZ,5.17
300305.SZ,11.45
300306.SZ,16.76
300307.SZ,8.85
300308.SZ,73.45
300309.SZ,8.2
300310.SZ,7.98
300311.SZ,12.04
300312.SZ,8.49
300313.SZ,8.87
300314.SZ,13.33
300315.SZ,7.97
300316.SZ,30.49
300317.SZ,7.16
300318.SZ,7.08
300319.SZ,16.31
300320.SZ,8.64
300321.SZ,20.98
300322.SZ,28.09
300323.SZ,9.05
300324.SZ,10.58
300325.SZ,8.35
300326.SZ,29.28
300327.SZ,42.65
300328.SZ,20.71
300329.SZ,9.84
300330.SZ,13.07
300331.SZ,37.54
300332.SZ,5.37
300333.SZ,14.34
300334.SZ,10.53
300335.SZ,7.29
300336.SZ,8.58
300337.SZ,5.4
300338.SZ,13.78
300339.SZ,18.6
300340.SZ,19.75
300341.SZ,20.26
300342.SZ,28.25
300343.SZ,8.37
300344.SZ,7.2
300345.SZ,13.79
300346.SZ,37.39
300347.SZ,85.1
300348.SZ,31.07
300349.SZ,19.37
300350.SZ,8.0
300351.SZ,12.71
300352.SZ,10.93
300353.SZ,17.86
300354.SZ,16.06
300355.SZ,4.62
300356.SZ,9.48
300357.SZ,60.75
300358.SZ,10.11
300359.SZ,8.78
300360.SZ,14.66
300362.SZ,5.37
300363.SZ,32.99
300364.SZ,5.32
300365.SZ,16.88
300366.SZ,14.49
300367.SZ,10.78
300368.SZ,11.83
300369.SZ,27.65
300370.SZ,5.0
300371.SZ,16.53
300373.SZ,36.63
300374.SZ,12.28
300375.SZ,9.98
300376.SZ,6.45
300377.SZ,14.13
300378.SZ,19.69
300379.SZ,60.8
300380.SZ,23.8
300381.SZ,13.28
300382.SZ,9.17
300383.SZ,31.5
300384.SZ,25.66
300385.SZ,26.72
300386.SZ,19.38
300387.SZ,11.9
300388.SZ,13.96
300389.SZ,14.98
300390.SZ,15.9
300391.SZ,13.97
300392.SZ,10.15
300393.SZ,19.47
300394.SZ,55.8
300395.SZ,28.9
300396.SZ,23.32
300397.SZ,58.98
300398.SZ,25.61
300399.SZ,18.65
300400.SZ,19.0
300401.SZ,21.65
300402.SZ,11.8
300403.SZ,8.21
300404.SZ,26.0
300405.SZ,20.38
300406.SZ,23.2
300407.SZ,10.79
300408.SZ,28.08
300409.SZ,18.18
300410.SZ,20.64
300411.SZ,12.66
300412.SZ,9.15
300413.SZ,53.55
300414.SZ,22.07
300415.SZ,10.57
300416.SZ,44.49
300417.SZ,60.0
300418.SZ,27.7
300419.SZ,8.47
300420.SZ,7.95
300421.SZ,12.85
300422.SZ,14.3
300423.SZ,16.01
300424.SZ,20.8
300425.SZ,6.07
300426.SZ,7.9
300427.SZ,22.5
300428.SZ,19.4
300429.SZ,24.24
300430.SZ,15.28
300431.SZ,8.34
300432.SZ,14.9
300433.SZ,23.37
300434.SZ,9.7
300435.SZ,19.19
300436.SZ,43.88
300437.SZ,14.9
300438.SZ,33.63
300439.SZ,18.11
300440.SZ,12.34
300441.SZ,10.6
300442.SZ,20.22
300443.SZ,19.49
300444.SZ,9.88
300445.SZ,19.94
300446.SZ,27.92
300447.SZ,14.8
300448.SZ,14.99
300449.SZ,17.69
300450.SZ,60.19
300451.SZ,28.96
300452.SZ,29.78
300453.SZ,15.3
300454.SZ,223.1
300455.SZ,21.31
300456.SZ,37.64
300457.SZ,71.05
300458.SZ,41.31
300459.SZ,8.88
300460.SZ,28.9
300461.SZ,26.2
300462.SZ,32.9
300463.SZ,52.71
300464.SZ,18.05
300465.SZ,17.64
300466.SZ,8.43
300467.SZ,24.92
300468.SZ,48.85
300469.SZ,25.69
300470.SZ,30.61
300471.SZ,13.94
300472.SZ,22.85
300473.SZ,45.97
300474.SZ,77.04
300475.SZ,20.33
300476.SZ,28.66
300477.SZ,10.68
300478.SZ,17.13
300479.SZ,19.4
300480.SZ,22.85
300481.SZ,21.65
300482.SZ,99.4
300483.SZ,43.37
300484.SZ,13.25
300485.SZ,18.3
300486.SZ,28.7
300487.SZ,46.37
300488.SZ,40.49
300489.SZ,45.45
300490.SZ,13.68
300491.SZ,18.2
300492.SZ,67.99
300493.SZ,14.0
300494.SZ,18.95
300495.SZ,15.08
300496.SZ,79.9
300497.SZ,31.3
300498.SZ,43.7
300499.SZ,24.19
300500.SZ,22.86
300501.SZ,22.35
300502.SZ,80.5
300503.SZ,15.6
300504.SZ,34.1
300505.SZ,26.76
300506.SZ,19.09
300507.SZ,22.4
300508.SZ,41.0
300509.SZ,17.13
300510.SZ,11.97
300511.SZ,12.94
300512.SZ,14.74
300513.SZ,28.37
300514.SZ,15.45
300515.SZ,12.8
300516.SZ,40.04
300517.SZ,17.33
300518.SZ,31.47
300519.SZ,15.74
300520.SZ,27.0
300521.SZ,18.39
300522.SZ,21.45
300523.SZ,55.18
300525.SZ,42.89
300526.SZ,219.48
300527.SZ,15.59
300528.SZ,8.66
300529.SZ,122.22
300530.SZ,56.7
300531.SZ,19.4
300532.SZ,19.66
300533.SZ,62.92
300534.SZ,7.5
300535.SZ,15.88
300536.SZ,19.8
300537.SZ,23.47
300538.SZ,35.2
300539.SZ,10.31
300540.SZ,21.92
300541.SZ,29.38
300542.SZ,21.36
300543.SZ,27.73
300545.SZ,47.5
300546.SZ,36.49
300547.SZ,24.22
300548.SZ,138.08
300549.SZ,16.25
300550.SZ,64.51
300551.SZ,37.23
300552.SZ,115.0
300553.SZ,45.98
300554.SZ,26.55
300555.SZ,14.0
300556.SZ,20.24
300557.SZ,33.0
300558.SZ,106.6
300559.SZ,36.87
300560.SZ,26.5
300561.SZ,25.75
300562.SZ,23.8
300563.SZ,38.09
300564.SZ,56.0
300565.SZ,20.06
300566.SZ,31.13
300567.SZ,77.23
300568.SZ,43.88
300569.SZ,20.59
300570.SZ,36.56
300571.SZ,71.0
300572.SZ,76.0
300573.SZ,119.5
300575.SZ,61.9
300576.SZ,84.0
300577.SZ,39.26
300578.SZ,86.35
300579.SZ,52.37
300580.SZ,22.35
300581.SZ,27.38
300582.SZ,15.21
300583.SZ,36.85
300584.SZ,37.85
300585.SZ,29.87
300586.SZ,26.74
300587.SZ,24.3
300588.SZ,14.65
300589.SZ,16.66
300590.SZ,68.77
300591.SZ,7.95
300592.SZ,14.86
300593.SZ,26.88
300594.SZ,48.99
300595.SZ,77.77
300596.SZ,43.88
300597.SZ,17.34
300598.SZ,353.0
300599.SZ,13.95
300600.SZ,22.46
300601.SZ,152.57
300602.SZ,64.37
300603.SZ,51.46
300604.SZ,36.9
300605.SZ,25.25
300606.SZ,44.68
300607.SZ,80.33
300608.SZ,26.97
300609.SZ,48.0
300610.SZ,15.69
300611.SZ,12.72
300612.SZ,23.3
300613.SZ,215.8
300615.SZ,41.38
300616.SZ,91.65
300617.SZ,40.85
300618.SZ,94.0
300619.SZ,28.07
300620.SZ,47.89
300621.SZ,15.27
300622.SZ,27.91
300623.SZ,48.9
300624.SZ,109.86
300625.SZ,19.1
300626.SZ,12.25
300627.SZ,32.49
300628.SZ,119.35
300629.SZ,26.96
300630.SZ,84.4
300631.SZ,25.63
300632.SZ,31.0
300633.SZ,37.6
300634.SZ,27.7
300635.SZ,25.95
300636.SZ,48.38
300637.SZ,14.73
300638.SZ,95.72
300639.SZ,37.88
300640.SZ,15.5
300641.SZ,5.94
300642.SZ,53.35
300643.SZ,28.35
300644.SZ,46.82
300645.SZ,18.52
300647.SZ,17.68
300648.SZ,25.06
300649.SZ,25.28
300650.SZ,21.98
300651.SZ,70.0
300652.SZ,22.53
300653.SZ,94.91
300654.SZ,23.99
300655.SZ,59.94
300656.SZ,29.85
300657.SZ,43.11
300658.SZ,47.2
300659.SZ,105.72
300660.SZ,22.2
300661.SZ,409.0
300662.SZ,46.86
300663.SZ,42.17
300664.SZ,16.8
300665.SZ,12.22
300666.SZ,68.66
300667.SZ,36.47
300668.SZ,21.61
300669.SZ,43.5
300670.SZ,17.36
300671.SZ,41.93
300672.SZ,69.98
300673.SZ,38.0
300674.SZ,47.67
300675.SZ,21.5
300676.SZ,124.91
300677.SZ,84.1
300678.SZ,29.38
300679.SZ,54.97
300680.SZ,28.6
300681.SZ,37.4
300682.SZ,35.9
300683.SZ,85.0
300684.SZ,41.85
300685.SZ,89.08
300686.SZ,29.2
300687.SZ,24.42
300688.SZ,41.41
300689.SZ,53.6
300690.SZ,28.7
300691.SZ,28.86
300692.SZ,17.1
300693.SZ,21.89
300694.SZ,22.49
300695.SZ,73.88
300696.SZ,47.48
300697.SZ,17.38
300698.SZ,32.51
300699.SZ,61.1
300700.SZ,32.4
300701.SZ,38.86
300702.SZ,98.86
300703.SZ,18.6
300705.SZ,15.49
300706.SZ,44.44
300707.SZ,25.3
300708.SZ,20.8
300709.SZ,157.0
300710.SZ,32.07
300711.SZ,22.92
300712.SZ,19.5
300713.SZ,27.54
300715.SZ,40.92
300716.SZ,16.73
300717.SZ,22.49
300718.SZ,28.98
300719.SZ,15.35
300720.SZ,26.42
300721.SZ,25.52
300722.SZ,34.5
300723.SZ,47.9
300724.SZ,82.21
300725.SZ,96.74
300726.SZ,35.09
300727.SZ,19.27
300729.SZ,33.88
300730.SZ,24.09
300731.SZ,42.89
300732.SZ,32.81
300733.SZ,16.38
300735.SZ,38.21
300736.SZ,22.93
300737.SZ,22.48
300738.SZ,78.6
300739.SZ,27.5
300740.SZ,14.95
300741.SZ,35.3
300742.SZ,36.3
300743.SZ,41.52
300745.SZ,31.69
300746.SZ,18.62
300747.SZ,149.73
300748.SZ,75.89
300749.SZ,33.95
300750.SZ,169.89
300751.SZ,228.0
300752.SZ,52.62
300753.SZ,52.15
300755.SZ,52.41
300756.SZ,83.0
300757.SZ,48.5
300758.SZ,39.83
300759.SZ,70.9
300760.SZ,288.58
300761.SZ,80.0
300762.SZ,71.66
300763.SZ,85.42
300765.SZ,63.47
300766.SZ,56.35
300767.SZ,111.42
300768.SZ,52.9
300769.SZ,232.0
300770.SZ,205.99
300771.SZ,83.38
300772.SZ,23.98
300773.SZ,101.37
300775.SZ,56.34
300776.SZ,168.86
300777.SZ,54.86
300778.SZ,57.63
300779.SZ,57.24
300780.SZ,37.86
300781.SZ,53.68
300782.SZ,718.0
300783.SZ,91.59
300785.SZ,216.4
300786.SZ,85.0
300787.SZ,110.65
300788.SZ,55.27
300789.SZ,103.88
300790.SZ,54.2
300791.SZ,95.36
300792.SZ,390.04
300793.SZ,73.5
300795.SZ,40.06
300796.SZ,34.21
300797.SZ,31.19
300798.SZ,22.5
300799.SZ,156.5
300800.SZ,97.05
300801.SZ,52.58
300802.SZ,77.5
300803.SZ,74.74
300805.SZ,44.07
300806.SZ,56.03
300807.SZ,69.19
300808.SZ,37.5
300809.SZ,34.39
300810.SZ,101.11
300811.SZ,107.87
300812.SZ,86.88
300813.SZ,91.25
300815.SZ,144.01
300816.SZ,58.93
300817.SZ,43.0
300818.SZ,49.01
300819.SZ,40.0
300820.SZ,180.0
300821.SZ,15.99
300822.SZ,61.5
300823.SZ,42.32
300825.SZ,23.06
300826.SZ,55.88
300827.SZ,56.29
300828.SZ,35.2
300829.SZ,52.77
300830.SZ,21.5
300831.SZ,23.93
300832.SZ,141.88
300833.SZ,91.84
300835.SZ,38.34
300836.SZ,40.58
600000.SH,13.33
600004.SH,23.69
600006.SH,6.06
600007.SH,18.35
600008.SH,4.2
600009.SH,88.9
600010.SH,1.85
600011.SH,7.04
600012.SH,6.57
600015.SH,7.88
600016.SH,6.49
600017.SH,3.36
600018.SH,7.92
600019.SH,7.08
600020.SH,6.23
600021.SH,8.99
600022.SH,1.76
600023.SH,4.75
600025.SH,4.96
600026.SH,9.75
600027.SH,4.17
600028.SH,5.59
600029.SH,8.1
600030.SH,26.33
600031.SH,21.03
600033.SH,3.45
600035.SH,4.36
600036.SH,40.16
600037.SH,11.23
600038.SH,51.49
600039.SH,4.33
600048.SH,17.35
600050.SH,6.96
600051.SH,9.49
600052.SH,6.5
600053.SH,32.62
600054.SH,10.12
600055.SH,17.89
600056.SH,18.29
600057.SH,6.53
600058.SH,10.4
600059.SH,10.19
600060.SH,14.41
600061.SH,15.94
600062.SH,15.83
600063.SH,4.94
600064.SH,11.66
600066.SH,16.56
600067.SH,5.43
600068.SH,7.51
600069.SH,3.28
600070.SH,12.91
600071.SH,13.39
600072.SH,19.47
600073.SH,11.25
600074.SH,0.94
600075.SH,6.34
600076.SH,5.05
600077.SH,3.18
600078.SH,7.55
600079.SH,24.97
600080.SH,7.77
600081.SH,14.42
600082.SH,5.21
600083.SH,30.65
600084.SH,2.98
600085.SH,31.75
600086.SH,4.89
600088.SH,18.76
600089.SH,8.46
600090.SH,5.76
600091.SH,4.09
600093.SH,20.81
600094.SH,8.57
600095.SH,12.34
600096.SH,6.89
600097.SH,11.47
600098.SH,6.74
600099.SH,8.13
600100.SH,10.65
600101.SH,8.98
600103.SH,3.12
600104.SH,27.48
600105.SH,6.1
600106.SH,3.75
600107.SH,14.38
600108.SH,4.27
600109.SH,11.87
600110.SH,7.05
600111.SH,15.08
600112.SH,4.52
600113.SH,7.95
600114.SH,15.8
600115.SH,6.5
600116.SH,9.92
600117.SH,4.05
600118.SH,41.7
600119.SH,6.4
600120.SH,17.5
600121.SH,3.55
600122.SH,4.35
600123.SH,7.62
600125.SH,7.76
600126.SH,9.75
600127.SH,13.36
600128.SH,9.0
600129.SH,14.27
600130.SH,5.62
600131.SH,23.45
600132.SH,62.9
600133.SH,7.59
600135.SH,9.66
600136.SH,15.86
600137.SH,17.57
600138.SH,13.87
600139.SH,4.49
600141.SH,13.07
600143.SH,14.46
600146.SH,23.4
600148.SH,16.98
600149.SH,6.55
600150.SH,29.55
600151.SH,5.85
600152.SH,8.68
600153.SH,9.56
600155.SH,15.96
600156.SH,7.03
600157.SH,2.04
600158.SH,12.23
600159.SH,3.22
600160.SH,9.79
600161.SH,39.37
600162.SH,2.65
600163.SH,4.93
600165.SH,5.4
600166.SH,2.74
600167.SH,16.27
600168.SH,11.3
600169.SH,2.78
600170.SH,4.05
600171.SH,23.58
600172.SH,4.35
600173.SH,5.51
600175.SH,3.72
600176.SH,11.58
600177.SH,9.52
600178.SH,6.2
600179.SH,7.5
600180.SH,9.98
600182.SH,18.66
600183.SH,36.8
600184.SH,13.36
600185.SH,7.76
600186.SH,3.68
600187.SH,3.27
600188.SH,11.65
600189.SH,4.88
600190.SH,3.89
600191.SH,10.2
600192.SH,7.35
600193.SH,4.09
600195.SH,18.98
600196.SH,38.88
600197.SH,20.18
600198.SH,17.08
600199.SH,8.19
600200.SH,11.86
600201.SH,26.51
600202.SH,5.55
600203.SH,14.22
600206.SH,17.11
600207.SH,5.84
600208.SH,5.13
600209.SH,4.63
600210.SH,5.87
600211.SH,42.0
600212.SH,5.84
600213.SH,13.6
600215.SH,12.39
600216.SH,19.85
600217.SH,8.15
600218.SH,18.28
600219.SH,2.48
600220.SH,2.85
600221.SH,2.15
600222.SH,8.9
600223.SH,11.69
600225.SH,4.63
600226.SH,4.43
600227.SH,3.39
600228.SH,13.19
600229.SH,10.15
600230.SH,17.38
600231.SH,3.53
600232.SH,8.66
600233.SH,15.88
600234.SH,10.47
600235.SH,6.38
600236.SH,6.26
600237.SH,6.77
600238.SH,10.49
600239.SH,4.08
600240.SH,2.51
600241.SH,6.42
600242.SH,11.47
600243.SH,5.75
600246.SH,8.81
600247.SH,5.42
600248.SH,5.15
600249.SH,5.21
600250.SH,8.8
600251.SH,7.64
600252.SH,3.98
600255.SH,2.18
600256.SH,3.97
600257.SH,5.6
600258.SH,21.72
600259.SH,48.64
600260.SH,20.85
600261.SH,5.0
600262.SH,22.95
600265.SH,30.68
600266.SH,10.84
600267.SH,18.89
600268.SH,13.55
600269.SH,4.76
600271.SH,25.88
600272.SH,9.77
600273.SH,13.08
600275.SH,3.55
600276.SH,101.0
600277.SH,8.95
600278.SH,14.68
600279.SH,5.28
600280.SH,4.23
600281.SH,6.1
600282.SH,3.62
600283.SH,12.35
600284.SH,8.15
600285.SH,11.11
600287.SH,8.68
600288.SH,14.1
600289.SH,6.23
600290.SH,6.04
600291.SH,11.19
600292.SH,7.37
600293.SH,4.82
600295.SH,9.26
600297.SH,4.81
600298.SH,42.24
600299.SH,13.62
600300.SH,4.4
600301.SH,7.52
600302.SH,5.86
600303.SH,5.69
600305.SH,23.66
600306.SH,8.38
600307.SH,2.14
600308.SH,5.01
600309.SH,57.76
600310.SH,6.08
600311.SH,5.6
600312.SH,10.46
600313.SH,4.97
600315.SH,40.4
600316.SH,17.97
600317.SH,2.98
600318.SH,14.53
600319.SH,6.63
600320.SH,4.0
600321.SH,2.77
600322.SH,4.8
600323.SH,22.53
600325.SH,8.78
600326.SH,8.08
600327.SH,6.13
600328.SH,9.55
600329.SH,16.6
600330.SH,11.26
600331.SH,3.74
600332.SH,44.94
600333.SH,6.09
600335.SH,7.58
600336.SH,7.37
600337.SH,5.54
600338.SH,39.5
600339.SH,4.45
600340.SH,33.57
600343.SH,11.3
600345.SH,31.02
600346.SH,18.45
600348.SH,6.13
600350.SH,6.11
600351.SH,7.46
600352.SH,20.6
600353.SH,7.03
600354.SH,8.61
600355.SH,4.66
600356.SH,9.4
600358.SH,5.08
600359.SH,11.85
600360.SH,11.54
600361.SH,4.91
600362.SH,17.62
600363.SH,16.76
600365.SH,6.09
600366.SH,11.34
600367.SH,9.47
600368.SH,6.41
600369.SH,5.68
600370.SH,4.24
600371.SH,16.9
600372.SH,16.14
600373.SH,18.81
600375.SH,8.68
600376.SH,9.66
600377.SH,11.66
600378.SH,24.51
600379.SH,9.17
600380.SH,13.75
600381.SH,6.82
600382.SH,10.8
600383.SH,15.84
600385.SH,8.61
600386.SH,5.22
600387.SH,9.67
600388.SH,13.38
600389.SH,23.98
600390.SH,10.0
600391.SH,25.0
600392.SH,13.62
600393.SH,5.18
600395.SH,6.47
600396.SH,3.18
600397.SH,3.28
600398.SH,9.39
600399.SH,4.56
600400.SH,5.48
600401.SH,0.78
600403.SH,4.65
600405.SH,6.47
600406.SH,24.35
600408.SH,2.89
600409.SH,7.85
600410.SH,16.39
600415.SH,4.36
600416.SH,13.31
600418.SH,8.38
600419.SH,16.49
600420.SH,11.76
600421.SH,14.44
600422.SH,14.47
600423.SH,3.75
600425.SH,4.65
600426.SH,21.52
600428.SH,4.12
600429.SH,6.67
600433.SH,4.29
600435.SH,9.95
600436.SH,152.0
600438.SH,20.1
600439.SH,3.78
600444.SH,12.47
600446.SH,26.86
600448.SH,8.1
600449.SH,15.78
600452.SH,26.69
600455.SH,51.0
600456.SH,31.69
600458.SH,11.53
600459.SH,24.36
600460.SH,21.6
600461.SH,7.44
600462.SH,2.04
600463.SH,12.18
600466.SH,7.75
600467.SH,3.63
600468.SH,6.6
600469.SH,6.8
600470.SH,5.62
600475.SH,12.55
600476.SH,26.97
600477.SH,5.0
600478.SH,6.48
600479.SH,11.1
600480.SH,12.57
600481.SH,4.13
600482.SH,27.49
600483.SH,9.5
600485.SH,13.86
600486.SH,89.58
600487.SH,22.15
600488.SH,6.2
600489.SH,10.77
600490.SH,5.86
600491.SH,9.74
600493.SH,7.17
600495.SH,5.18
600496.SH,4.34
600497.SH,5.42
600498.SH,41.95
600499.SH,5.77
600500.SH,7.75
600501.SH,11.5
600502.SH,5.13
600503.SH,4.15
600505.SH,11.8
600506.SH,13.99
600507.SH,14.29
600508.SH,10.37
600509.SH,6.22
600510.SH,9.8
600511.SH,43.24
600512.SH,4.34
600513.SH,23.3
600515.SH,6.32
600516.SH,19.77
600517.SH,9.02
600518.SH,8.59
600519.SH,1371.96
600520.SH,15.87
600521.SH,30.57
600522.SH,12.63
600523.SH,17.05
600525.SH,7.31
600526.SH,6.74
600527.SH,5.42
600528.SH,12.33
600529.SH,46.78
600530.SH,7.18
600531.SH,6.28
600532.SH,6.76
600533.SH,4.18
600535.SH,21.3
600536.SH,103.5
600537.SH,4.32
600538.SH,9.45
600539.SH,7.36
600540.SH,6.74
600543.SH,7.79
600545.SH,8.06
600546.SH,14.65
600547.SH,52.0
600548.SH,12.11
600549.SH,16.93
600550.SH,8.1
600551.SH,9.76
600552.SH,7.14
600555.SH,3.73
600556.SH,21.75
600557.SH,18.66
600558.SH,3.83
600559.SH,16.82
600560.SH,13.16
600561.SH,7.78
600562.SH,17.95
600563.SH,65.04
600565.SH,4.35
600566.SH,35.3
600567.SH,3.94
600568.SH,2.65
600569.SH,3.29
600570.SH,110.5
600571.SH,12.33
600572.SH,8.3
600573.SH,8.65
600575.SH,3.43
600576.SH,6.27
600577.SH,3.86
600578.SH,3.4
600579.SH,12.85
600580.SH,16.05
600581.SH,4.04
600582.SH,3.74
600583.SH,8.2
600584.SH,35.18
600585.SH,62.87
600586.SH,3.8
600587.SH,20.65
600588.SH,54.85
600589.SH,8.3
600590.SH,7.11
600592.SH,19.2
600593.SH,45.58
600594.SH,6.56
600595.SH,2.43
600596.SH,12.21
600597.SH,16.46
600598.SH,18.15
600599.SH,16.89
600600.SH,63.27
600601.SH,4.1
600602.SH,9.85
600603.SH,6.5
600604.SH,15.56
600605.SH,12.78
600606.SH,7.49
600608.SH,5.28
600609.SH,5.48
600611.SH,4.92
600612.SH,56.19
600613.SH,10.18
600614.SH,5.24
600615.SH,12.74
600616.SH,6.64
600617.SH,6.5
600618.SH,11.66
600619.SH,9.89
600620.SH,9.35
600621.SH,19.42
600622.SH,8.02
600623.SH,8.7
600624.SH,14.2
600626.SH,9.46
600628.SH,13.27
600629.SH,12.62
600630.SH,11.0
600633.SH,11.44
600634.SH,2.76
600635.SH,7.72
600636.SH,16.66
600637.SH,12.49
600638.SH,9.31
600639.SH,16.92
600640.SH,30.02
600641.SH,29.88
600642.SH,6.26
600643.SH,10.68
600644.SH,6.95
600645.SH,24.61
600647.SH,22.98
600648.SH,21.88
600649.SH,7.58
600650.SH,12.65
600651.SH,5.34
600652.SH,3.32
600653.SH,2.68
600654.SH,2.65
600655.SH,9.52
600657.SH,4.62
600658.SH,6.54
600660.SH,26.25
600661.SH,25.16
600662.SH,8.96
600663.SH,17.97
600664.SH,6.53
600665.SH,4.2
600666.SH,3.21
600667.SH,16.19
600668.SH,16.78
600671.SH,16.84
600673.SH,10.53
600674.SH,10.25
600675.SH,6.65
600676.SH,5.47
600677.SH,20.89
600678.SH,9.77
600679.SH,15.99
600681.SH,8.48
600682.SH,15.56
600683.SH,5.4
600684.SH,4.51
600685.SH,20.95
600686.SH,9.12
600687.SH,2.89
600688.SH,5.45
600689.SH,11.8
600690.SH,20.23
600691.SH,2.84
600692.SH,8.73
600693.SH,5.9
600694.SH,29.9
600695.SH,11.09
600696.SH,15.04
600697.SH,19.55
600698.SH,3.39
600699.SH,32.8
600701.SH,3.05
600702.SH,34.3
600703.SH,31.63
600704.SH,6.23
600705.SH,5.77
600706.SH,12.15
600707.SH,5.96
600708.SH,6.55
600710.SH,7.24
600711.SH,6.18
600712.SH,11.3
600713.SH,5.6
600714.SH,7.18
600715.SH,4.52
600716.SH,4.76
600717.SH,8.05
600718.SH,15.54
600719.SH,6.05
600720.SH,18.1
600721.SH,7.24
600722.SH,7.27
600723.SH,7.3
600724.SH,5.47
600725.SH,3.6
600726.SH,2.29
600727.SH,8.98
600728.SH,11.97
600729.SH,34.9
600730.SH,6.57
600731.SH,8.07
600732.SH,11.93
600733.SH,10.39
600734.SH,13.11
600735.SH,7.48
600736.SH,9.23
600737.SH,9.96
600738.SH,8.69
600739.SH,21.5
600740.SH,9.44
600741.SH,30.31
600742.SH,14.65
600743.SH,2.94
600744.SH,3.82
600745.SH,171.88
600746.SH,10.48
600747.SH,1.39
600748.SH,11.39
600749.SH,12.38
600750.SH,17.25
600751.SH,4.03
600753.SH,22.51
600754.SH,30.84
600755.SH,9.03
600756.SH,29.25
600757.SH,7.35
600758.SH,8.69
600759.SH,4.25
600760.SH,38.22
600761.SH,10.83
600763.SH,140.35
600764.SH,34.87
600765.SH,11.61
600766.SH,11.54
600767.SH,6.49
600768.SH,15.9
600769.SH,7.15
600770.SH,7.59
600771.SH,29.3
600773.SH,7.5
600774.SH,13.16
600775.SH,16.98
600776.SH,28.62
600777.SH,2.46
600778.SH,7.7
600779.SH,60.37
600780.SH,3.83
600781.SH,15.29
600782.SH,5.73
600783.SH,20.25
600784.SH,5.7
600785.SH,17.85
600787.SH,6.07
600789.SH,18.35
600790.SH,4.05
600791.SH,4.51
600792.SH,4.36
600793.SH,20.39
600794.SH,6.45
600795.SH,2.69
600796.SH,7.41
600797.SH,12.57
600798.SH,4.31
600800.SH,6.98
600801.SH,29.15
600802.SH,13.46
600803.SH,12.49
600804.SH,9.16
600805.SH,6.39
600807.SH,5.38
600808.SH,3.68
600809.SH,129.85
600810.SH,16.06
600811.SH,4.04
600812.SH,12.4
600814.SH,5.75
600815.SH,3.47
600816.SH,5.94
600817.SH,10.99
600818.SH,13.55
600819.SH,5.78
600820.SH,6.78
600821.SH,6.38
600822.SH,13.38
600823.SH,5.01
600824.SH,4.1
600825.SH,6.16
600826.SH,14.37
600827.SH,10.3
600828.SH,5.55
600829.SH,11.5
600830.SH,8.49
600831.SH,12.85
600833.SH,12.29
600834.SH,14.87
600835.SH,20.8
600836.SH,6.64
600837.SH,16.64
600838.SH,7.48
600839.SH,4.05
600841.SH,8.69
600843.SH,9.5
600844.SH,5.92
600845.SH,57.55
600846.SH,10.02
600847.SH,13.92
600848.SH,38.3
600850.SH,32.65
600851.SH,10.74
600853.SH,5.25
600854.SH,4.3
600855.SH,29.66
600856.SH,3.98
600857.SH,10.89
600858.SH,5.54
600859.SH,22.43
600860.SH,8.58
600861.SH,14.83
600862.SH,18.15
600863.SH,3.33
600864.SH,8.5
600865.SH,6.87
600866.SH,8.47
600867.SH,19.35
600868.SH,4.15
600869.SH,5.5
600870.SH,3.91
600871.SH,2.86
600872.SH,54.32
600873.SH,5.39
600874.SH,9.35
600875.SH,11.49
600876.SH,18.11
600877.SH,8.27
600879.SH,8.33
600880.SH,4.77
600881.SH,3.54
600882.SH,39.1
600883.SH,12.47
600884.SH,16.46
600885.SH,39.5
600886.SH,9.98
600887.SH,34.66
600888.SH,6.11
600889.SH,6.25
600890.SH,10.4
600891.SH,2.87
600892.SH,6.27
600893.SH,27.0
600894.SH,9.89
600895.SH,21.92
600896.SH,6.6
600897.SH,26.05
600898.SH,10.42
600900.SH,19.65
600901.SH,6.73
600903.SH,20.0
600908.SH,6.41
600909.SH,9.78
600917.SH,8.22
600919.SH,7.6
600926.SH,9.78
600928.SH,9.76
600929.SH,9.13
600933.SH,16.27
600936.SH,5.35
600939.SH,5.25
600958.SH,11.41
600959.SH,4.94
600960.SH,4.7
600961.SH,10.09
600962.SH,10.14
600963.SH,5.98
600965.SH,11.1
600966.SH,9.31
600967.SH,12.16
600968.SH,4.7
600969.SH,7.89
600970.SH,7.11
600971.SH,7.85
600973.SH,4.99
600975.SH,13.49
600976.SH,19.28
600977.SH,17.4
600978.SH,4.19
600979.SH,4.94
600980.SH,22.09
600981.SH,5.57
600982.SH,3.65
600983.SH,7.4
600984.SH,17.89
600985.SH,12.67
600986.SH,6.16
600987.SH,10.59
600988.SH,10.39
600989.SH,17.5
600990.SH,62.58
600992.SH,9.75
600993.SH,19.62
600995.SH,8.45
600996.SH,11.45
600997.SH,6.53
600998.SH,20.5
600999.SH,19.75
601000.SH,3.01
601001.SH,4.89
601002.SH,7.5
601003.SH,7.02
601005.SH,2.13
601006.SH,8.85
601007.SH,11.6
601008.SH,5.69
601009.SH,9.43
601010.SH,3.92
601011.SH,6.39
601012.SH,35.4
601015.SH,5.66
601016.SH,2.89
601018.SH,5.07
601019.SH,8.08
601020.SH,12.78
601021.SH,47.7
601028.SH,8.42
601038.SH,12.18
601058.SH,5.19
601066.SH,38.89
601068.SH,9.71
601069.SH,18.85
601077.SH,10.6
601086.SH,6.25
601088.SH,20.86
601098.SH,13.57
601099.SH,4.18
601100.SH,77.49
601101.SH,6.73
601106.SH,3.47
601107.SH,4.38
601108.SH,13.25
601111.SH,10.0
601113.SH,8.4
601116.SH,18.38
601117.SH,7.74
601118.SH,5.79
601126.SH,8.8
601127.SH,14.64
601128.SH,9.39
601137.SH,15.06
601138.SH,21.0
601139.SH,8.88
601155.SH,43.65
601158.SH,5.92
601162.SH,11.78
601163.SH,16.46
601166.SH,20.42
601168.SH,7.28
601169.SH,6.33
601177.SH,12.69
601179.SH,8.11
601186.SH,11.24
601188.SH,3.78
601198.SH,13.54
601199.SH,5.09
601200.SH,15.46
601208.SH,7.2
601211.SH,19.52
601212.SH,5.0
601216.SH,3.53
601218.SH,3.33
601222.SH,6.25
601225.SH,9.6
601226.SH,4.98
601228.SH,4.52
601229.SH,12.58
601231.SH,27.29
601233.SH,15.98
601236.SH,27.88
601238.SH,13.49
601258.SH,1.69
601288.SH,3.83
601298.SH,9.11
601311.SH,12.49
601318.SH,92.5
601319.SH,9.96
601326.SH,3.87
601328.SH,6.35
601330.SH,17.9
601333.SH,3.38
601336.SH,58.01
601339.SH,5.33
601360.SH,29.47
601366.SH,7.26
601368.SH,7.05
601369.SH,7.33
601375.SH,6.46
601377.SH,7.56
601388.SH,2.75
601390.SH,6.95
601398.SH,6.05
601500.SH,8.48
601512.SH,16.84
601515.SH,9.96
601518.SH,3.25
601519.SH,10.47
601555.SH,11.28
601558.SH,1.37
601566.SH,14.58
601567.SH,9.27
601577.SH,10.6
601579.SH,9.49
601588.SH,4.43
601595.SH,21.6
601598.SH,5.7
601599.SH,4.24
601600.SH,4.33
601601.SH,40.4
601606.SH,18.23
601607.SH,22.34
601608.SH,4.87
601609.SH,13.95
601611.SH,8.67
601615.SH,14.35
601616.SH,4.19
601618.SH,3.22
601619.SH,5.41
601628.SH,36.3
601633.SH,10.08
601636.SH,6.13
601658.SH,6.14
601666.SH,4.75
601668.SH,6.2
601669.SH,5.47
601677.SH,12.66
601678.SH,7.78
601688.SH,23.58
601689.SH,27.0
601696.SH,25.03
601698.SH,21.59
601699.SH,8.56
601700.SH,8.23
601717.SH,7.7
601718.SH,5.31
601727.SH,5.73
601766.SH,8.52
601777.SH,6.58
601778.SH,10.56
601788.SH,14.15
601789.SH,6.31
601798.SH,6.81
601799.SH,113.74
601800.SH,11.95
601801.SH,6.65
601808.SH,21.2
601811.SH,15.37
601816.SH,8.22
601818.SH,4.74
601828.SH,14.4
601838.SH,9.35
601857.SH,7.47
601858.SH,14.67
601860.SH,8.17
601865.SH,16.56
601866.SH,3.15
601869.SH,43.97
601872.SH,8.56
601877.SH,30.61
601878.SH,12.85
601880.SH,2.32
601881.SH,12.9
601882.SH,8.92
601886.SH,9.02
601888.SH,98.27
601890.SH,7.26
601898.SH,5.26
601899.SH,5.02
601900.SH,14.58
601901.SH,9.03
601908.SH,4.39
601916.SH,5.58
601918.SH,3.58
601919.SH,5.57
601928.SH,9.4
601929.SH,2.66
601933.SH,11.2
601939.SH,7.62
601949.SH,7.6
601952.SH,11.65
601958.SH,8.22
601965.SH,9.95
601966.SH,24.46
601968.SH,5.65
601969.SH,6.74
601975.SH,4.27
601985.SH,5.85
601988.SH,3.91
601989.SH,6.86
601990.SH,19.24
601991.SH,3.27
601992.SH,3.89
601996.SH,3.42
601997.SH,13.7
601998.SH,6.49
601999.SH,12.55
603000.SH,26.88
603001.SH,11.11
603002.SH,6.08
603003.SH,11.5
603005.SH,138.54
603006.SH,15.5
603007.SH,9.45
603008.SH,16.42
603009.SH,9.95
603010.SH,18.37
603011.SH,7.48
603012.SH,17.65
603013.SH,19.56
603015.SH,7.5
603016.SH,26.92
603017.SH,13.88
603018.SH,19.87
603019.SH,54.11
603020.SH,11.47
603021.SH,10.23
603022.SH,20.68
603023.SH,7.3
603025.SH,11.25
603026.SH,46.66
603027.SH,38.92
603028.SH,14.0
603029.SH,15.82
603030.SH,7.47
603031.SH,40.86
603032.SH,33.82
603033.SH,31.4
603035.SH,18.0
603036.SH,13.48
603037.SH,23.64
603038.SH,20.17
603039.SH,101.98
603040.SH,37.08
603041.SH,21.01
603042.SH,29.68
603043.SH,36.46
603045.SH,32.0
603050.SH,17.3
603053.SH,24.0
603055.SH,11.76
603056.SH,16.2
603058.SH,9.56
603059.SH,31.88
603060.SH,28.89
603063.SH,11.52
603066.SH,13.41
603067.SH,9.66
603068.SH,145.99
603069.SH,15.27
603076.SH,27.14
603077.SH,2.12
603078.SH,53.8
603079.SH,61.47
603080.SH,21.55
603081.SH,18.49
603083.SH,43.29
603085.SH,13.56
603086.SH,35.25
603088.SH,15.38
603089.SH,23.78
603090.SH,20.25
603093.SH,33.86
603095.SH,41.44
603096.SH,67.7
603098.SH,13.43
603099.SH,11.51
603100.SH,10.6
603101.SH,12.7
603103.SH,25.25
603105.SH,13.61
603106.SH,14.47
603108.SH,12.85
603109.SH,51.19
603110.SH,20.54
603111.SH,8.5
603113.SH,12.85
603115.SH,31.1
603116.SH,8.48
603117.SH,4.85
603118.SH,18.37
603121.SH,35.92
603123.SH,10.51
603126.SH,6.14
603127.SH,118.57
603128.SH,10.92
603129.SH,53.78
603131.SH,26.53
603133.SH,30.13
603136.SH,27.99
603138.SH,30.27
603139.SH,18.96
603156.SH,55.33
603157.SH,7.54
603158.SH,30.79
603159.SH,25.68
603160.SH,388.0
603161.SH,16.45
603165.SH,20.8
603166.SH,7.97
603167.SH,11.8
603168.SH,10.32
603169.SH,9.46
603177.SH,16.18
603178.SH,18.72
603179.SH,25.78
603180.SH,79.92
603181.SH,20.48
603183.SH,16.82
603185.SH,53.07
603186.SH,69.9
603187.SH,48.21
603188.SH,8.99
603189.SH,35.37
603192.SH,30.17
603195.SH,193.99
603196.SH,13.09
603197.SH,43.6
603198.SH,24.18
603199.SH,26.8
603200.SH,81.58
603203.SH,33.96
603208.SH,154.5
603212.SH,32.97
603214.SH,51.12
603217.SH,87.0
603218.SH,25.48
603220.SH,35.21
603221.SH,24.73
603222.SH,55.95
603223.SH,11.35
603225.SH,13.85
603226.SH,38.76
603227.SH,5.28
603228.SH,59.76
603229.SH,46.3
603232.SH,59.0
603233.SH,79.66
603236.SH,285.0
603238.SH,35.8
603239.SH,14.48
603256.SH,25.2
603258.SH,40.62
603259.SH,119.3
603260.SH,51.23
603266.SH,23.91
603267.SH,73.5
603268.SH,18.9
603269.SH,16.4
603277.SH,10.95
603278.SH,13.86
603279.SH,34.3
603283.SH,66.29
603286.SH,19.94
603288.SH,135.88
603289.SH,12.92
603290.SH,180.0
603297.SH,47.58
603298.SH,14.2
603299.SH,8.98
603300.SH,10.55
603301.SH,55.6
603303.SH,14.09
603305.SH,61.3
603306.SH,18.8
603308.SH,22.58
603309.SH,22.81
603311.SH,18.36
603313.SH,31.45
603315.SH,13.88
603316.SH,13.5
603317.SH,61.46
603318.SH,33.5
603319.SH,22.05
603320.SH,27.43
603321.SH,11.2
603322.SH,28.69
603323.SH,6.99
603326.SH,20.49
603327.SH,37.15
603328.SH,14.55
603329.SH,22.95
603330.SH,21.1
603331.SH,18.95
603332.SH,32.16
603333.SH,12.3
603335.SH,7.62
603336.SH,24.28
603337.SH,37.58
603338.SH,96.41
603339.SH,18.0
603345.SH,116.4
603348.SH,28.96
603351.SH,54.44
603353.SH,44.02
603355.SH,26.17
603356.SH,18.7
603357.SH,19.65
603358.SH,22.66
603359.SH,22.33
603360.SH,38.63
603363.SH,25.58
603365.SH,19.45
603366.SH,9.56
603367.SH,20.65
603368.SH,40.66
603369.SH,38.0
603377.SH,25.58
603378.SH,40.48
603379.SH,49.53
603380.SH,19.55
603383.SH,98.44
603385.SH,17.2
603386.SH,20.77
603387.SH,41.5
603388.SH,14.0
603389.SH,10.86
603390.SH,24.28
603392.SH,70.1
603393.SH,50.64
603396.SH,36.72
603398.SH,17.45
603399.SH,13.5
603416.SH,42.8
603421.SH,28.18
603429.SH,51.21
603439.SH,35.18
603444.SH,452.5
603456.SH,26.26
603458.SH,35.53
603466.SH,19.37
603477.SH,17.8
603486.SH,45.98
603488.SH,9.58
603489.SH,120.5
603496.SH,34.1
603499.SH,36.73
603500.SH,17.2
603501.SH,221.87
603505.SH,28.28
603506.SH,28.55
603507.SH,26.69
603508.SH,82.8
603515.SH,36.12
603516.SH,54.98
603517.SH,66.52
603518.SH,13.99
603519.SH,18.87
603520.SH,83.18
603527.SH,16.47
603528.SH,9.44
603530.SH,36.85
603533.SH,37.68
603535.SH,20.46
603536.SH,25.1
603538.SH,45.8
603551.SH,25.53
603555.SH,7.0
603556.SH,20.15
603557.SH,13.45
603558.SH,12.12
603559.SH,34.99
603566.SH,25.6
603567.SH,15.81
603568.SH,32.1
603569.SH,12.86
603577.SH,17.54
603578.SH,24.0
603579.SH,34.6
603580.SH,19.85
603583.SH,66.0
603585.SH,25.37
603586.SH,20.75
603587.SH,28.4
603588.SH,13.97
603589.SH,68.88
603590.SH,43.85
603595.SH,41.69
603596.SH,37.5
603598.SH,24.68
603599.SH,17.74
603600.SH,15.84
603601.SH,19.58
603602.SH,31.35
603603.SH,15.76
603605.SH,168.88
603606.SH,15.18
603607.SH,26.85
603608.SH,14.05
603609.SH,16.56
603610.SH,64.31
603611.SH,23.33
603612.SH,15.19
603613.SH,136.5
603615.SH,12.5
603616.SH,11.2
603617.SH,24.15
603618.SH,8.07
603619.SH,23.51
603626.SH,15.5
603628.SH,10.02
603629.SH,35.6
603630.SH,17.86
603633.SH,13.62
603636.SH,16.65
603637.SH,21.01
603638.SH,48.5
603639.SH,30.5
603648.SH,15.43
603650.SH,29.1
603655.SH,31.99
603656.SH,17.86
603657.SH,28.8
603658.SH,151.37
603659.SH,107.5
603660.SH,21.75
603661.SH,47.38
603662.SH,61.48
603663.SH,18.98
603665.SH,27.0
603666.SH,119.38
603667.SH,10.62
603668.SH,14.76
603669.SH,12.49
603676.SH,14.36
603677.SH,14.98
603678.SH,35.64
603679.SH,55.0
603680.SH,16.94
603681.SH,33.6
603682.SH,13.18
603683.SH,19.0
603685.SH,18.2
603686.SH,24.2
603687.SH,24.94
603688.SH,34.03
603689.SH,12.71
603690.SH,46.96
603693.SH,15.08
603696.SH,18.98
603697.SH,23.18
603698.SH,17.46
603699.SH,14.87
603700.SH,40.47
603701.SH,21.9
603703.SH,25.78
603706.SH,26.96
603707.SH,64.56
603708.SH,39.3
603709.SH,39.5
603711.SH,38.4
603712.SH,32.8
603713.SH,91.8
603716.SH,22.95
603717.SH,11.87
603718.SH,20.35
603719.SH,77.95
603721.SH,42.54
603722.SH,43.8
603725.SH,11.25
603726.SH,27.7
603727.SH,22.86
603728.SH,15.71
603729.SH,22.8
603730.SH,40.98
603733.SH,17.75
603737.SH,119.34
603738.SH,37.69
603739.SH,42.76
603755.SH,78.95
603757.SH,21.09
603758.SH,7.32
603766.SH,4.76
603767.SH,8.54
603768.SH,13.38
603773.SH,44.5
603776.SH,32.51
603777.SH,19.45
603778.SH,5.95
603779.SH,15.88
603786.SH,76.48
603787.SH,25.52
603788.SH,19.48
603789.SH,18.24
603790.SH,27.35
603797.SH,18.7
603798.SH,14.35
603799.SH,58.61
603800.SH,14.06
603801.SH,32.98
603803.SH,17.47
603806.SH,54.46
603808.SH,17.94
603809.SH,16.77
603810.SH,40.52
603811.SH,33.52
603813.SH,21.95
603815.SH,31.85
603816.SH,49.25
603817.SH,9.52
603818.SH,8.75
603819.SH,19.5
603822.SH,29.15
603823.SH,35.24
603825.SH,34.58
603826.SH,29.99
603828.SH,12.2
603829.SH,12.41
603833.SH,125.15
603838.SH,9.95
603839.SH,19.57
603843.SH,8.49
603848.SH,21.89
603855.SH,14.21
603856.SH,16.45
603858.SH,28.72
603859.SH,42.61
603860.SH,31.0
603861.SH,10.86
603863.SH,31.23
603866.SH,55.55
603867.SH,41.88
603868.SH,45.0
603869.SH,20.49
603871.SH,46.34
603876.SH,20.64
603877.SH,18.08
603878.SH,17.58
603879.SH,26.66
603880.SH,22.95
603881.SH,76.55
603882.SH,76.65
603883.SH,85.66
603885.SH,15.95
603886.SH,27.79
603887.SH,37.84
603888.SH,34.88
603889.SH,10.29
603890.SH,19.5
603893.SH,84.2
603895.SH,26.4
603896.SH,42.43
603897.SH,21.64
603898.SH,18.7
603899.SH,55.18
603900.SH,13.32
603901.SH,15.51
603903.SH,21.9
603906.SH,18.54
603908.SH,31.81
603909.SH,31.93
603912.SH,30.9
603915.SH,25.81
603916.SH,28.06
603917.SH,13.18
603918.SH,15.6
603919.SH,19.8
603920.SH,31.24
603922.SH,20.3
603926.SH,16.88
603927.SH,108.79
603928.SH,14.18
603929.SH,24.21
603933.SH,22.5
603936.SH,28.34
603937.SH,13.73
603938.SH,36.78
603939.SH,105.6
603948.SH,39.6
603949.SH,32.31
603950.SH,27.56
603955.SH,19.19
603956.SH,26.48
603958.SH,9.98
603959.SH,22.0
603960.SH,39.7
603963.SH,16.11
603966.SH,14.02
603967.SH,30.0
603968.SH,18.88
603969.SH,5.59
603970.SH,21.71
603976.SH,33.92
603977.SH,12.38
603978.SH,40.69
603979.SH,10.47
603980.SH,16.27
603982.SH,35.65
603983.SH,92.89
603985.SH,23.1
603986.SH,428.18
603987.SH,15.83
603988.SH,13.95
603989.SH,31.13
603990.SH,65.42
603991.SH,30.88
603992.SH,28.92
603993.SH,5.52
603995.SH,35.67
603996.SH,7.85
603997.SH,12.45
603998.SH,10.18
603999.SH,8.88
605001.SH,28.11
605168.SH,87.29
688001.SH,78.58
688002.SH,75.25
688003.SH,72.5
688005.SH,69.46
688006.SH,80.18
688007.SH,59.97
688008.SH,126.7
688009.SH,15.21
688010.SH,95.21
688011.SH,104.5
688012.SH,254.04
688015.SH,71.17
688016.SH,262.91
688018.SH,305.0
688019.SH,338.0
688020.SH,141.95
688021.SH,50.62
688022.SH,101.01
688023.SH,317.0
688025.SH,68.9
688026.SH,157.0
688028.SH,162.08
688029.SH,218.88
688030.SH,66.5
688033.SH,64.8
688036.SH,78.68
688037.SH,168.0
688039.SH,143.01
688051.SH,142.0
688058.SH,190.0
688066.SH,77.89
688068.SH,97.66
688078.SH,61.2
688080.SH,159.88
688081.SH,60.89
688085.SH,73.88
688086.SH,86.98
688088.SH,109.88
688089.SH,50.76
688090.SH,105.8
688096.SH,33.0
688098.SH,36.88
688099.SH,166.0
688100.SH,40.3
688101.SH,27.51
688108.SH,26.0
688111.SH,294.5
688116.SH,64.9
688118.SH,60.06
688122.SH,70.0
688123.SH,108.5
688126.SH,31.45
688128.SH,27.89
688138.SH,27.8
688139.SH,44.8
688158.SH,126.0
688159.SH,87.6
688166.SH,72.38
688168.SH,210.0
688169.SH,538.88
688177.SH,78.0
688178.SH,56.7
688181.SH,66.51
688186.SH,77.28
688188.SH,278.0
688189.SH,69.25
688196.SH,55.0
688198.SH,64.0
688199.SH,74.99
688200.SH,380.0
688202.SH,109.78
688208.SH,80.4
688218.SH,40.0
688222.SH,49.9
688228.SH,105.0
688233.SH,96.0
688258.SH,147.7
688266.SH,91.62
688268.SH,101.75
688278.SH,54.0
688288.SH,48.8
688298.SH,166.3
688299.SH,31.68
688300.SH,72.0
688310.SH,40.7
688318.SH,239.6
688321.SH,125.0
688333.SH,116.8
688357.SH,61.99
688358.SH,85.0
688363.SH,115.8
688365.SH,67.43
688366.SH,149.3
688368.SH,127.5
688369.SH,98.29
688388.SH,82.47
688389.SH,31.5
688396.SH,55.0
688398.SH,113.0
688399.SH,201.78
688466.SH,58.88
688516.SH,70.1
688566.SH,54.97
688588.SH,53.51
688598.SH,111.9
900901.SH,0.681
900902.SH,0.514
900903.SH,0.522
900904.SH,1.043
900905.SH,3.559
900907.SH,0.387
900908.SH,0.715
900909.SH,0.906
900910.SH,0.859
900911.SH,1.236
900912.SH,1.525
900913.SH,0.584
900914.SH,1.064
900915.SH,0.922
900916.SH,0.562
900917.SH,0.473
900918.SH,0.583
900919.SH,0.434
900920.SH,0.604
900921.SH,0.375
900922.SH,0.89
900923.SH,1.027
900924.SH,0.697
900925.SH,1.83
900926.SH,2.41
900927.SH,0.734
900928.SH,1.648
900929.SH,1.858
900932.SH,1.503
900933.SH,2.945
900934.SH,2.2
900936.SH,0.888
900937.SH,0.224
900938.SH,0.369
900939.SH,0.828
900940.SH,0.493
900941.SH,0.609
900942.SH,1.183
900943.SH,0.765
900945.SH,0.376
900946.SH,0.249
900947.SH,0.38
900948.SH,1.182
900951.SH,0.493
900952.SH,0.38
900953.SH,0.592
900955.SH,0.334
900956.SH,1.46
900957.SH,0.678
