,ts_code,high
0,000001.SZ,17.12
1,000002.SZ,32.3
2,000004.SZ,49.0
3,000005.SZ,4.12
4,000006.SZ,5.74
5,000007.SZ,11.69
6,000008.SZ,4.24
7,000009.SZ,7.65
8,000010.SZ,4.43
9,000011.SZ,10.78
10,000012.SZ,6.0
11,000014.SZ,11.4
12,000016.SZ,13.29
13,000017.SZ,6.49
14,000019.SZ,11.57
15,000020.SZ,13.27
16,000021.SZ,25.88
17,000023.SZ,20.87
18,000025.SZ,32.73
19,000026.SZ,13.53
20,000027.SZ,6.32
21,000028.SZ,55.45
22,000030.SZ,7.17
23,000031.SZ,8.05
24,000032.SZ,21.13
25,000034.SZ,32.84
26,000035.SZ,6.94
27,000036.SZ,5.51
28,000037.SZ,15.08
29,000038.SZ,17.3
30,000039.SZ,10.84
31,000040.SZ,7.64
32,000042.SZ,11.16
33,000045.SZ,9.05
34,000046.SZ,6.67
35,000048.SZ,28.14
36,000049.SZ,51.6
37,000050.SZ,18.74
38,000055.SZ,5.78
39,000056.SZ,6.83
40,000058.SZ,12.01
41,000059.SZ,6.48
42,000060.SZ,4.98
43,000061.SZ,10.07
44,000062.SZ,21.2
45,000063.SZ,56.7
46,000065.SZ,10.41
47,000066.SZ,17.51
48,000068.SZ,5.8
49,000069.SZ,7.93
50,000070.SZ,16.69
51,000078.SZ,7.72
52,000088.SZ,6.94
53,000089.SZ,11.78
54,000090.SZ,5.29
55,000096.SZ,12.04
56,000099.SZ,8.34
57,000100.SZ,7.2
58,000150.SZ,7.64
59,000151.SZ,12.64
60,000153.SZ,8.94
61,000155.SZ,5.35
62,000156.SZ,13.45
63,000157.SZ,6.86
64,000158.SZ,14.59
65,000159.SZ,10.6
66,000166.SZ,5.27
67,000301.SZ,5.73
68,000333.SZ,59.43
69,000338.SZ,16.11
70,000400.SZ,16.26
71,000401.SZ,20.98
72,000402.SZ,7.95
73,000403.SZ,61.8
74,000404.SZ,4.52
75,000407.SZ,4.31
76,000408.SZ,10.65
77,000409.SZ,6.53
78,000410.SZ,7.86
79,000411.SZ,14.54
80,000413.SZ,6.04
81,000415.SZ,4.27
82,000416.SZ,6.56
83,000417.SZ,5.48
84,000419.SZ,4.78
85,000420.SZ,3.76
86,000421.SZ,4.96
87,000422.SZ,3.83
88,000423.SZ,41.94
89,000425.SZ,6.66
90,000426.SZ,6.62
91,000428.SZ,4.1
92,000429.SZ,8.4
93,000430.SZ,6.27
94,000488.SZ,5.57
95,000498.SZ,6.43
96,000501.SZ,13.7
97,000502.SZ,11.13
98,000503.SZ,21.56
99,000504.SZ,14.05
100,000505.SZ,10.32
101,000506.SZ,4.55
102,000507.SZ,6.82
103,000509.SZ,3.34
104,000510.SZ,5.48
105,000513.SZ,33.35
106,000514.SZ,5.57
107,000516.SZ,5.78
108,000517.SZ,3.44
109,000518.SZ,8.83
110,000519.SZ,10.67
111,000520.SZ,4.72
112,000521.SZ,4.03
113,000523.SZ,8.26
114,000524.SZ,8.51
115,000525.SZ,14.68
116,000526.SZ,50.7
117,000528.SZ,7.16
118,000529.SZ,7.89
119,000530.SZ,4.82
120,000531.SZ,8.25
121,000532.SZ,14.95
122,000533.SZ,3.78
123,000534.SZ,12.83
124,000536.SZ,4.04
125,000537.SZ,8.14
126,000538.SZ,93.3
127,000539.SZ,4.42
128,000540.SZ,4.43
129,000541.SZ,7.19
130,000543.SZ,5.07
131,000544.SZ,8.46
132,000545.SZ,4.38
133,000546.SZ,11.85
134,000547.SZ,16.79
135,000548.SZ,4.81
136,000550.SZ,28.44
137,000551.SZ,13.89
138,000552.SZ,2.75
139,000553.SZ,12.26
140,000554.SZ,6.32
141,000555.SZ,19.94
142,000557.SZ,4.81
143,000558.SZ,4.18
144,000559.SZ,6.67
145,000560.SZ,6.01
146,000561.SZ,8.87
147,000563.SZ,4.86
148,000564.SZ,4.55
149,000565.SZ,6.58
150,000566.SZ,10.29
151,000567.SZ,9.1
152,000568.SZ,96.72
153,000570.SZ,5.87
154,000571.SZ,2.96
155,000572.SZ,2.59
156,000573.SZ,3.56
157,000576.SZ,10.37
158,000581.SZ,20.2
159,000582.SZ,9.97
160,000584.SZ,8.16
161,000585.SZ,2.63
162,000586.SZ,17.66
163,000587.SZ,3.0
164,000589.SZ,6.34
165,000590.SZ,14.34
166,000591.SZ,3.93
167,000592.SZ,4.14
168,000593.SZ,7.69
169,000595.SZ,5.29
170,000596.SZ,156.43
171,000597.SZ,6.34
172,000598.SZ,5.03
173,000599.SZ,6.05
174,000600.SZ,7.49
175,000601.SZ,8.14
176,000603.SZ,18.15
177,000605.SZ,8.93
178,000606.SZ,7.51
179,000607.SZ,6.45
180,000608.SZ,6.58
181,000609.SZ,8.38
182,000610.SZ,12.18
183,000611.SZ,4.27
184,000612.SZ,6.69
185,000613.SZ,7.9
186,000615.SZ,5.99
187,000616.SZ,3.65
188,000617.SZ,13.68
189,000619.SZ,6.05
190,000620.SZ,5.34
191,000622.SZ,6.56
192,000623.SZ,17.64
193,000625.SZ,12.01
194,000626.SZ,10.25
195,000627.SZ,7.77
196,000628.SZ,11.18
197,000629.SZ,3.84
198,000630.SZ,2.53
199,000631.SZ,3.38
200,000632.SZ,6.86
201,000633.SZ,5.98
202,000635.SZ,9.24
203,000636.SZ,27.89
204,000637.SZ,5.98
205,000638.SZ,6.42
206,000639.SZ,6.83
207,000650.SZ,10.21
208,000651.SZ,68.56
209,000652.SZ,14.53
210,000655.SZ,7.49
211,000656.SZ,8.0
212,000657.SZ,8.58
213,000659.SZ,3.85
214,000661.SZ,678.87
215,000662.SZ,6.65
216,000663.SZ,8.34
217,000665.SZ,6.38
218,000666.SZ,14.15
219,000667.SZ,2.94
220,000668.SZ,17.92
221,000669.SZ,5.4
222,000670.SZ,3.36
223,000671.SZ,8.78
224,000672.SZ,27.48
225,000673.SZ,6.67
226,000676.SZ,9.52
227,000677.SZ,4.83
228,000678.SZ,9.27
229,000679.SZ,4.74
230,000680.SZ,4.63
231,000681.SZ,24.59
232,000682.SZ,6.45
233,000683.SZ,3.12
234,000685.SZ,9.05
235,000686.SZ,10.56
236,000687.SZ,9.33
237,000688.SZ,19.8
238,000690.SZ,6.85
239,000691.SZ,5.07
240,000692.SZ,3.43
241,000695.SZ,11.1
242,000697.SZ,14.35
243,000698.SZ,5.37
244,000700.SZ,15.95
245,000701.SZ,6.99
246,000702.SZ,8.54
247,000703.SZ,10.89
248,000705.SZ,8.32
249,000707.SZ,3.53
250,000708.SZ,16.04
251,000709.SZ,3.05
252,000710.SZ,59.3
253,000711.SZ,6.88
254,000712.SZ,15.9
255,000713.SZ,17.4
256,000715.SZ,7.67
257,000716.SZ,6.45
258,000717.SZ,4.97
259,000718.SZ,3.73
260,000719.SZ,8.22
261,000720.SZ,6.17
262,000721.SZ,6.02
263,000722.SZ,8.0
264,000723.SZ,17.07
265,000725.SZ,5.8
266,000726.SZ,10.14
267,000727.SZ,2.51
268,000728.SZ,10.11
269,000729.SZ,7.96
270,000731.SZ,6.29
271,000732.SZ,8.76
272,000733.SZ,27.33
273,000735.SZ,11.37
274,000736.SZ,9.17
275,000737.SZ,3.5
276,000738.SZ,15.86
277,000739.SZ,20.1
278,000750.SZ,5.11
279,000751.SZ,3.99
280,000752.SZ,6.29
281,000753.SZ,3.73
282,000755.SZ,5.25
283,000756.SZ,13.12
284,000757.SZ,5.59
285,000758.SZ,6.66
286,000759.SZ,8.34
287,000760.SZ,2.84
288,000761.SZ,4.51
289,000762.SZ,8.88
290,000766.SZ,9.1
291,000767.SZ,3.01
292,000768.SZ,20.21
293,000776.SZ,15.92
294,000777.SZ,14.44
295,000778.SZ,4.5
296,000779.SZ,14.38
297,000780.SZ,3.76
298,000782.SZ,4.77
299,000783.SZ,8.27
300,000785.SZ,12.49
301,000786.SZ,30.68
302,000788.SZ,8.51
303,000789.SZ,10.97
304,000790.SZ,6.15
305,000791.SZ,4.75
306,000792.SZ,10.74
307,000793.SZ,4.08
308,000795.SZ,10.3
309,000796.SZ,10.78
310,000797.SZ,4.23
311,000798.SZ,7.23
312,000799.SZ,44.91
313,000800.SZ,11.84
314,000801.SZ,6.54
315,000802.SZ,12.23
316,000803.SZ,19.59
317,000806.SZ,3.44
318,000807.SZ,5.59
319,000809.SZ,2.9
320,000810.SZ,16.5
321,000811.SZ,9.55
322,000812.SZ,5.33
323,000813.SZ,10.14
324,000815.SZ,16.18
325,000816.SZ,2.18
326,000818.SZ,36.36
327,000819.SZ,10.81
328,000820.SZ,4.23
329,000821.SZ,9.27
330,000822.SZ,5.35
331,000823.SZ,17.12
332,000825.SZ,4.23
333,000826.SZ,13.46
334,000828.SZ,9.32
335,000829.SZ,7.12
336,000830.SZ,12.28
337,000831.SZ,19.47
338,000833.SZ,6.4
339,000835.SZ,6.16
340,000836.SZ,4.8
341,000837.SZ,5.34
342,000838.SZ,3.9
343,000839.SZ,4.66
344,000848.SZ,8.38
345,000850.SZ,6.14
346,000851.SZ,8.48
347,000852.SZ,7.5
348,000856.SZ,13.7
349,000858.SZ,150.9
350,000859.SZ,6.95
351,000860.SZ,50.57
352,000861.SZ,3.54
353,000862.SZ,9.2
354,000863.SZ,6.18
355,000868.SZ,6.59
356,000869.SZ,33.06
357,000875.SZ,4.6
358,000876.SZ,35.49
359,000877.SZ,13.37
360,000878.SZ,14.1
361,000880.SZ,9.47
362,000881.SZ,10.22
363,000882.SZ,2.82
364,000883.SZ,4.39
365,000885.SZ,12.54
366,000886.SZ,5.35
367,000887.SZ,11.11
368,000888.SZ,6.91
369,000889.SZ,14.68
370,000890.SZ,7.79
371,000892.SZ,7.81
372,000893.SZ,8.69
373,000895.SZ,44.1
374,000897.SZ,2.75
375,000898.SZ,3.89
376,000899.SZ,5.54
377,000900.SZ,4.85
378,000901.SZ,12.37
379,000902.SZ,11.58
380,000903.SZ,6.57
381,000905.SZ,8.57
382,000906.SZ,6.96
383,000908.SZ,6.7
384,000909.SZ,11.32
385,000910.SZ,15.29
386,000911.SZ,8.4
387,000912.SZ,7.21
388,000913.SZ,13.1
389,000915.SZ,32.42
390,000917.SZ,8.05
391,000918.SZ,8.39
392,000919.SZ,9.04
393,000920.SZ,8.43
394,000921.SZ,13.54
395,000922.SZ,9.57
396,000923.SZ,19.92
397,000925.SZ,9.72
398,000926.SZ,7.24
399,000927.SZ,6.41
400,000928.SZ,6.16
401,000929.SZ,8.91
402,000930.SZ,9.08
403,000931.SZ,10.97
404,000932.SZ,4.91
405,000933.SZ,5.6
406,000935.SZ,17.74
407,000936.SZ,12.31
408,000937.SZ,4.07
409,000938.SZ,37.13
410,000948.SZ,14.15
411,000949.SZ,5.39
412,000950.SZ,6.9
413,000951.SZ,25.9
414,000952.SZ,12.1
415,000953.SZ,6.86
416,000955.SZ,14.95
417,000957.SZ,10.19
418,000958.SZ,7.33
419,000959.SZ,3.9
420,000960.SZ,12.07
421,000961.SZ,10.89
422,000962.SZ,9.69
423,000963.SZ,31.28
424,000965.SZ,4.58
425,000966.SZ,5.92
426,000967.SZ,8.45
427,000968.SZ,13.09
428,000969.SZ,9.7
429,000970.SZ,14.39
430,000971.SZ,3.6
431,000972.SZ,3.94
432,000973.SZ,6.79
433,000975.SZ,17.18
434,000976.SZ,6.22
435,000977.SZ,46.45
436,000978.SZ,6.15
437,000980.SZ,5.33
438,000981.SZ,3.13
439,000982.SZ,2.34
440,000983.SZ,6.42
441,000985.SZ,17.22
442,000987.SZ,12.65
443,000988.SZ,25.91
444,000989.SZ,10.27
445,000990.SZ,21.97
446,000993.SZ,9.99
447,000996.SZ,15.78
448,000997.SZ,21.59
449,000998.SZ,20.96
450,000999.SZ,38.9
451,001696.SZ,7.27
452,001872.SZ,19.14
453,001896.SZ,5.0
454,001914.SZ,33.05
455,001965.SZ,8.7
456,001979.SZ,21.69
457,002001.SZ,27.99
458,002002.SZ,6.7
459,002003.SZ,7.23
460,002004.SZ,5.47
461,002005.SZ,2.16
462,002006.SZ,7.17
463,002007.SZ,26.19
464,002008.SZ,45.64
465,002009.SZ,10.28
466,002010.SZ,8.39
467,002011.SZ,5.59
468,002012.SZ,7.51
469,002013.SZ,8.86
470,002014.SZ,10.24
471,002015.SZ,7.75
472,002016.SZ,8.94
473,002017.SZ,20.14
474,002019.SZ,21.83
475,002020.SZ,13.8
476,002021.SZ,2.81
477,002022.SZ,19.05
478,002023.SZ,21.0
479,002024.SZ,12.03
480,002025.SZ,30.12
481,002026.SZ,6.19
482,002027.SZ,6.88
483,002028.SZ,22.25
484,002029.SZ,6.87
485,002030.SZ,28.69
486,002031.SZ,2.48
487,002032.SZ,80.19
488,002033.SZ,6.54
489,002034.SZ,19.08
490,002035.SZ,13.8
491,002036.SZ,16.47
492,002037.SZ,9.08
493,002038.SZ,16.12
494,002039.SZ,15.01
495,002040.SZ,9.09
496,002041.SZ,15.37
497,002042.SZ,7.35
498,002043.SZ,10.85
499,002044.SZ,14.01
500,002045.SZ,14.48
501,002046.SZ,14.48
502,002047.SZ,7.02
503,002048.SZ,26.64
504,002049.SZ,78.08
505,002050.SZ,24.85
506,002051.SZ,12.86
507,002052.SZ,6.4
508,002053.SZ,9.51
509,002054.SZ,10.91
510,002055.SZ,19.22
511,002056.SZ,14.84
512,002057.SZ,12.74
513,002058.SZ,22.97
514,002059.SZ,6.89
515,002060.SZ,3.49
516,002061.SZ,7.16
517,002062.SZ,7.3
518,002063.SZ,15.11
519,002064.SZ,6.99
520,002065.SZ,17.36
521,002066.SZ,9.48
522,002067.SZ,3.98
523,002068.SZ,5.99
524,002069.SZ,4.08
525,002071.SZ,4.61
526,002072.SZ,6.6
527,002073.SZ,6.84
528,002074.SZ,29.37
529,002075.SZ,14.75
530,002076.SZ,3.71
531,002077.SZ,10.84
532,002078.SZ,10.93
533,002079.SZ,15.92
534,002080.SZ,11.22
535,002081.SZ,10.7
536,002082.SZ,13.48
537,002083.SZ,9.29
538,002084.SZ,9.75
539,002085.SZ,7.96
540,002086.SZ,4.41
541,002087.SZ,6.56
542,002088.SZ,14.02
543,002089.SZ,5.56
544,002090.SZ,12.3
545,002091.SZ,8.68
546,002092.SZ,8.64
547,002093.SZ,12.54
548,002094.SZ,6.25
549,002095.SZ,31.5
550,002096.SZ,7.41
551,002097.SZ,7.45
552,002098.SZ,8.68
553,002099.SZ,8.47
554,002100.SZ,17.26
555,002101.SZ,9.58
556,002102.SZ,2.76
557,002103.SZ,6.3
558,002104.SZ,10.14
559,002105.SZ,8.85
560,002106.SZ,11.22
561,002107.SZ,15.2
562,002108.SZ,4.39
563,002109.SZ,4.36
564,002110.SZ,10.93
565,002111.SZ,17.86
566,002112.SZ,10.23
567,002113.SZ,2.86
568,002114.SZ,9.87
569,002115.SZ,10.56
570,002116.SZ,11.36
571,002117.SZ,11.52
572,002118.SZ,11.89
573,002119.SZ,21.78
574,002120.SZ,30.77
575,002121.SZ,6.28
576,002122.SZ,3.23
577,002123.SZ,24.26
578,002124.SZ,20.28
579,002125.SZ,11.29
580,002126.SZ,12.59
581,002127.SZ,20.07
582,002128.SZ,8.7
583,002129.SZ,22.93
584,002130.SZ,5.83
585,002131.SZ,4.89
586,002132.SZ,3.63
587,002133.SZ,3.71
588,002134.SZ,14.19
589,002135.SZ,10.91
590,002136.SZ,9.69
591,002137.SZ,10.48
592,002138.SZ,31.64
593,002139.SZ,7.05
594,002140.SZ,9.5
595,002141.SZ,4.7
596,002142.SZ,29.25
597,002144.SZ,11.46
598,002145.SZ,5.18
599,002146.SZ,9.72
600,002147.SZ,3.26
601,002148.SZ,6.81
602,002149.SZ,10.71
603,002150.SZ,6.6
604,002151.SZ,35.7
605,002152.SZ,14.2
606,002153.SZ,45.86
607,002154.SZ,4.42
608,002155.SZ,10.94
609,002156.SZ,33.89
610,002157.SZ,22.13
611,002158.SZ,17.99
612,002159.SZ,18.92
613,002160.SZ,7.88
614,002161.SZ,12.98
615,002162.SZ,4.29
616,002163.SZ,8.17
617,002164.SZ,6.69
618,002165.SZ,6.54
619,002166.SZ,12.63
620,002167.SZ,8.83
621,002168.SZ,9.94
622,002169.SZ,11.64
623,002170.SZ,5.27
624,002171.SZ,9.91
625,002172.SZ,5.65
626,002173.SZ,8.93
627,002174.SZ,32.3
628,002175.SZ,4.01
629,002176.SZ,5.65
630,002177.SZ,7.54
631,002178.SZ,5.65
632,002179.SZ,45.08
633,002180.SZ,49.39
634,002181.SZ,6.73
635,002182.SZ,12.54
636,002183.SZ,5.31
637,002184.SZ,15.4
638,002185.SZ,15.63
639,002186.SZ,12.14
640,002187.SZ,8.98
641,002188.SZ,5.67
642,002189.SZ,26.76
643,002190.SZ,26.66
644,002191.SZ,13.56
645,002192.SZ,30.26
646,002193.SZ,10.37
647,002194.SZ,32.17
648,002195.SZ,4.24
649,002196.SZ,7.14
650,002197.SZ,11.88
651,002198.SZ,8.97
652,002199.SZ,19.91
653,002200.SZ,7.6
654,002201.SZ,32.55
655,002202.SZ,13.84
656,002203.SZ,11.71
657,002204.SZ,5.7
658,002205.SZ,25.93
659,002206.SZ,4.4
660,002207.SZ,7.29
661,002208.SZ,14.34
662,002209.SZ,8.66
663,002210.SZ,5.18
664,002211.SZ,7.96
665,002212.SZ,32.32
666,002213.SZ,18.65
667,002214.SZ,27.85
668,002215.SZ,9.23
669,002216.SZ,24.74
670,002217.SZ,8.27
671,002218.SZ,4.0
672,002219.SZ,3.88
673,002220.SZ,3.19
674,002221.SZ,13.3
675,002222.SZ,14.21
676,002223.SZ,41.13
677,002224.SZ,8.99
678,002225.SZ,5.86
679,002226.SZ,6.15
680,002227.SZ,20.22
681,002228.SZ,5.36
682,002229.SZ,9.46
683,002230.SZ,44.73
684,002231.SZ,9.88
685,002232.SZ,12.12
686,002233.SZ,13.37
687,002234.SZ,42.69
688,002235.SZ,13.37
689,002236.SZ,22.6
690,002237.SZ,19.24
691,002238.SZ,11.33
692,002239.SZ,6.68
693,002240.SZ,10.88
694,002241.SZ,27.06
695,002242.SZ,33.0
696,002243.SZ,18.01
697,002244.SZ,5.06
698,002245.SZ,5.86
699,002246.SZ,10.36
700,002247.SZ,4.2
701,002248.SZ,10.15
702,002249.SZ,5.33
703,002250.SZ,18.25
704,002251.SZ,10.75
705,002252.SZ,10.75
706,002253.SZ,16.2
707,002254.SZ,14.53
708,002255.SZ,6.4
709,002256.SZ,3.81
710,002258.SZ,16.5
711,002259.SZ,2.85
712,002261.SZ,13.41
713,002262.SZ,15.07
714,002263.SZ,2.39
715,002264.SZ,6.29
716,002265.SZ,11.82
717,002266.SZ,5.57
718,002267.SZ,8.37
719,002268.SZ,33.68
720,002269.SZ,2.93
721,002270.SZ,6.08
722,002271.SZ,40.66
723,002272.SZ,6.06
724,002273.SZ,16.09
725,002274.SZ,9.1
726,002275.SZ,16.78
727,002276.SZ,11.72
728,002277.SZ,4.65
729,002278.SZ,8.18
730,002279.SZ,8.75
731,002280.SZ,4.85
732,002281.SZ,37.89
733,002282.SZ,10.34
734,002283.SZ,4.69
735,002284.SZ,6.38
736,002285.SZ,5.13
737,002286.SZ,11.2
738,002287.SZ,23.45
739,002288.SZ,7.0
740,002289.SZ,14.16
741,002290.SZ,7.72
742,002291.SZ,36.56
743,002292.SZ,10.85
744,002293.SZ,10.58
745,002294.SZ,23.92
746,002295.SZ,9.29
747,002296.SZ,9.8
748,002297.SZ,9.46
749,002298.SZ,10.85
750,002299.SZ,29.25
751,002300.SZ,7.52
752,002301.SZ,21.39
753,002302.SZ,12.42
754,002303.SZ,6.08
755,002304.SZ,134.82
756,002305.SZ,2.99
757,002306.SZ,3.75
758,002307.SZ,7.87
759,002308.SZ,7.89
760,002309.SZ,8.25
761,002310.SZ,6.57
762,002311.SZ,48.13
763,002312.SZ,5.86
764,002313.SZ,23.95
765,002314.SZ,3.75
766,002315.SZ,23.74
767,002316.SZ,13.61
768,002317.SZ,16.77
769,002318.SZ,9.72
770,002319.SZ,13.83
771,002320.SZ,8.19
772,002321.SZ,8.5
773,002322.SZ,13.88
774,002323.SZ,4.26
775,002324.SZ,14.31
776,002325.SZ,3.72
777,002326.SZ,17.33
778,002327.SZ,8.39
779,002328.SZ,5.46
780,002329.SZ,7.79
781,002330.SZ,11.28
782,002331.SZ,12.11
783,002332.SZ,16.02
784,002333.SZ,5.56
785,002334.SZ,7.41
786,002335.SZ,25.68
787,002336.SZ,6.22
788,002337.SZ,5.01
789,002338.SZ,25.41
790,002339.SZ,6.55
791,002340.SZ,6.62
792,002341.SZ,9.08
793,002342.SZ,3.9
794,002343.SZ,14.84
795,002344.SZ,4.99
796,002345.SZ,5.17
797,002346.SZ,14.53
798,002347.SZ,5.62
799,002348.SZ,4.48
800,002349.SZ,7.5
801,002350.SZ,6.57
802,002351.SZ,30.86
803,002352.SZ,50.73
804,002353.SZ,41.74
805,002354.SZ,4.68
806,002355.SZ,10.85
807,002356.SZ,8.36
808,002357.SZ,7.36
809,002358.SZ,12.28
810,002359.SZ,10.42
811,002360.SZ,6.02
812,002361.SZ,5.12
813,002362.SZ,21.35
814,002363.SZ,10.87
815,002364.SZ,15.85
816,002365.SZ,12.48
817,002366.SZ,11.98
818,002367.SZ,8.51
819,002368.SZ,53.21
820,002369.SZ,12.8
821,002370.SZ,19.32
822,002371.SZ,183.64
823,002372.SZ,16.09
824,002373.SZ,30.77
825,002374.SZ,3.65
826,002375.SZ,10.67
827,002376.SZ,13.77
828,002377.SZ,5.5
829,002378.SZ,8.97
830,002379.SZ,4.52
831,002380.SZ,16.22
832,002381.SZ,8.93
833,002382.SZ,23.56
834,002383.SZ,13.48
835,002384.SZ,36.5
836,002385.SZ,9.86
837,002386.SZ,6.97
838,002387.SZ,18.17
839,002388.SZ,9.69
840,002389.SZ,15.96
841,002390.SZ,6.75
842,002391.SZ,13.84
843,002392.SZ,4.28
844,002393.SZ,28.59
845,002394.SZ,9.98
846,002395.SZ,20.15
847,002396.SZ,49.43
848,002397.SZ,9.85
849,002398.SZ,12.04
850,002399.SZ,27.62
851,002400.SZ,8.87
852,002401.SZ,16.4
853,002402.SZ,18.9
854,002403.SZ,9.51
855,002404.SZ,7.97
856,002405.SZ,16.43
857,002406.SZ,6.58
858,002407.SZ,16.08
859,002408.SZ,8.86
860,002409.SZ,51.42
861,002410.SZ,57.0
862,002411.SZ,24.8
863,002412.SZ,12.57
864,002413.SZ,10.71
865,002414.SZ,55.75
866,002415.SZ,39.11
867,002416.SZ,8.9
868,002417.SZ,11.98
869,002418.SZ,5.47
870,002419.SZ,13.5
871,002420.SZ,4.36
872,002421.SZ,4.61
873,002422.SZ,32.6
874,002423.SZ,11.45
875,002424.SZ,12.09
876,002425.SZ,6.99
877,002426.SZ,3.2
878,002427.SZ,17.8
879,002428.SZ,14.16
880,002429.SZ,6.97
881,002430.SZ,15.47
882,002431.SZ,4.6
883,002432.SZ,12.95
884,002433.SZ,5.37
885,002434.SZ,10.52
886,002435.SZ,5.32
887,002436.SZ,17.85
888,002437.SZ,4.87
889,002438.SZ,9.26
890,002439.SZ,46.07
891,002440.SZ,14.56
892,002441.SZ,9.92
893,002442.SZ,7.19
894,002443.SZ,7.89
895,002444.SZ,13.27
896,002445.SZ,2.36
897,002446.SZ,10.72
898,002447.SZ,4.32
899,002448.SZ,6.14
900,002449.SZ,16.95
901,002450.SZ,4.75
902,002451.SZ,13.48
903,002452.SZ,7.86
904,002453.SZ,7.27
905,002454.SZ,6.1
906,002455.SZ,7.04
907,002456.SZ,23.23
908,002457.SZ,9.2
909,002458.SZ,21.28
910,002459.SZ,20.0
911,002460.SZ,63.4
912,002461.SZ,8.88
913,002462.SZ,17.28
914,002463.SZ,31.25
915,002464.SZ,8.07
916,002465.SZ,13.69
917,002466.SZ,32.06
918,002467.SZ,12.43
919,002468.SZ,30.02
920,002469.SZ,5.5
921,002470.SZ,5.22
922,002471.SZ,3.46
923,002472.SZ,6.41
924,002473.SZ,10.2
925,002474.SZ,9.71
926,002475.SZ,39.63
927,002476.SZ,7.9
928,002478.SZ,6.48
929,002479.SZ,8.96
930,002480.SZ,8.47
931,002481.SZ,15.97
932,002482.SZ,5.65
933,002483.SZ,7.54
934,002484.SZ,12.19
935,002485.SZ,7.73
936,002486.SZ,6.04
937,002487.SZ,6.91
938,002488.SZ,9.23
939,002489.SZ,6.4
940,002490.SZ,5.13
941,002491.SZ,8.51
942,002492.SZ,8.32
943,002493.SZ,12.66
944,002494.SZ,6.4
945,002495.SZ,3.73
946,002496.SZ,3.99
947,002497.SZ,12.38
948,002498.SZ,6.86
949,002499.SZ,7.16
950,002500.SZ,8.8
951,002501.SZ,2.53
952,002502.SZ,4.44
953,002503.SZ,5.68
954,002504.SZ,4.15
955,002505.SZ,3.05
956,002506.SZ,7.18
957,002507.SZ,36.62
958,002508.SZ,35.42
959,002509.SZ,2.59
960,002510.SZ,7.88
961,002511.SZ,20.02
962,002512.SZ,7.81
963,002513.SZ,7.83
964,002514.SZ,6.92
965,002515.SZ,7.86
966,002516.SZ,4.13
967,002517.SZ,3.92
968,002518.SZ,16.06
969,002519.SZ,5.35
970,002520.SZ,8.91
971,002521.SZ,6.35
972,002522.SZ,7.83
973,002523.SZ,4.02
974,002524.SZ,14.75
975,002526.SZ,2.78
976,002527.SZ,7.23
977,002528.SZ,6.55
978,002529.SZ,11.12
979,002530.SZ,17.81
980,002531.SZ,7.78
981,002532.SZ,8.0
982,002533.SZ,6.5
983,002534.SZ,8.08
984,002535.SZ,4.7
985,002536.SZ,7.12
986,002537.SZ,11.08
987,002538.SZ,6.06
988,002539.SZ,6.37
989,002540.SZ,5.39
990,002541.SZ,20.98
991,002542.SZ,5.26
992,002543.SZ,11.28
993,002544.SZ,18.93
994,002545.SZ,8.37
995,002546.SZ,5.54
996,002547.SZ,14.47
997,002548.SZ,16.2
998,002549.SZ,8.78
999,002550.SZ,4.89
1000,002551.SZ,14.03
1001,002552.SZ,31.78
1002,002553.SZ,6.98
1003,002554.SZ,4.2
1004,002555.SZ,38.61
1005,002556.SZ,9.65
1006,002557.SZ,58.58
1007,002558.SZ,21.01
1008,002559.SZ,6.35
1009,002560.SZ,10.62
1010,002561.SZ,8.9
1011,002562.SZ,6.76
1012,002563.SZ,11.75
1013,002564.SZ,6.46
1014,002565.SZ,10.52
1015,002566.SZ,8.58
1016,002567.SZ,16.16
1017,002568.SZ,47.37
1018,002569.SZ,11.77
1019,002570.SZ,7.48
1020,002571.SZ,6.64
1021,002572.SZ,23.86
1022,002573.SZ,8.27
1023,002574.SZ,6.44
1024,002575.SZ,8.17
1025,002576.SZ,12.89
1026,002577.SZ,16.56
1027,002578.SZ,3.94
1028,002579.SZ,18.6
1029,002580.SZ,6.44
1030,002581.SZ,31.6
1031,002582.SZ,12.14
1032,002583.SZ,11.33
1033,002584.SZ,10.3
1034,002585.SZ,6.27
1035,002586.SZ,5.45
1036,002587.SZ,8.64
1037,002588.SZ,5.61
1038,002589.SZ,9.21
1039,002590.SZ,9.31
1040,002591.SZ,11.3
1041,002592.SZ,20.67
1042,002593.SZ,5.74
1043,002594.SZ,75.5
1044,002595.SZ,22.52
1045,002596.SZ,9.66
1046,002597.SZ,24.58
1047,002598.SZ,7.77
1048,002599.SZ,6.84
1049,002600.SZ,13.78
1050,002601.SZ,17.6
1051,002602.SZ,12.4
1052,002603.SZ,41.34
1053,002605.SZ,44.88
1054,002606.SZ,10.48
1055,002607.SZ,29.01
1056,002608.SZ,9.35
1057,002609.SZ,13.03
1058,002610.SZ,2.08
1059,002611.SZ,5.66
1060,002612.SZ,10.4
1061,002613.SZ,7.59
1062,002614.SZ,18.85
1063,002615.SZ,6.35
1064,002616.SZ,10.26
1065,002617.SZ,8.2
1066,002618.SZ,17.31
1067,002619.SZ,3.93
1068,002620.SZ,6.72
1069,002621.SZ,14.02
1070,002622.SZ,4.83
1071,002623.SZ,51.0
1072,002624.SZ,57.47
1073,002625.SZ,12.48
1074,002626.SZ,22.23
1075,002627.SZ,10.58
1076,002628.SZ,5.76
1077,002629.SZ,3.8
1078,002630.SZ,3.52
1079,002631.SZ,9.94
1080,002632.SZ,8.39
1081,002633.SZ,10.38
1082,002634.SZ,10.28
1083,002635.SZ,32.2
1084,002636.SZ,11.49
1085,002637.SZ,14.5
1086,002638.SZ,3.88
1087,002639.SZ,11.45
1088,002640.SZ,10.7
1089,002641.SZ,7.79
1090,002642.SZ,8.03
1091,002643.SZ,20.14
1092,002644.SZ,10.73
1093,002645.SZ,9.76
1094,002646.SZ,15.06
1095,002647.SZ,33.33
1096,002648.SZ,19.46
1097,002649.SZ,13.08
1098,002650.SZ,5.67
1099,002651.SZ,5.59
1100,002652.SZ,4.84
1101,002653.SZ,25.93
1102,002654.SZ,6.14
1103,002655.SZ,17.88
1104,002656.SZ,6.88
1105,002657.SZ,23.01
1106,002658.SZ,9.15
1107,002659.SZ,9.02
1108,002660.SZ,11.65
1109,002661.SZ,22.77
1110,002662.SZ,4.89
1111,002663.SZ,3.65
1112,002664.SZ,18.3
1113,002665.SZ,5.26
1114,002666.SZ,7.65
1115,002667.SZ,9.44
1116,002668.SZ,8.27
1117,002669.SZ,19.28
1118,002670.SZ,13.35
1119,002671.SZ,5.43
1120,002672.SZ,12.32
1121,002673.SZ,10.64
1122,002674.SZ,15.46
1123,002675.SZ,18.85
1124,002676.SZ,5.81
1125,002677.SZ,13.95
1126,002678.SZ,9.28
1127,002679.SZ,28.78
1128,002681.SZ,6.99
1129,002682.SZ,5.83
1130,002683.SZ,40.22
1131,002684.SZ,7.05
1132,002685.SZ,7.53
1133,002686.SZ,7.96
1134,002687.SZ,7.08
1135,002688.SZ,9.35
1136,002689.SZ,5.8
1137,002690.SZ,45.18
1138,002691.SZ,8.81
1139,002692.SZ,4.47
1140,002693.SZ,6.75
1141,002694.SZ,4.87
1142,002695.SZ,26.36
1143,002696.SZ,8.44
1144,002697.SZ,11.01
1145,002698.SZ,9.83
1146,002699.SZ,8.37
1147,002700.SZ,9.55
1148,002701.SZ,5.13
1149,002702.SZ,7.76
1150,002703.SZ,7.57
1151,002705.SZ,32.76
1152,002706.SZ,14.06
1153,002707.SZ,6.83
1154,002708.SZ,14.96
1155,002709.SZ,21.19
1156,002711.SZ,4.03
1157,002712.SZ,8.97
1158,002713.SZ,11.29
1159,002714.SZ,139.81
1160,002715.SZ,24.49
1161,002716.SZ,8.68
1162,002717.SZ,5.29
1163,002718.SZ,20.81
1164,002719.SZ,13.28
1165,002721.SZ,6.83
1166,002722.SZ,17.96
1167,002723.SZ,19.56
1168,002724.SZ,8.27
1169,002725.SZ,13.77
1170,002726.SZ,10.63
1171,002727.SZ,31.52
1172,002728.SZ,17.99
1173,002729.SZ,53.85
1174,002730.SZ,9.95
1175,002731.SZ,13.22
1176,002732.SZ,25.33
1177,002733.SZ,29.26
1178,002734.SZ,13.85
1179,002735.SZ,14.81
1180,002736.SZ,13.87
1181,002737.SZ,16.6
1182,002738.SZ,20.08
1183,002739.SZ,22.71
1184,002740.SZ,10.57
1185,002741.SZ,15.12
1186,002742.SZ,8.17
1187,002743.SZ,8.34
1188,002745.SZ,14.93
1189,002746.SZ,19.11
1190,002747.SZ,13.92
1191,002748.SZ,10.25
1192,002749.SZ,12.18
1193,002750.SZ,18.09
1194,002751.SZ,37.46
1195,002752.SZ,7.23
1196,002753.SZ,9.4
1197,002755.SZ,20.48
1198,002756.SZ,23.74
1199,002757.SZ,28.11
1200,002758.SZ,12.77
1201,002759.SZ,15.91
1202,002760.SZ,23.5
1203,002761.SZ,14.5
1204,002762.SZ,6.94
1205,002763.SZ,10.89
1206,002765.SZ,6.94
1207,002766.SZ,5.94
1208,002767.SZ,19.26
1209,002768.SZ,60.5
1210,002769.SZ,10.83
1211,002770.SZ,4.17
1212,002771.SZ,14.86
1213,002772.SZ,9.68
1214,002773.SZ,40.34
1215,002774.SZ,9.37
1216,002775.SZ,6.66
1217,002776.SZ,17.7
1218,002777.SZ,40.25
1219,002778.SZ,27.05
1220,002779.SZ,19.75
1221,002780.SZ,21.15
1222,002781.SZ,19.62
1223,002782.SZ,13.97
1224,002783.SZ,15.48
1225,002785.SZ,17.47
1226,002786.SZ,13.52
1227,002787.SZ,8.18
1228,002788.SZ,9.55
1229,002789.SZ,18.98
1230,002790.SZ,7.85
1231,002791.SZ,85.39
1232,002792.SZ,25.3
1233,002793.SZ,13.88
1234,002795.SZ,18.15
1235,002796.SZ,34.12
1236,002797.SZ,9.06
1237,002798.SZ,36.66
1238,002799.SZ,21.14
1239,002800.SZ,42.46
1240,002801.SZ,39.5
1241,002802.SZ,22.03
1242,002803.SZ,42.99
1243,002805.SZ,17.28
1244,002806.SZ,19.66
1245,002807.SZ,5.13
1246,002808.SZ,12.86
1247,002809.SZ,13.8
1248,002810.SZ,17.13
1249,002811.SZ,17.89
1250,002812.SZ,40.35
1251,002813.SZ,36.62
1252,002815.SZ,23.44
1253,002816.SZ,29.63
1254,002817.SZ,27.69
1255,002818.SZ,14.03
1256,002819.SZ,29.84
1257,002820.SZ,14.27
1258,002821.SZ,216.02
1259,002822.SZ,11.95
1260,002823.SZ,14.87
1261,002824.SZ,27.05
1262,002825.SZ,20.05
1263,002826.SZ,12.56
1264,002827.SZ,11.38
1265,002828.SZ,15.99
1266,002829.SZ,34.98
1267,002830.SZ,19.85
1268,002831.SZ,51.51
1269,002832.SZ,17.05
1270,002833.SZ,47.53
1271,002835.SZ,16.28
1272,002836.SZ,18.06
1273,002837.SZ,53.99
1274,002838.SZ,38.85
1275,002839.SZ,6.68
1276,002840.SZ,20.5
1277,002841.SZ,105.44
1278,002842.SZ,15.77
1279,002843.SZ,9.98
1280,002845.SZ,25.65
1281,002846.SZ,36.28
1282,002847.SZ,97.87
1283,002848.SZ,18.63
1284,002849.SZ,17.74
1285,002850.SZ,70.64
1286,002851.SZ,22.0
1287,002852.SZ,16.19
1288,002853.SZ,25.87
1289,002855.SZ,15.95
1290,002856.SZ,29.43
1291,002857.SZ,15.54
1292,002858.SZ,23.46
1293,002859.SZ,52.1
1294,002860.SZ,17.03
1295,002861.SZ,43.23
1296,002862.SZ,33.42
1297,002863.SZ,7.93
1298,002864.SZ,33.15
1299,002865.SZ,23.27
1300,002866.SZ,20.77
1301,002867.SZ,23.85
1302,002868.SZ,19.04
1303,002869.SZ,89.89
1304,002870.SZ,27.62
1305,002871.SZ,24.95
1306,002872.SZ,8.74
1307,002873.SZ,26.98
1308,002875.SZ,21.24
1309,002876.SZ,50.38
1310,002877.SZ,10.32
1311,002878.SZ,48.71
1312,002879.SZ,20.94
1313,002880.SZ,49.77
1314,002881.SZ,45.25
1315,002882.SZ,14.33
1316,002883.SZ,24.66
1317,002884.SZ,16.35
1318,002885.SZ,15.84
1319,002886.SZ,44.64
1320,002887.SZ,15.85
1321,002888.SZ,28.53
1322,002889.SZ,30.88
1323,002890.SZ,38.78
1324,002891.SZ,21.08
1325,002892.SZ,33.27
1326,002893.SZ,15.9
1327,002895.SZ,17.04
1328,002896.SZ,29.82
1329,002897.SZ,39.63
1330,002898.SZ,15.77
1331,002899.SZ,14.87
1332,002900.SZ,13.48
1333,002901.SZ,97.24
1334,002902.SZ,28.85
1335,002903.SZ,21.29
1336,002905.SZ,29.13
1337,002906.SZ,19.5
1338,002907.SZ,21.97
1339,002908.SZ,15.1
1340,002909.SZ,13.2
1341,002910.SZ,17.4
1342,002911.SZ,18.48
1343,002912.SZ,204.36
1344,002913.SZ,67.81
1345,002915.SZ,35.01
1346,002916.SZ,193.99
1347,002917.SZ,11.13
1348,002918.SZ,19.28
1349,002919.SZ,21.42
1350,002920.SZ,51.65
1351,002921.SZ,22.25
1352,002922.SZ,19.11
1353,002923.SZ,19.08
1354,002925.SZ,73.03
1355,002926.SZ,13.22
1356,002927.SZ,25.14
1357,002928.SZ,14.6
1358,002929.SZ,38.32
1359,002930.SZ,13.18
1360,002931.SZ,33.73
1361,002932.SZ,69.25
1362,002933.SZ,52.92
1363,002935.SZ,36.79
1364,002936.SZ,5.41
1365,002937.SZ,19.93
1366,002938.SZ,53.87
1367,002939.SZ,18.21
1368,002940.SZ,52.61
1369,002941.SZ,30.77
1370,002942.SZ,38.2
1371,002943.SZ,40.77
1372,002945.SZ,21.39
1373,002946.SZ,20.25
1374,002947.SZ,67.53
1375,002948.SZ,7.07
1376,002949.SZ,34.6
1377,002950.SZ,60.45
1378,002951.SZ,27.02
1379,002952.SZ,40.08
1380,002953.SZ,49.85
1381,002958.SZ,9.25
1382,300001.SZ,27.24
1383,300002.SZ,6.97
1384,300003.SZ,41.08
1385,300004.SZ,7.96
1386,300005.SZ,4.91
1387,300006.SZ,6.78
1388,300007.SZ,19.38
1389,300008.SZ,4.3
1390,300009.SZ,15.71
1391,300010.SZ,22.8
1392,300011.SZ,8.15
1393,300012.SZ,18.53
1394,300013.SZ,12.23
1395,300014.SZ,85.26
1396,300015.SZ,29.56
1397,300016.SZ,11.69
1398,300017.SZ,12.62
1399,300018.SZ,8.25
1400,300019.SZ,12.1
1401,300020.SZ,11.24
1402,300021.SZ,7.76
1403,300022.SZ,6.43
1404,300023.SZ,10.98
1405,300024.SZ,17.67
1406,300025.SZ,8.4
1407,300026.SZ,8.36
1408,300027.SZ,5.9
1409,300029.SZ,9.89
1410,300030.SZ,14.88
1411,300031.SZ,24.84
1412,300032.SZ,5.51
1413,300033.SZ,148.63
1414,300034.SZ,18.72
1415,300035.SZ,10.5
1416,300036.SZ,32.35
1417,300037.SZ,47.06
1418,300038.SZ,11.64
1419,300039.SZ,6.9
1420,300040.SZ,8.1
1421,300041.SZ,17.19
1422,300042.SZ,20.9
1423,300043.SZ,6.38
1424,300044.SZ,9.1
1425,300045.SZ,15.24
1426,300046.SZ,28.27
1427,300047.SZ,9.59
1428,300048.SZ,6.14
1429,300049.SZ,10.77
1430,300050.SZ,7.5
1431,300051.SZ,15.75
1432,300052.SZ,18.24
1433,300053.SZ,15.44
1434,300054.SZ,15.95
1435,300055.SZ,8.19
1436,300056.SZ,7.49
1437,300057.SZ,7.34
1438,300058.SZ,8.71
1439,300059.SZ,14.32
1440,300061.SZ,10.47
1441,300062.SZ,9.14
1442,300063.SZ,6.71
1443,300064.SZ,5.01
1444,300065.SZ,15.36
1445,300066.SZ,6.44
1446,300067.SZ,6.84
1447,300068.SZ,13.95
1448,300069.SZ,19.83
1449,300070.SZ,11.76
1450,300071.SZ,3.78
1451,300072.SZ,9.33
1452,300073.SZ,37.52
1453,300074.SZ,6.49
1454,300075.SZ,16.44
1455,300076.SZ,6.92
1456,300077.SZ,9.39
1457,300078.SZ,18.1
1458,300079.SZ,7.36
1459,300080.SZ,7.29
1460,300081.SZ,15.5
1461,300082.SZ,8.38
1462,300083.SZ,6.76
1463,300084.SZ,6.24
1464,300085.SZ,19.9
1465,300086.SZ,7.67
1466,300087.SZ,19.17
1467,300088.SZ,13.78
1468,300089.SZ,6.54
1469,300090.SZ,2.69
1470,300091.SZ,5.88
1471,300092.SZ,8.23
1472,300093.SZ,13.65
1473,300094.SZ,5.62
1474,300095.SZ,8.25
1475,300096.SZ,13.26
1476,300097.SZ,14.17
1477,300098.SZ,8.94
1478,300099.SZ,9.47
1479,300100.SZ,8.97
1480,300101.SZ,14.19
1481,300102.SZ,8.99
1482,300103.SZ,12.49
1483,300105.SZ,6.6
1484,300106.SZ,9.45
1485,300107.SZ,10.41
1486,300108.SZ,7.46
1487,300109.SZ,22.2
1488,300110.SZ,6.47
1489,300111.SZ,3.02
1490,300112.SZ,11.71
1491,300113.SZ,33.98
1492,300114.SZ,13.68
1493,300115.SZ,27.31
1494,300116.SZ,2.16
1495,300117.SZ,4.31
1496,300118.SZ,17.99
1497,300119.SZ,25.3
1498,300120.SZ,9.58
1499,300121.SZ,9.1
1500,300122.SZ,85.65
1501,300123.SZ,10.81
1502,300124.SZ,35.85
1503,300125.SZ,18.55
1504,300126.SZ,6.82
1505,300127.SZ,26.8
1506,300128.SZ,4.76
1507,300129.SZ,5.25
1508,300130.SZ,22.33
1509,300131.SZ,7.68
1510,300132.SZ,20.1
1511,300133.SZ,9.98
1512,300134.SZ,21.85
1513,300135.SZ,3.23
1514,300136.SZ,57.49
1515,300137.SZ,9.25
1516,300138.SZ,11.57
1517,300139.SZ,13.5
1518,300140.SZ,15.17
1519,300141.SZ,12.52
1520,300142.SZ,45.45
1521,300143.SZ,14.11
1522,300144.SZ,33.47
1523,300145.SZ,6.1
1524,300146.SZ,21.82
1525,300147.SZ,13.43
1526,300148.SZ,5.12
1527,300149.SZ,16.6
1528,300150.SZ,5.59
1529,300151.SZ,13.65
1530,300152.SZ,5.95
1531,300153.SZ,8.66
1532,300154.SZ,6.74
1533,300155.SZ,11.48
1534,300156.SZ,3.46
1535,300157.SZ,5.7
1536,300158.SZ,7.33
1537,300159.SZ,5.65
1538,300160.SZ,13.33
1539,300161.SZ,29.53
1540,300162.SZ,10.68
1541,300163.SZ,5.01
1542,300164.SZ,6.85
1543,300165.SZ,6.7
1544,300166.SZ,20.87
1545,300167.SZ,8.17
1546,300168.SZ,24.56
1547,300169.SZ,9.29
1548,300170.SZ,15.6
1549,300171.SZ,12.71
1550,300172.SZ,6.53
1551,300173.SZ,8.5
1552,300174.SZ,30.33
1553,300175.SZ,7.94
1554,300176.SZ,21.84
1555,300177.SZ,10.25
1556,300178.SZ,8.45
1557,300179.SZ,7.61
1558,300180.SZ,9.99
1559,300181.SZ,6.68
1560,300182.SZ,6.46
1561,300183.SZ,18.66
1562,300184.SZ,12.1
1563,300185.SZ,2.09
1564,300187.SZ,6.26
1565,300188.SZ,25.37
1566,300189.SZ,5.81
1567,300190.SZ,10.21
1568,300191.SZ,36.41
1569,300192.SZ,19.26
1570,300193.SZ,8.92
1571,300194.SZ,7.94
1572,300195.SZ,9.76
1573,300196.SZ,13.27
1574,300197.SZ,4.01
1575,300198.SZ,4.73
1576,300199.SZ,12.33
1577,300200.SZ,14.91
1578,300201.SZ,5.47
1579,300202.SZ,17.15
1580,300203.SZ,24.23
1581,300204.SZ,19.0
1582,300205.SZ,16.27
1583,300206.SZ,15.64
1584,300207.SZ,26.7
1585,300208.SZ,9.41
1586,300209.SZ,17.37
1587,300210.SZ,7.08
1588,300211.SZ,9.39
1589,300212.SZ,44.08
1590,300213.SZ,8.27
1591,300214.SZ,10.27
1592,300215.SZ,9.24
1593,300217.SZ,4.22
1594,300218.SZ,9.3
1595,300219.SZ,9.17
1596,300220.SZ,55.89
1597,300221.SZ,7.94
1598,300222.SZ,15.71
1599,300223.SZ,142.1
1600,300224.SZ,11.02
1601,300225.SZ,6.59
1602,300226.SZ,103.12
1603,300227.SZ,9.68
1604,300228.SZ,7.22
1605,300229.SZ,13.69
1606,300230.SZ,7.72
1607,300231.SZ,9.92
1608,300232.SZ,10.67
1609,300233.SZ,25.12
1610,300234.SZ,8.48
1611,300235.SZ,29.56
1612,300236.SZ,48.89
1613,300237.SZ,5.16
1614,300238.SZ,34.69
1615,300239.SZ,6.63
1616,300240.SZ,8.92
1617,300241.SZ,8.94
1618,300242.SZ,6.0
1619,300243.SZ,9.05
1620,300244.SZ,30.46
1621,300245.SZ,13.29
1622,300246.SZ,26.32
1623,300247.SZ,4.18
1624,300248.SZ,14.79
1625,300249.SZ,10.28
1626,300250.SZ,19.8
1627,300251.SZ,12.93
1628,300252.SZ,12.98
1629,300253.SZ,30.74
1630,300254.SZ,10.47
1631,300255.SZ,7.47
1632,300256.SZ,8.06
1633,300257.SZ,11.88
1634,300258.SZ,14.35
1635,300259.SZ,6.46
1636,300260.SZ,21.81
1637,300261.SZ,5.89
1638,300262.SZ,8.79
1639,300263.SZ,8.99
1640,300264.SZ,8.25
1641,300265.SZ,19.82
1642,300266.SZ,5.45
1643,300267.SZ,7.25
1644,300268.SZ,17.44
1645,300269.SZ,6.19
1646,300270.SZ,12.65
1647,300271.SZ,33.9
1648,300272.SZ,5.82
1649,300273.SZ,9.56
1650,300274.SZ,14.18
1651,300275.SZ,13.45
1652,300276.SZ,9.37
1653,300277.SZ,11.81
1654,300278.SZ,7.18
1655,300279.SZ,8.0
1656,300280.SZ,34.48
1657,300281.SZ,7.88
1658,300282.SZ,12.62
1659,300283.SZ,6.15
1660,300284.SZ,11.59
1661,300285.SZ,29.22
1662,300286.SZ,12.59
1663,300287.SZ,6.06
1664,300288.SZ,15.1
1665,300289.SZ,7.19
1666,300290.SZ,8.93
1667,300291.SZ,6.83
1668,300292.SZ,9.26
1669,300293.SZ,14.84
1670,300294.SZ,42.2
1671,300295.SZ,16.24
1672,300296.SZ,8.65
1673,300297.SZ,7.02
1674,300298.SZ,24.0
1675,300299.SZ,8.86
1676,300300.SZ,12.62
1677,300301.SZ,7.5
1678,300302.SZ,16.13
1679,300303.SZ,8.27
1680,300304.SZ,5.13
1681,300305.SZ,11.37
1682,300306.SZ,16.76
1683,300307.SZ,8.82
1684,300308.SZ,52.31
1685,300309.SZ,8.2
1686,300310.SZ,7.98
1687,300311.SZ,11.99
1688,300312.SZ,8.49
1689,300313.SZ,8.87
1690,300314.SZ,13.13
1691,300315.SZ,7.97
1692,300316.SZ,30.25
1693,300317.SZ,7.16
1694,300318.SZ,7.08
1695,300319.SZ,16.31
1696,300320.SZ,8.54
1697,300321.SZ,20.51
1698,300322.SZ,27.96
1699,300323.SZ,8.98
1700,300324.SZ,10.58
1701,300325.SZ,8.35
1702,300326.SZ,29.06
1703,300327.SZ,38.07
1704,300328.SZ,13.73
1705,300329.SZ,9.8
1706,300330.SZ,13.07
1707,300331.SZ,37.34
1708,300332.SZ,5.34
1709,300333.SZ,14.16
1710,300334.SZ,10.53
1711,300335.SZ,7.05
1712,300336.SZ,8.58
1713,300337.SZ,5.4
1714,300338.SZ,13.77
1715,300339.SZ,18.6
1716,300340.SZ,19.62
1717,300341.SZ,20.04
1718,300342.SZ,27.63
1719,300343.SZ,4.65
1720,300344.SZ,5.14
1721,300345.SZ,13.79
1722,300346.SZ,37.39
1723,300347.SZ,56.32
1724,300348.SZ,20.71
1725,300349.SZ,18.83
1726,300350.SZ,8.0
1727,300351.SZ,12.71
1728,300352.SZ,10.91
1729,300353.SZ,17.81
1730,300354.SZ,16.01
1731,300355.SZ,4.6
1732,300356.SZ,9.48
1733,300357.SZ,60.56
1734,300358.SZ,10.08
1735,300359.SZ,8.78
1736,300360.SZ,10.94
1737,300362.SZ,5.37
1738,300363.SZ,32.66
1739,300364.SZ,5.32
1740,300365.SZ,16.72
1741,300366.SZ,14.49
1742,300367.SZ,7.67
1743,300368.SZ,11.83
1744,300369.SZ,27.52
1745,300370.SZ,5.0
1746,300371.SZ,16.28
1747,300373.SZ,35.96
1748,300374.SZ,12.25
1749,300375.SZ,9.98
1750,300376.SZ,6.42
1751,300377.SZ,14.0
1752,300378.SZ,19.55
1753,300379.SZ,60.8
1754,300380.SZ,23.67
1755,300381.SZ,13.19
1756,300382.SZ,8.83
1757,300383.SZ,31.48
1758,300384.SZ,25.6
1759,300385.SZ,10.32
1760,300386.SZ,19.28
1761,300387.SZ,11.84
1762,300388.SZ,13.8
1763,300389.SZ,14.98
1764,300390.SZ,9.75
1765,300391.SZ,13.97
1766,300392.SZ,10.15
1767,300393.SZ,12.63
1768,300394.SZ,55.8
1769,300395.SZ,28.69
1770,300396.SZ,22.42
1771,300397.SZ,58.98
1772,300398.SZ,25.61
1773,300399.SZ,18.63
1774,300400.SZ,19.0
1775,300401.SZ,21.48
1776,300402.SZ,11.78
1777,300403.SZ,7.83
1778,300404.SZ,19.98
1779,300405.SZ,13.59
1780,300406.SZ,23.02
1781,300407.SZ,10.78
1782,300408.SZ,27.44
1783,300409.SZ,17.97
1784,300410.SZ,10.6
1785,300411.SZ,12.66
1786,300412.SZ,9.0
1787,300413.SZ,31.51
1788,300414.SZ,11.53
1789,300415.SZ,10.42
1790,300416.SZ,29.53
1791,300417.SZ,58.71
1792,300418.SZ,27.7
1793,300419.SZ,8.47
1794,300420.SZ,7.89
1795,300421.SZ,12.85
1796,300422.SZ,14.21
1797,300423.SZ,15.89
1798,300424.SZ,20.78
1799,300425.SZ,6.02
1800,300426.SZ,7.9
1801,300427.SZ,22.29
1802,300428.SZ,19.1
1803,300429.SZ,24.24
1804,300430.SZ,15.28
1805,300431.SZ,8.34
1806,300432.SZ,8.76
1807,300433.SZ,23.3
1808,300434.SZ,9.61
1809,300435.SZ,19.19
1810,300436.SZ,43.88
1811,300437.SZ,14.9
1812,300438.SZ,33.51
1813,300439.SZ,17.93
1814,300440.SZ,12.27
1815,300441.SZ,10.52
1816,300442.SZ,20.22
1817,300443.SZ,19.1
1818,300444.SZ,9.85
1819,300445.SZ,19.94
1820,300446.SZ,18.33
1821,300447.SZ,14.8
1822,300448.SZ,8.79
1823,300449.SZ,9.78
1824,300450.SZ,59.58
1825,300451.SZ,12.82
1826,300452.SZ,22.77
1827,300453.SZ,15.19
1828,300454.SZ,222.43
1829,300455.SZ,21.18
1830,300456.SZ,19.74
1831,300457.SZ,47.24
1832,300458.SZ,40.31
1833,300459.SZ,4.88
1834,300460.SZ,28.9
1835,300461.SZ,26.2
1836,300462.SZ,32.77
1837,300463.SZ,52.38
1838,300464.SZ,18.05
1839,300465.SZ,17.55
1840,300466.SZ,8.43
1841,300467.SZ,24.92
1842,300468.SZ,48.37
1843,300469.SZ,15.13
1844,300470.SZ,30.39
1845,300471.SZ,13.94
1846,300472.SZ,14.21
1847,300473.SZ,45.49
1848,300474.SZ,77.04
1849,300475.SZ,9.65
1850,300476.SZ,28.23
1851,300477.SZ,7.61
1852,300478.SZ,17.04
1853,300479.SZ,19.36
1854,300480.SZ,17.53
1855,300481.SZ,21.07
1856,300482.SZ,98.45
1857,300483.SZ,43.28
1858,300484.SZ,13.25
1859,300485.SZ,18.02
1860,300486.SZ,28.64
1861,300487.SZ,46.37
1862,300488.SZ,24.99
1863,300489.SZ,45.45
1864,300490.SZ,13.63
1865,300491.SZ,18.2
1866,300492.SZ,67.99
1867,300493.SZ,9.26
1868,300494.SZ,18.81
1869,300495.SZ,14.96
1870,300496.SZ,79.48
1871,300497.SZ,16.19
1872,300498.SZ,42.82
1873,300499.SZ,16.0
1874,300500.SZ,17.44
1875,300501.SZ,14.69
1876,300502.SZ,80.1
1877,300503.SZ,15.53
1878,300504.SZ,33.83
1879,300505.SZ,20.3
1880,300506.SZ,10.02
1881,300507.SZ,22.4
1882,300508.SZ,40.9
1883,300509.SZ,11.21
1884,300510.SZ,6.95
1885,300511.SZ,12.77
1886,300512.SZ,14.58
1887,300513.SZ,15.67
1888,300514.SZ,15.39
1889,300515.SZ,12.5
1890,300516.SZ,26.64
1891,300517.SZ,17.3
1892,300518.SZ,31.44
1893,300519.SZ,14.93
1894,300520.SZ,26.96
1895,300521.SZ,18.33
1896,300522.SZ,14.16
1897,300523.SZ,36.66
1898,300525.SZ,21.79
1899,300526.SZ,219.04
1900,300527.SZ,14.82
1901,300528.SZ,8.66
1902,300529.SZ,63.85
1903,300530.SZ,24.28
1904,300531.SZ,19.33
1905,300532.SZ,19.3
1906,300533.SZ,62.25
1907,300534.SZ,7.49
1908,300535.SZ,15.77
1909,300536.SZ,11.21
1910,300537.SZ,23.37
1911,300538.SZ,19.46
1912,300539.SZ,10.27
1913,300540.SZ,21.92
1914,300541.SZ,22.42
1915,300542.SZ,21.36
1916,300543.SZ,16.07
1917,300545.SZ,47.31
1918,300546.SZ,36.27
1919,300547.SZ,24.22
1920,300548.SZ,76.43
1921,300549.SZ,16.01
1922,300550.SZ,46.0
1923,300551.SZ,37.18
1924,300552.SZ,62.59
1925,300553.SZ,45.71
1926,300554.SZ,26.35
1927,300555.SZ,14.0
1928,300556.SZ,20.18
1929,300557.SZ,32.87
1930,300558.SZ,106.07
1931,300559.SZ,24.36
1932,300560.SZ,22.03
1933,300561.SZ,17.02
1934,300562.SZ,23.76
1935,300563.SZ,37.68
1936,300565.SZ,20.06
1937,300566.SZ,31.04
1938,300567.SZ,51.09
1939,300568.SZ,43.88
1940,300569.SZ,13.62
1941,300570.SZ,35.97
1942,300571.SZ,70.67
1943,300572.SZ,47.37
1944,300573.SZ,118.8
1945,300575.SZ,61.34
1946,300576.SZ,83.56
1947,300577.SZ,39.09
1948,300578.SZ,85.79
1949,300579.SZ,52.26
1950,300580.SZ,22.35
1951,300581.SZ,27.22
1952,300582.SZ,15.13
1953,300583.SZ,36.7
1954,300584.SZ,37.46
1955,300585.SZ,29.87
1956,300586.SZ,26.74
1957,300587.SZ,14.2
1958,300588.SZ,14.65
1959,300589.SZ,16.62
1960,300590.SZ,68.27
1961,300591.SZ,7.95
1962,300592.SZ,14.86
1963,300593.SZ,19.16
1964,300595.SZ,51.78
1965,300596.SZ,43.88
1966,300597.SZ,17.32
1967,300598.SZ,352.65
1968,300599.SZ,13.75
1969,300600.SZ,12.37
1970,300601.SZ,151.86
1971,300602.SZ,64.37
1972,300603.SZ,30.18
1973,300604.SZ,19.35
1974,300605.SZ,16.78
1975,300606.SZ,44.55
1976,300607.SZ,79.67
1977,300608.SZ,17.7
1978,300609.SZ,47.67
1979,300610.SZ,15.69
1980,300611.SZ,12.65
1981,300612.SZ,23.3
1982,300613.SZ,215.8
1983,300615.SZ,31.79
1984,300616.SZ,90.11
1985,300617.SZ,31.16
1986,300618.SZ,66.13
1987,300619.SZ,27.99
1988,300620.SZ,47.32
1989,300621.SZ,15.15
1990,300622.SZ,13.63
1991,300623.SZ,30.4
1992,300624.SZ,68.37
1993,300625.SZ,18.94
1994,300626.SZ,12.25
1995,300627.SZ,32.15
1996,300628.SZ,59.01
1997,300629.SZ,26.94
1998,300630.SZ,56.12
1999,300631.SZ,25.44
2000,300632.SZ,19.6
2001,300633.SZ,37.53
2002,300634.SZ,27.62
2003,300635.SZ,25.89
2004,300636.SZ,30.08
2005,300637.SZ,14.73
2006,300638.SZ,52.92
2007,300639.SZ,37.65
2008,300640.SZ,10.01
2009,300641.SZ,5.9
2010,300642.SZ,52.93
2011,300643.SZ,28.07
2012,300644.SZ,46.59
2013,300645.SZ,18.52
2014,300647.SZ,11.77
2015,300648.SZ,25.05
2016,300649.SZ,25.15
2017,300650.SZ,21.8
2018,300651.SZ,41.01
2019,300652.SZ,22.53
2020,300653.SZ,94.91
2021,300654.SZ,23.86
2022,300655.SZ,59.94
2023,300656.SZ,24.41
2024,300657.SZ,26.02
2025,300658.SZ,46.17
2026,300659.SZ,65.95
2027,300660.SZ,15.18
2028,300661.SZ,208.82
2029,300662.SZ,46.67
2030,300663.SZ,28.09
2031,300664.SZ,11.23
2032,300665.SZ,12.17
2033,300666.SZ,68.52
2034,300667.SZ,36.4
2035,300668.SZ,21.61
2036,300669.SZ,32.94
2037,300670.SZ,11.57
2038,300671.SZ,41.93
2039,300672.SZ,43.84
2040,300673.SZ,31.17
2041,300674.SZ,47.34
2042,300675.SZ,21.41
2043,300676.SZ,124.66
2044,300677.SZ,83.31
2045,300678.SZ,29.31
2046,300679.SZ,42.14
2047,300680.SZ,15.74
2048,300681.SZ,37.25
2049,300682.SZ,23.85
2050,300683.SZ,84.41
2051,300684.SZ,25.62
2052,300685.SZ,89.08
2053,300686.SZ,29.11
2054,300687.SZ,16.21
2055,300688.SZ,29.51
2056,300689.SZ,53.33
2057,300690.SZ,27.86
2058,300691.SZ,17.66
2059,300692.SZ,17.1
2060,300693.SZ,21.73
2061,300694.SZ,22.42
2062,300695.SZ,72.53
2063,300696.SZ,31.31
2064,300697.SZ,17.08
2065,300698.SZ,32.51
2066,300699.SZ,60.59
2067,300700.SZ,32.4
2068,300701.SZ,25.57
2069,300702.SZ,98.47
2070,300703.SZ,11.82
2071,300705.SZ,15.37
2072,300706.SZ,44.39
2073,300707.SZ,25.07
2074,300708.SZ,20.78
2075,300709.SZ,156.69
2076,300710.SZ,32.04
2077,300711.SZ,19.08
2078,300712.SZ,14.89
2079,300713.SZ,18.36
2080,300715.SZ,36.63
2081,300716.SZ,16.64
2082,300717.SZ,22.09
2083,300718.SZ,28.47
2084,300719.SZ,15.08
2085,300720.SZ,17.41
2086,300721.SZ,25.44
2087,300722.SZ,18.54
2088,300723.SZ,47.9
2089,300724.SZ,81.72
2090,300725.SZ,96.54
2091,300726.SZ,34.3
2092,300727.SZ,18.88
2093,300729.SZ,33.15
2094,300730.SZ,24.01
2095,300731.SZ,30.52
2096,300732.SZ,32.81
2097,300733.SZ,16.24
2098,300735.SZ,29.02
2099,300736.SZ,14.14
2100,300737.SZ,22.37
2101,300738.SZ,46.16
2102,300739.SZ,18.07
2103,300740.SZ,9.96
2104,300741.SZ,33.13
2105,300742.SZ,36.3
2106,300743.SZ,27.46
2107,300745.SZ,31.6
2108,300746.SZ,18.62
2109,300747.SZ,99.42
2110,300748.SZ,75.66
2111,300749.SZ,33.95
2112,300750.SZ,169.55
2113,300751.SZ,228.0
2114,300752.SZ,32.05
2115,300753.SZ,39.75
2116,300755.SZ,28.91
2117,300756.SZ,45.6
2118,300757.SZ,37.08
2119,300758.SZ,21.39
2120,300759.SZ,70.69
2121,300760.SZ,284.88
2122,300761.SZ,78.01
2123,300762.SZ,71.66
2124,300763.SZ,48.98
2125,300765.SZ,30.14
2126,300766.SZ,56.35
2127,300767.SZ,111.42
2128,300768.SZ,52.9
2129,300769.SZ,127.26
2130,300770.SZ,205.99
2131,300771.SZ,51.53
2132,300772.SZ,23.7
2133,300773.SZ,101.37
2134,300775.SZ,56.17
2135,300776.SZ,168.19
2136,300777.SZ,54.86
2137,300778.SZ,57.63
2138,600000.SH,12.93
2139,600004.SH,23.46
2140,600006.SH,5.96
2141,600007.SH,17.94
2142,600008.SH,4.01
2143,600009.SH,88.2
2144,600010.SH,1.84
2145,600011.SH,6.93
2146,600012.SH,6.32
2147,600015.SH,7.71
2148,600016.SH,6.15
2149,600017.SH,3.34
2150,600018.SH,7.75
2151,600019.SH,6.57
2152,600020.SH,6.1
2153,600021.SH,8.5
2154,600022.SH,1.76
2155,600023.SH,4.56
2156,600025.SH,4.79
2157,600026.SH,9.72
2158,600027.SH,4.1
2159,600028.SH,5.21
2160,600029.SH,8.05
2161,600030.SH,25.93
2162,600031.SH,20.62
2163,600033.SH,3.3
2164,600035.SH,4.22
2165,600036.SH,39.1
2166,600037.SH,11.04
2167,600038.SH,51.17
2168,600039.SH,4.27
2169,600048.SH,16.67
2170,600050.SH,6.9
2171,600051.SH,9.05
2172,600052.SH,6.33
2173,600053.SH,31.64
2174,600054.SH,9.98
2175,600055.SH,17.71
2176,600056.SH,17.72
2177,600057.SH,6.18
2178,600058.SH,10.4
2179,600059.SH,10.08
2180,600060.SH,14.27
2181,600061.SH,15.85
2182,600062.SH,15.49
2183,600063.SH,4.9
2184,600064.SH,11.4
2185,600066.SH,15.35
2186,600067.SH,5.31
2187,600068.SH,7.28
2188,600069.SH,3.28
2189,600070.SH,12.79
2190,600071.SH,13.39
2191,600072.SH,19.44
2192,600073.SH,11.13
2193,600074.SH,0.94
2194,600075.SH,6.22
2195,600076.SH,5.03
2196,600077.SH,3.15
2197,600078.SH,7.53
2198,600079.SH,24.97
2199,600080.SH,7.72
2200,600081.SH,14.24
2201,600082.SH,5.21
2202,600083.SH,30.65
2203,600084.SH,2.98
2204,600085.SH,30.86
2205,600086.SH,4.89
2206,600088.SH,18.63
2207,600089.SH,8.25
2208,600090.SH,5.76
2209,600091.SH,4.09
2210,600093.SH,20.81
2211,600094.SH,8.54
2212,600095.SH,12.34
2213,600096.SH,6.89
2214,600097.SH,11.27
2215,600098.SH,6.63
2216,600099.SH,8.13
2217,600100.SH,10.65
2218,600101.SH,6.87
2219,600103.SH,2.4
2220,600104.SH,26.12
2221,600105.SH,5.9
2222,600106.SH,3.35
2223,600107.SH,14.38
2224,600108.SH,4.27
2225,600109.SH,11.82
2226,600110.SH,7.05
2227,600111.SH,15.03
2228,600112.SH,4.52
2229,600113.SH,7.91
2230,600114.SH,14.9
2231,600115.SH,6.5
2232,600116.SH,9.69
2233,600117.SH,4.05
2234,600118.SH,41.7
2235,600119.SH,6.4
2236,600120.SH,6.79
2237,600121.SH,2.91
2238,600122.SH,4.35
2239,600123.SH,7.31
2240,600125.SH,7.62
2241,600126.SH,9.48
2242,600127.SH,13.36
2243,600128.SH,9.0
2244,600129.SH,14.14
2245,600130.SH,5.62
2246,600131.SH,23.37
2247,600132.SH,61.84
2248,600133.SH,7.57
2249,600135.SH,9.65
2250,600136.SH,15.83
2251,600137.SH,17.43
2252,600138.SH,13.72
2253,600139.SH,4.49
2254,600141.SH,12.82
2255,600143.SH,14.17
2256,600146.SH,23.4
2257,600148.SH,16.98
2258,600149.SH,6.55
2259,600150.SH,29.39
2260,600151.SH,5.85
2261,600152.SH,8.68
2262,600153.SH,9.06
2263,600155.SH,15.96
2264,600156.SH,7.03
2265,600157.SH,2.04
2266,600158.SH,12.23
2267,600159.SH,3.16
2268,600160.SH,9.59
2269,600161.SH,32.74
2270,600162.SH,2.57
2271,600163.SH,4.93
2272,600165.SH,5.4
2273,600166.SH,2.74
2274,600167.SH,12.35
2275,600168.SH,11.11
2276,600169.SH,2.78
2277,600170.SH,3.92
2278,600171.SH,23.58
2279,600172.SH,4.35
2280,600173.SH,5.39
2281,600175.SH,3.72
2282,600176.SH,11.09
2283,600177.SH,6.43
2284,600178.SH,6.2
2285,600179.SH,7.5
2286,600180.SH,9.92
2287,600182.SH,18.58
2288,600183.SH,35.89
2289,600184.SH,13.32
2290,600185.SH,7.76
2291,600186.SH,3.39
2292,600187.SH,3.27
2293,600188.SH,9.98
2294,600189.SH,4.88
2295,600190.SH,3.87
2296,600191.SH,10.2
2297,600192.SH,7.34
2298,600193.SH,4.09
2299,600195.SH,13.35
2300,600196.SH,38.4
2301,600197.SH,19.82
2302,600198.SH,17.08
2303,600199.SH,8.18
2304,600200.SH,11.86
2305,600201.SH,25.93
2306,600202.SH,5.55
2307,600203.SH,14.22
2308,600206.SH,17.11
2309,600207.SH,5.84
2310,600208.SH,5.03
2311,600209.SH,4.62
2312,600210.SH,5.65
2313,600211.SH,29.17
2314,600212.SH,5.84
2315,600213.SH,13.6
2316,600215.SH,12.3
2317,600216.SH,19.57
2318,600217.SH,8.15
2319,600218.SH,18.28
2320,600219.SH,2.43
2321,600220.SH,2.82
2322,600221.SH,2.15
2323,600222.SH,8.9
2324,600223.SH,11.53
2325,600225.SH,4.63
2326,600226.SH,4.4
2327,600227.SH,3.39
2328,600228.SH,13.19
2329,600229.SH,9.87
2330,600230.SH,17.16
2331,600231.SH,3.53
2332,600232.SH,8.52
2333,600233.SH,15.69
2334,600234.SH,10.47
2335,600235.SH,6.38
2336,600236.SH,4.62
2337,600237.SH,6.77
2338,600238.SH,10.49
2339,600239.SH,3.97
2340,600241.SH,6.42
2341,600242.SH,11.47
2342,600243.SH,5.75
2343,600246.SH,8.69
2344,600247.SH,5.42
2345,600248.SH,5.04
2346,600249.SH,5.21
2347,600250.SH,8.8
2348,600251.SH,7.63
2349,600252.SH,3.98
2350,600255.SH,2.18
2351,600256.SH,3.86
2352,600257.SH,5.6
2353,600258.SH,21.59
2354,600259.SH,48.64
2355,600260.SH,14.75
2356,600261.SH,4.8
2357,600262.SH,22.72
2358,600265.SH,30.68
2359,600266.SH,8.81
2360,600267.SH,18.89
2361,600268.SH,13.46
2362,600269.SH,4.65
2363,600271.SH,25.4
2364,600272.SH,9.72
2365,600273.SH,12.87
2366,600275.SH,3.55
2367,600276.SH,83.97
2368,600277.SH,8.79
2369,600278.SH,14.47
2370,600279.SH,5.21
2371,600280.SH,4.23
2372,600281.SH,6.1
2373,600282.SH,3.29
2374,600283.SH,12.35
2375,600284.SH,7.97
2376,600285.SH,10.91
2377,600287.SH,8.58
2378,600288.SH,14.09
2379,600289.SH,6.23
2380,600290.SH,6.04
2381,600291.SH,11.17
2382,600292.SH,7.31
2383,600293.SH,4.82
2384,600295.SH,8.61
2385,600297.SH,4.8
2386,600298.SH,41.32
2387,600299.SH,13.28
2388,600300.SH,4.4
2389,600301.SH,7.52
2390,600302.SH,5.86
2391,600303.SH,5.69
2392,600305.SH,23.5
2393,600306.SH,8.38
2394,600307.SH,2.14
2395,600308.SH,4.82
2396,600309.SH,53.33
2397,600310.SH,6.06
2398,600311.SH,5.6
2399,600312.SH,10.38
2400,600313.SH,4.97
2401,600315.SH,40.07
2402,600316.SH,17.96
2403,600317.SH,2.92
2404,600318.SH,14.53
2405,600319.SH,6.63
2406,600320.SH,3.95
2407,600321.SH,2.77
2408,600322.SH,4.8
2409,600323.SH,22.27
2410,600325.SH,8.39
2411,600326.SH,8.0
2412,600327.SH,4.89
2413,600328.SH,9.34
2414,600329.SH,16.35
2415,600330.SH,11.19
2416,600331.SH,3.74
2417,600332.SH,44.49
2418,600333.SH,6.09
2419,600335.SH,7.41
2420,600336.SH,7.32
2421,600337.SH,5.31
2422,600338.SH,28.17
2423,600339.SH,4.39
2424,600340.SH,32.3
2425,600343.SH,11.25
2426,600345.SH,30.64
2427,600346.SH,13.04
2428,600348.SH,5.84
2429,600350.SH,5.82
2430,600351.SH,7.16
2431,600352.SH,20.29
2432,600353.SH,6.95
2433,600354.SH,8.61
2434,600355.SH,4.66
2435,600356.SH,9.31
2436,600358.SH,5.08
2437,600359.SH,11.85
2438,600360.SH,11.49
2439,600361.SH,4.82
2440,600362.SH,17.39
2441,600363.SH,16.69
2442,600365.SH,6.09
2443,600366.SH,11.2
2444,600367.SH,9.47
2445,600368.SH,6.28
2446,600369.SH,5.64
2447,600370.SH,4.17
2448,600371.SH,16.59
2449,600372.SH,16.09
2450,600373.SH,18.09
2451,600375.SH,8.68
2452,600376.SH,9.24
2453,600377.SH,11.17
2454,600378.SH,24.4
2455,600379.SH,6.41
2456,600380.SH,13.47
2457,600381.SH,6.82
2458,600382.SH,8.26
2459,600383.SH,15.1
2460,600385.SH,8.61
2461,600386.SH,5.06
2462,600387.SH,9.6
2463,600388.SH,13.2
2464,600389.SH,23.52
2465,600390.SH,8.17
2466,600391.SH,25.0
2467,600392.SH,13.59
2468,600393.SH,5.18
2469,600395.SH,6.04
2470,600396.SH,3.18
2471,600397.SH,3.28
2472,600398.SH,9.39
2473,600399.SH,4.56
2474,600400.SH,5.41
2475,600401.SH,0.78
2476,600403.SH,4.55
2477,600405.SH,6.47
2478,600406.SH,23.86
2479,600408.SH,2.89
2480,600409.SH,7.55
2481,600410.SH,16.39
2482,600415.SH,4.3
2483,600416.SH,13.31
2484,600418.SH,8.38
2485,600419.SH,14.33
2486,600420.SH,11.63
2487,600421.SH,14.44
2488,600422.SH,14.32
2489,600423.SH,3.75
2490,600425.SH,4.65
2491,600426.SH,21.22
2492,600428.SH,4.12
2493,600429.SH,6.62
2494,600433.SH,4.29
2495,600435.SH,9.95
2496,600436.SH,151.21
2497,600438.SH,19.6
2498,600439.SH,3.72
2499,600444.SH,12.14
2500,600446.SH,26.86
2501,600448.SH,8.1
2502,600449.SH,15.22
2503,600452.SH,18.89
2504,600455.SH,51.0
2505,600456.SH,31.29
2506,600458.SH,11.48
2507,600459.SH,24.13
2508,600460.SH,21.54
2509,600461.SH,7.24
2510,600462.SH,2.04
2511,600463.SH,12.15
2512,600466.SH,7.75
2513,600467.SH,3.62
2514,600468.SH,4.78
2515,600469.SH,6.71
2516,600470.SH,5.62
2517,600475.SH,12.3
2518,600476.SH,26.97
2519,600477.SH,3.96
2520,600478.SH,6.48
2521,600479.SH,10.65
2522,600480.SH,12.19
2523,600481.SH,4.13
2524,600482.SH,27.49
2525,600483.SH,9.26
2526,600485.SH,13.86
2527,600486.SH,88.16
2528,600487.SH,21.94
2529,600488.SH,6.15
2530,600489.SH,10.75
2531,600490.SH,5.86
2532,600491.SH,9.65
2533,600493.SH,7.12
2534,600495.SH,5.17
2535,600496.SH,4.33
2536,600497.SH,5.34
2537,600498.SH,41.42
2538,600499.SH,5.77
2539,600500.SH,5.84
2540,600501.SH,11.5
2541,600502.SH,4.97
2542,600503.SH,4.15
2543,600505.SH,11.72
2544,600506.SH,13.99
2545,600507.SH,9.6
2546,600508.SH,10.08
2547,600509.SH,6.2
2548,600510.SH,9.53
2549,600511.SH,42.48
2550,600512.SH,4.27
2551,600513.SH,23.04
2552,600515.SH,6.32
2553,600516.SH,13.27
2554,600517.SH,9.02
2555,600518.SH,8.54
2556,600519.SH,1351.9
2557,600520.SH,15.87
2558,600521.SH,30.57
2559,600522.SH,12.49
2560,600523.SH,16.65
2561,600525.SH,7.31
2562,600526.SH,6.74
2563,600527.SH,5.42
2564,600528.SH,12.2
2565,600529.SH,33.07
2566,600530.SH,7.18
2567,600531.SH,6.24
2568,600532.SH,6.76
2569,600533.SH,4.06
2570,600535.SH,20.91
2571,600536.SH,103.38
2572,600537.SH,4.3
2573,600538.SH,9.45
2574,600539.SH,7.36
2575,600540.SH,6.74
2576,600543.SH,7.79
2577,600545.SH,7.9
2578,600546.SH,14.65
2579,600547.SH,37.06
2580,600548.SH,11.3
2581,600549.SH,16.74
2582,600550.SH,8.1
2583,600551.SH,9.57
2584,600552.SH,7.14
2585,600555.SH,3.73
2586,600556.SH,21.75
2587,600557.SH,18.55
2588,600558.SH,3.81
2589,600559.SH,12.77
2590,600560.SH,13.12
2591,600561.SH,7.74
2592,600562.SH,17.9
2593,600563.SH,63.05
2594,600565.SH,4.05
2595,600566.SH,32.17
2596,600567.SH,3.94
2597,600568.SH,2.65
2598,600569.SH,3.29
2599,600570.SH,110.5
2600,600571.SH,11.86
2601,600572.SH,8.13
2602,600573.SH,8.62
2603,600575.SH,3.43
2604,600576.SH,6.27
2605,600577.SH,3.72
2606,600578.SH,3.32
2607,600579.SH,12.85
2608,600580.SH,15.78
2609,600581.SH,4.04
2610,600582.SH,3.69
2611,600583.SH,8.13
2612,600584.SH,35.18
2613,600585.SH,60.26
2614,600586.SH,3.73
2615,600587.SH,20.6
2616,600588.SH,41.97
2617,600589.SH,8.27
2618,600590.SH,7.11
2619,600592.SH,19.03
2620,600593.SH,45.58
2621,600594.SH,6.56
2622,600595.SH,2.43
2623,600596.SH,11.65
2624,600597.SH,16.3
2625,600598.SH,17.1
2626,600599.SH,16.89
2627,600600.SH,62.59
2628,600601.SH,4.09
2629,600602.SH,9.77
2630,600603.SH,5.64
2631,600604.SH,15.56
2632,600605.SH,12.67
2633,600606.SH,7.16
2634,600608.SH,5.28
2635,600609.SH,5.48
2636,600611.SH,4.79
2637,600612.SH,55.08
2638,600613.SH,10.18
2639,600614.SH,5.24
2640,600615.SH,12.74
2641,600616.SH,6.64
2642,600617.SH,6.48
2643,600618.SH,11.49
2644,600619.SH,9.73
2645,600620.SH,9.31
2646,600621.SH,19.41
2647,600622.SH,6.01
2648,600623.SH,8.42
2649,600624.SH,14.17
2650,600626.SH,9.39
2651,600628.SH,13.04
2652,600629.SH,10.36
2653,600630.SH,11.0
2654,600633.SH,11.34
2655,600634.SH,2.76
2656,600635.SH,7.63
2657,600636.SH,16.13
2658,600637.SH,12.16
2659,600638.SH,9.0
2660,600639.SH,16.59
2661,600640.SH,29.78
2662,600641.SH,29.39
2663,600642.SH,6.05
2664,600643.SH,10.54
2665,600644.SH,6.95
2666,600645.SH,24.61
2667,600647.SH,22.98
2668,600648.SH,21.64
2669,600649.SH,7.51
2670,600650.SH,12.39
2671,600651.SH,5.34
2672,600652.SH,3.32
2673,600653.SH,2.68
2674,600654.SH,2.65
2675,600655.SH,9.21
2676,600657.SH,4.49
2677,600658.SH,6.37
2678,600660.SH,25.39
2679,600661.SH,25.16
2680,600662.SH,8.89
2681,600663.SH,13.98
2682,600664.SH,6.53
2683,600665.SH,4.05
2684,600666.SH,3.21
2685,600667.SH,15.87
2686,600668.SH,16.39
2687,600671.SH,16.84
2688,600673.SH,10.53
2689,600674.SH,9.91
2690,600675.SH,5.39
2691,600676.SH,5.36
2692,600677.SH,20.72
2693,600678.SH,9.77
2694,600679.SH,15.99
2695,600681.SH,7.86
2696,600682.SH,15.56
2697,600683.SH,5.17
2698,600684.SH,4.47
2699,600685.SH,20.95
2700,600686.SH,9.08
2701,600687.SH,2.89
2702,600688.SH,5.19
2703,600689.SH,11.78
2704,600690.SH,19.77
2705,600691.SH,2.84
2706,600692.SH,8.73
2707,600693.SH,5.9
2708,600694.SH,29.9
2709,600695.SH,11.09
2710,600696.SH,15.04
2711,600697.SH,19.14
2712,600698.SH,3.39
2713,600699.SH,23.95
2714,600701.SH,3.05
2715,600702.SH,34.17
2716,600703.SH,31.06
2717,600704.SH,5.96
2718,600705.SH,5.72
2719,600706.SH,10.09
2720,600707.SH,5.96
2721,600708.SH,6.29
2722,600710.SH,7.11
2723,600711.SH,6.16
2724,600712.SH,11.3
2725,600713.SH,5.48
2726,600714.SH,7.18
2727,600715.SH,4.52
2728,600716.SH,4.65
2729,600717.SH,6.62
2730,600718.SH,15.54
2731,600719.SH,6.05
2732,600720.SH,17.46
2733,600721.SH,7.24
2734,600722.SH,7.27
2735,600723.SH,7.12
2736,600724.SH,5.44
2737,600725.SH,3.6
2738,600726.SH,2.29
2739,600727.SH,8.98
2740,600728.SH,11.97
2741,600729.SH,34.11
2742,600730.SH,6.52
2743,600731.SH,8.07
2744,600732.SH,11.93
2745,600733.SH,10.39
2746,600734.SH,13.11
2747,600735.SH,7.41
2748,600736.SH,9.23
2749,600737.SH,9.96
2750,600738.SH,8.24
2751,600739.SH,21.5
2752,600740.SH,9.23
2753,600741.SH,28.9
2754,600742.SH,13.9
2755,600743.SH,2.81
2756,600744.SH,3.82
2757,600745.SH,171.88
2758,600746.SH,10.48
2759,600748.SH,11.35
2760,600749.SH,12.38
2761,600750.SH,13.5
2762,600751.SH,4.03
2763,600753.SH,22.51
2764,600754.SH,30.06
2765,600755.SH,8.75
2766,600756.SH,29.2
2767,600757.SH,7.19
2768,600758.SH,8.64
2769,600759.SH,4.25
2770,600760.SH,38.22
2771,600761.SH,10.46
2772,600763.SH,140.35
2773,600764.SH,34.87
2774,600765.SH,11.61
2775,600766.SH,11.54
2776,600767.SH,6.49
2777,600768.SH,15.9
2778,600769.SH,7.15
2779,600770.SH,7.59
2780,600771.SH,20.95
2781,600773.SH,7.49
2782,600774.SH,13.13
2783,600775.SH,16.86
2784,600776.SH,28.54
2785,600777.SH,2.46
2786,600778.SH,7.7
2787,600779.SH,59.06
2788,600780.SH,3.83
2789,600781.SH,15.29
2790,600782.SH,5.51
2791,600783.SH,20.13
2792,600784.SH,5.69
2793,600785.SH,17.85
2794,600787.SH,6.05
2795,600789.SH,14.04
2796,600790.SH,3.86
2797,600791.SH,4.49
2798,600792.SH,4.36
2799,600793.SH,20.39
2800,600794.SH,6.45
2801,600795.SH,2.65
2802,600796.SH,7.41
2803,600797.SH,12.53
2804,600798.SH,4.16
2805,600800.SH,6.98
2806,600801.SH,19.93
2807,600802.SH,13.41
2808,600803.SH,12.22
2809,600804.SH,9.16
2810,600805.SH,6.39
2811,600807.SH,5.38
2812,600808.SH,3.34
2813,600809.SH,128.49
2814,600810.SH,11.91
2815,600811.SH,4.04
2816,600812.SH,12.31
2817,600814.SH,5.68
2818,600815.SH,3.35
2819,600816.SH,5.94
2820,600817.SH,10.99
2821,600818.SH,13.48
2822,600819.SH,5.75
2823,600820.SH,6.58
2824,600821.SH,6.38
2825,600822.SH,13.38
2826,600823.SH,4.72
2827,600824.SH,4.06
2828,600825.SH,6.15
2829,600826.SH,14.15
2830,600827.SH,10.1
2831,600828.SH,5.15
2832,600829.SH,11.5
2833,600830.SH,8.41
2834,600831.SH,12.84
2835,600833.SH,12.21
2836,600834.SH,14.83
2837,600835.SH,20.22
2838,600836.SH,6.64
2839,600837.SH,16.46
2840,600838.SH,7.4
2841,600839.SH,4.02
2842,600841.SH,8.64
2843,600843.SH,9.5
2844,600844.SH,5.92
2845,600845.SH,43.81
2846,600846.SH,9.83
2847,600847.SH,13.92
2848,600848.SH,38.3
2849,600850.SH,32.12
2850,600851.SH,10.7
2851,600853.SH,4.02
2852,600854.SH,4.23
2853,600855.SH,29.53
2854,600856.SH,3.98
2855,600857.SH,10.89
2856,600858.SH,5.5
2857,600859.SH,21.77
2858,600860.SH,8.58
2859,600861.SH,14.74
2860,600862.SH,17.95
2861,600863.SH,3.23
2862,600864.SH,8.5
2863,600865.SH,6.87
2864,600866.SH,8.47
2865,600867.SH,18.82
2866,600868.SH,4.14
2867,600869.SH,5.5
2868,600870.SH,3.91
2869,600871.SH,2.86
2870,600872.SH,53.71
2871,600873.SH,5.0
2872,600874.SH,9.23
2873,600875.SH,11.36
2874,600876.SH,18.11
2875,600877.SH,8.27
2876,600879.SH,8.33
2877,600880.SH,4.77
2878,600881.SH,3.54
2879,600882.SH,39.1
2880,600883.SH,12.43
2881,600884.SH,16.33
2882,600885.SH,39.0
2883,600886.SH,9.72
2884,600887.SH,34.66
2885,600888.SH,6.11
2886,600889.SH,6.24
2887,600890.SH,10.4
2888,600891.SH,2.87
2889,600892.SH,6.27
2890,600893.SH,26.84
2891,600894.SH,9.82
2892,600895.SH,21.79
2893,600896.SH,6.6
2894,600897.SH,24.75
2895,600898.SH,10.42
2896,600900.SH,18.91
2897,600901.SH,6.52
2898,600903.SH,14.16
2899,600908.SH,6.21
2900,600909.SH,9.68
2901,600917.SH,8.13
2902,600919.SH,7.24
2903,600926.SH,9.49
2904,600928.SH,9.25
2905,600929.SH,9.08
2906,600933.SH,15.92
2907,600936.SH,5.35
2908,600939.SH,5.17
2909,600958.SH,11.3
2910,600959.SH,4.83
2911,600960.SH,4.69
2912,600961.SH,10.09
2913,600962.SH,10.14
2914,600963.SH,4.59
2915,600965.SH,11.1
2916,600966.SH,9.26
2917,600967.SH,12.13
2918,600969.SH,7.86
2919,600970.SH,6.84
2920,600971.SH,6.19
2921,600973.SH,4.95
2922,600975.SH,13.49
2923,600976.SH,19.05
2924,600977.SH,17.05
2925,600978.SH,4.16
2926,600979.SH,4.83
2927,600980.SH,22.04
2928,600981.SH,5.36
2929,600982.SH,3.58
2930,600983.SH,7.34
2931,600984.SH,17.89
2932,600985.SH,12.12
2933,600986.SH,6.14
2934,600987.SH,10.19
2935,600988.SH,10.39
2936,600989.SH,17.02
2937,600990.SH,62.33
2938,600992.SH,9.71
2939,600993.SH,19.45
2940,600995.SH,8.24
2941,600996.SH,11.35
2942,600997.SH,6.27
2943,600998.SH,20.34
2944,600999.SH,19.44
2945,601000.SH,2.94
2946,601001.SH,4.89
2947,601002.SH,7.5
2948,601003.SH,5.86
2949,601005.SH,2.13
2950,601006.SH,8.37
2951,601007.SH,11.39
2952,601008.SH,5.68
2953,601009.SH,9.01
2954,601010.SH,3.76
2955,601011.SH,6.39
2956,601012.SH,35.24
2957,601015.SH,5.66
2958,601016.SH,2.84
2959,601018.SH,4.97
2960,601019.SH,7.78
2961,601020.SH,12.67
2962,601021.SH,47.47
2963,601028.SH,8.42
2964,601038.SH,12.18
2965,601058.SH,5.1
2966,601066.SH,38.47
2967,601068.SH,9.66
2968,601069.SH,18.81
2969,601086.SH,6.02
2970,601088.SH,19.96
2971,601098.SH,12.93
2972,601099.SH,4.18
2973,601100.SH,76.77
2974,601101.SH,6.52
2975,601106.SH,3.47
2976,601107.SH,4.28
2977,601108.SH,13.17
2978,601111.SH,9.89
2979,601113.SH,8.32
2980,601116.SH,18.11
2981,601117.SH,7.59
2982,601118.SH,5.78
2983,601126.SH,8.54
2984,601127.SH,14.54
2985,601128.SH,9.15
2986,601137.SH,14.92
2987,601138.SH,20.77
2988,601139.SH,8.65
2989,601155.SH,41.85
2990,601158.SH,5.64
2991,601162.SH,10.42
2992,601163.SH,16.21
2993,601166.SH,19.66
2994,601168.SH,7.15
2995,601169.SH,6.02
2996,601177.SH,12.67
2997,601179.SH,8.04
2998,601186.SH,11.01
2999,601188.SH,3.7
3000,601198.SH,13.41
3001,601199.SH,5.0
3002,601200.SH,15.46
3003,601208.SH,7.18
3004,601211.SH,19.2
3005,601212.SH,5.0
3006,601216.SH,3.12
3007,601218.SH,3.33
3008,601222.SH,6.02
3009,601225.SH,9.26
3010,601226.SH,4.97
3011,601228.SH,4.49
3012,601229.SH,9.32
3013,601231.SH,26.93
3014,601233.SH,15.98
3015,601238.SH,13.1
3016,601258.SH,1.64
3017,601288.SH,3.66
3018,601298.SH,8.72
3019,601311.SH,12.32
3020,601318.SH,88.83
3021,601319.SH,9.9
3022,601326.SH,3.78
3023,601328.SH,6.04
3024,601330.SH,17.79
3025,601333.SH,3.31
3026,601336.SH,57.14
3027,601339.SH,5.33
3028,601360.SH,29.4
3029,601366.SH,7.03
3030,601368.SH,6.92
3031,601369.SH,7.11
3032,601375.SH,6.43
3033,601377.SH,7.5
3034,601388.SH,2.74
3035,601390.SH,6.81
3036,601398.SH,5.79
3037,601500.SH,8.38
3038,601515.SH,9.96
3039,601518.SH,3.23
3040,601519.SH,10.47
3041,601555.SH,10.5
3042,601558.SH,1.37
3043,601566.SH,13.55
3044,601567.SH,8.8
3045,601577.SH,10.3
3046,601579.SH,9.37
3047,601588.SH,4.3
3048,601595.SH,21.27
3049,601598.SH,5.54
3050,601599.SH,4.21
3051,601600.SH,4.33
3052,601601.SH,39.36
3053,601606.SH,18.18
3054,601607.SH,21.82
3055,601608.SH,4.87
3056,601611.SH,8.6
3057,601615.SH,14.17
3058,601616.SH,4.14
3059,601618.SH,3.15
3060,601619.SH,5.41
3061,601628.SH,36.09
3062,601633.SH,9.74
3063,601636.SH,5.68
3064,601666.SH,4.75
3065,601668.SH,6.02
3066,601669.SH,5.36
3067,601677.SH,12.43
3068,601678.SH,7.78
3069,601688.SH,23.22
3070,601689.SH,18.15
3071,601699.SH,8.28
3072,601700.SH,8.01
3073,601717.SH,7.52
3074,601718.SH,5.3
3075,601727.SH,5.66
3076,601766.SH,8.35
3077,601777.SH,6.58
3078,601788.SH,14.02
3079,601789.SH,6.21
3080,601798.SH,6.81
3081,601799.SH,113.74
3082,601800.SH,11.71
3083,601801.SH,6.47
3084,601808.SH,21.05
3085,601811.SH,14.99
3086,601818.SH,4.55
3087,601828.SH,14.1
3088,601838.SH,8.97
3089,601857.SH,7.28
3090,601858.SH,14.54
3091,601860.SH,7.86
3092,601865.SH,16.44
3093,601866.SH,3.12
3094,601869.SH,43.67
3095,601872.SH,8.44
3096,601877.SH,29.84
3097,601878.SH,12.75
3098,601880.SH,2.3
3099,601881.SH,12.79
3100,601882.SH,8.88
3101,601886.SH,8.59
3102,601888.SH,97.64
3103,601890.SH,7.26
3104,601898.SH,5.17
3105,601899.SH,4.88
3106,601900.SH,14.22
3107,601901.SH,8.99
3108,601908.SH,4.29
3109,601918.SH,3.57
3110,601919.SH,5.57
3111,601928.SH,9.06
3112,601929.SH,2.65
3113,601933.SH,11.08
3114,601939.SH,7.3
3115,601949.SH,7.46
3116,601952.SH,11.35
3117,601958.SH,8.06
3118,601965.SH,9.61
3119,601966.SH,24.04
3120,601968.SH,5.61
3121,601969.SH,6.74
3122,601975.SH,4.27
3123,601985.SH,5.72
3124,601988.SH,3.73
3125,601989.SH,6.85
3126,601990.SH,15.87
3127,601991.SH,3.16
3128,601992.SH,3.84
3129,601996.SH,3.34
3130,601997.SH,9.48
3131,601998.SH,6.24
3132,601999.SH,12.32
3133,603000.SH,26.68
3134,603001.SH,10.79
3135,603002.SH,6.02
3136,603003.SH,11.5
3137,603005.SH,98.86
3138,603006.SH,15.5
3139,603007.SH,9.42
3140,603008.SH,16.42
3141,603009.SH,9.87
3142,603010.SH,13.0
3143,603011.SH,7.33
3144,603012.SH,17.57
3145,603013.SH,19.1
3146,603015.SH,7.37
3147,603016.SH,25.69
3148,603017.SH,13.57
3149,603018.SH,19.87
3150,603019.SH,38.55
3151,603020.SH,11.31
3152,603021.SH,10.2
3153,603022.SH,20.56
3154,603023.SH,5.97
3155,603025.SH,10.93
3156,603026.SH,46.66
3157,603027.SH,27.55
3158,603028.SH,13.97
3159,603029.SH,15.71
3160,603030.SH,7.45
3161,603031.SH,40.86
3162,603032.SH,33.74
3163,603033.SH,22.32
3164,603035.SH,17.31
3165,603036.SH,13.41
3166,603037.SH,22.72
3167,603038.SH,20.17
3168,603039.SH,72.71
3169,603040.SH,36.55
3170,603041.SH,14.72
3171,603042.SH,29.68
3172,603043.SH,36.0
3173,603045.SH,22.76
3174,603050.SH,16.83
3175,603055.SH,8.25
3176,603056.SH,15.95
3177,603058.SH,9.5
3178,603059.SH,25.4
3179,603060.SH,20.45
3180,603063.SH,11.51
3181,603066.SH,13.3
3182,603067.SH,9.66
3183,603068.SH,145.7
3184,603069.SH,15.14
3185,603076.SH,26.98
3186,603077.SH,2.12
3187,603078.SH,41.28
3188,603079.SH,61.21
3189,603080.SH,21.55
3190,603081.SH,18.33
3191,603083.SH,33.11
3192,603085.SH,13.51
3193,603086.SH,35.25
3194,603088.SH,10.75
3195,603089.SH,16.18
3196,603090.SH,20.13
3197,603096.SH,66.14
3198,603098.SH,13.31
3199,603099.SH,11.51
3200,603100.SH,10.37
3201,603101.SH,9.07
3202,603103.SH,17.85
3203,603105.SH,13.5
3204,603106.SH,11.08
3205,603108.SH,12.74
3206,603110.SH,20.15
3207,603111.SH,8.5
3208,603113.SH,12.67
3209,603116.SH,8.29
3210,603117.SH,4.79
3211,603118.SH,18.37
3212,603121.SH,29.76
3213,603123.SH,10.29
3214,603126.SH,6.06
3215,603127.SH,118.57
3216,603128.SH,10.79
3217,603129.SH,52.99
3218,603131.SH,18.85
3219,603133.SH,29.98
3220,603136.SH,27.99
3221,603138.SH,21.51
3222,603139.SH,18.83
3223,603156.SH,42.93
3224,603157.SH,7.54
3225,603158.SH,30.52
3226,603159.SH,18.21
3227,603160.SH,386.47
3228,603161.SH,16.1
3229,603165.SH,14.48
3230,603166.SH,7.77
3231,603167.SH,11.14
3232,603168.SH,10.32
3233,603169.SH,9.46
3234,603177.SH,16.18
3235,603178.SH,18.61
3236,603179.SH,19.5
3237,603180.SH,55.45
3238,603181.SH,14.14
3239,603183.SH,8.42
3240,603185.SH,28.81
3241,603186.SH,69.63
3242,603187.SH,33.84
3243,603188.SH,8.99
3244,603189.SH,35.3
3245,603192.SH,29.78
3246,603196.SH,12.95
3247,603197.SH,43.03
3248,603198.SH,23.17
3249,603199.SH,26.59
3250,603200.SH,59.86
3251,603203.SH,33.51
3252,603208.SH,151.55
3253,603214.SH,36.04
3254,603218.SH,19.34
3255,603220.SH,35.03
3256,603222.SH,55.92
3257,603223.SH,8.07
3258,603225.SH,13.67
3259,603226.SH,38.76
3260,603227.SH,5.24
3261,603228.SH,42.41
3262,603229.SH,46.12
3263,603232.SH,41.21
3264,603233.SH,60.66
3265,603238.SH,35.21
3266,603239.SH,13.93
3267,603258.SH,40.42
3268,603259.SH,84.67
3269,603260.SH,35.96
3270,603266.SH,16.97
3271,603267.SH,72.92
3272,603268.SH,18.79
3273,603269.SH,16.27
3274,603277.SH,10.73
3275,603278.SH,13.86
3276,603283.SH,65.25
3277,603286.SH,19.84
3278,603288.SH,112.27
3279,603289.SH,12.41
3280,603297.SH,36.21
3281,603298.SH,13.89
3282,603299.SH,8.9
3283,603300.SH,7.54
3284,603301.SH,39.27
3285,603303.SH,11.57
3286,603305.SH,61.3
3287,603306.SH,18.17
3288,603308.SH,22.47
3289,603309.SH,17.24
3290,603311.SH,18.08
3291,603313.SH,23.76
3292,603315.SH,13.87
3293,603316.SH,13.41
3294,603317.SH,41.98
3295,603318.SH,33.5
3296,603319.SH,22.05
3297,603320.SH,20.92
3298,603321.SH,11.12
3299,603322.SH,28.69
3300,603323.SH,6.26
3301,603326.SH,20.25
3302,603328.SH,12.83
3303,603329.SH,22.64
3304,603330.SH,14.9
3305,603331.SH,18.67
3306,603332.SH,31.41
3307,603333.SH,12.26
3308,603335.SH,7.58
3309,603336.SH,16.65
3310,603337.SH,25.28
3311,603338.SH,68.48
3312,603339.SH,17.77
3313,603345.SH,115.04
3314,603348.SH,28.71
3315,603351.SH,27.07
3316,603355.SH,25.89
3317,603356.SH,18.44
3318,603357.SH,19.65
3319,603358.SH,22.1
3320,603359.SH,22.13
3321,603360.SH,26.69
3322,603363.SH,25.55
3323,603365.SH,18.71
3324,603366.SH,9.56
3325,603367.SH,20.31
3326,603368.SH,39.94
3327,603369.SH,38.0
3328,603377.SH,25.28
3329,603378.SH,40.2
3330,603379.SH,49.53
3331,603380.SH,19.26
3332,603383.SH,98.44
3333,603385.SH,16.35
3334,603386.SH,20.59
3335,603387.SH,40.97
3336,603388.SH,9.91
3337,603389.SH,9.06
3338,603393.SH,24.75
3339,603396.SH,25.95
3340,603398.SH,12.47
3341,603399.SH,13.47
3342,603416.SH,42.56
3343,603421.SH,27.99
3344,603429.SH,51.21
3345,603444.SH,427.27
3346,603456.SH,26.26
3347,603458.SH,23.91
3348,603466.SH,19.27
3349,603477.SH,17.54
3350,603486.SH,32.52
3351,603488.SH,9.35
3352,603496.SH,23.83
3353,603499.SH,26.05
3354,603500.SH,16.57
3355,603501.SH,221.21
3356,603505.SH,28.0
3357,603506.SH,21.69
3358,603507.SH,26.51
3359,603508.SH,82.31
3360,603515.SH,35.69
3361,603516.SH,53.87
3362,603517.SH,46.92
3363,603518.SH,9.83
3364,603519.SH,17.92
3365,603520.SH,58.89
3366,603527.SH,16.47
3367,603528.SH,9.27
3368,603533.SH,37.23
3369,603535.SH,20.34
3370,603536.SH,25.1
3371,603538.SH,45.35
3372,603555.SH,7.0
3373,603556.SH,19.6
3374,603557.SH,13.38
3375,603558.SH,11.58
3376,603559.SH,34.94
3377,603566.SH,25.0
3378,603567.SH,15.61
3379,603568.SH,32.1
3380,603569.SH,12.7
3381,603577.SH,12.46
3382,603578.SH,24.0
3383,603579.SH,32.55
3384,603580.SH,14.08
3385,603583.SH,44.69
3386,603585.SH,24.72
3387,603586.SH,20.47
3388,603587.SH,21.69
3389,603588.SH,13.9
3390,603589.SH,67.13
3391,603590.SH,43.29
3392,603595.SH,41.69
3393,603596.SH,37.39
3394,603598.SH,24.68
3395,603599.SH,17.53
3396,603600.SH,15.2
3397,603601.SH,14.81
3398,603602.SH,31.35
3399,603603.SH,15.65
3400,603605.SH,168.22
3401,603606.SH,11.46
3402,603607.SH,26.48
3403,603608.SH,13.61
3404,603609.SH,16.33
3405,603611.SH,23.33
3406,603612.SH,15.06
3407,603615.SH,11.68
3408,603616.SH,11.19
3409,603617.SH,12.09
3410,603618.SH,8.01
3411,603619.SH,23.49
3412,603626.SH,15.02
3413,603628.SH,9.99
3414,603629.SH,35.32
3415,603630.SH,17.37
3416,603633.SH,10.39
3417,603636.SH,16.65
3418,603637.SH,20.67
3419,603638.SH,48.5
3420,603639.SH,30.16
3421,603648.SH,15.23
3422,603650.SH,28.61
3423,603655.SH,31.8
3424,603656.SH,17.73
3425,603657.SH,28.8
3426,603658.SH,151.37
3427,603659.SH,106.87
3428,603660.SH,15.46
3429,603661.SH,46.97
3430,603663.SH,13.34
3431,603665.SH,27.0
3432,603666.SH,118.37
3433,603667.SH,10.42
3434,603668.SH,14.68
3435,603669.SH,5.86
3436,603676.SH,14.29
3437,603677.SH,14.34
3438,603678.SH,35.21
3439,603679.SH,54.89
3440,603680.SH,12.87
3441,603681.SH,33.27
3442,603683.SH,18.92
3443,603685.SH,13.52
3444,603686.SH,16.94
3445,603688.SH,33.68
3446,603689.SH,12.52
3447,603690.SH,46.87
3448,603693.SH,14.83
3449,603696.SH,18.98
3450,603697.SH,22.93
3451,603698.SH,13.43
3452,603699.SH,14.11
3453,603700.SH,39.68
3454,603701.SH,15.2
3455,603703.SH,25.78
3456,603706.SH,26.54
3457,603707.SH,49.45
3458,603708.SH,29.24
3459,603709.SH,39.23
3460,603711.SH,38.06
3461,603712.SH,32.73
3462,603713.SH,91.43
3463,603716.SH,22.95
3464,603717.SH,11.87
3465,603718.SH,20.33
3466,603721.SH,32.52
3467,603722.SH,43.8
3468,603725.SH,7.84
3469,603726.SH,19.22
3470,603727.SH,22.68
3471,603728.SH,15.66
3472,603729.SH,22.8
3473,603730.SH,40.07
3474,603733.SH,17.19
3475,603737.SH,84.38
3476,603738.SH,37.44
3477,603739.SH,42.46
3478,603757.SH,21.09
3479,603758.SH,7.32
3480,603766.SH,4.76
3481,603767.SH,8.3
3482,603768.SH,13.25
3483,603773.SH,43.58
3484,603776.SH,23.06
3485,603777.SH,19.25
3486,603778.SH,5.95
3487,603779.SH,10.88
3488,603787.SH,25.0
3489,603788.SH,17.95
3490,603789.SH,18.24
3491,603790.SH,20.78
3492,603797.SH,13.25
3493,603798.SH,14.19
3494,603799.SH,44.92
3495,603800.SH,13.55
3496,603801.SH,32.98
3497,603803.SH,17.32
3498,603806.SH,38.45
3499,603808.SH,17.35
3500,603809.SH,11.6
3501,603810.SH,40.0
3502,603811.SH,32.97
3503,603813.SH,21.65
3504,603816.SH,34.37
3505,603817.SH,9.45
3506,603818.SH,8.75
3507,603819.SH,13.69
3508,603822.SH,28.61
3509,603823.SH,24.85
3510,603825.SH,33.88
3511,603826.SH,29.99
3512,603828.SH,9.36
3513,603829.SH,12.29
3514,603833.SH,124.29
3515,603838.SH,9.9
3516,603839.SH,19.02
3517,603843.SH,6.04
3518,603848.SH,21.55
3519,603855.SH,13.59
3520,603856.SH,16.16
3521,603858.SH,20.99
3522,603859.SH,42.53
3523,603860.SH,30.79
3524,603861.SH,10.74
3525,603866.SH,55.55
3526,603868.SH,45.0
3527,603869.SH,13.93
3528,603871.SH,32.7
3529,603876.SH,20.52
3530,603877.SH,17.09
3531,603878.SH,12.09
3532,603879.SH,19.06
3533,603880.SH,22.95
3534,603881.SH,76.47
3535,603882.SH,76.42
3536,603883.SH,84.91
3537,603885.SH,15.78
3538,603886.SH,25.3
3539,603887.SH,37.71
3540,603888.SH,34.43
3541,603889.SH,7.66
3542,603890.SH,13.78
3543,603895.SH,26.34
3544,603896.SH,41.6
3545,603897.SH,21.15
3546,603898.SH,18.3
3547,603899.SH,54.74
3548,603900.SH,12.7
3549,603901.SH,15.41
3550,603903.SH,15.58
3551,603906.SH,15.32
3552,603908.SH,30.85
3553,603909.SH,22.69
3554,603912.SH,30.9
3555,603916.SH,27.71
3556,603917.SH,13.05
3557,603918.SH,11.92
3558,603919.SH,15.0
3559,603920.SH,30.25
3560,603922.SH,20.14
3561,603926.SH,12.78
3562,603928.SH,13.95
3563,603929.SH,23.9
3564,603933.SH,15.68
3565,603936.SH,20.13
3566,603937.SH,13.63
3567,603938.SH,36.53
3568,603939.SH,74.82
3569,603955.SH,19.19
3570,603956.SH,26.11
3571,603958.SH,9.98
3572,603959.SH,15.64
3573,603960.SH,28.2
3574,603963.SH,12.32
3575,603966.SH,13.92
3576,603967.SH,28.63
3577,603968.SH,18.28
3578,603969.SH,5.47
3579,603970.SH,17.86
3580,603976.SH,33.75
3581,603977.SH,8.73
3582,603978.SH,40.69
3583,603979.SH,10.38
3584,603980.SH,11.25
3585,603985.SH,23.1
3586,603986.SH,304.34
3587,603987.SH,15.67
3588,603988.SH,13.52
3589,603989.SH,30.63
3590,603990.SH,65.42
3591,603991.SH,30.64
3592,603993.SH,5.37
3593,603996.SH,7.85
3594,603997.SH,12.12
3595,603998.SH,10.13
3596,603999.SH,8.85
