,ts_code,EPS,SMR,EPS_Stability,RPS,TOTAL
0,000001.SZ,37.3,31.5,4.7,75.7,48.6
1,000002.SZ,61.5,56.3,11.5,65.1,65.1
2,000011.SZ,67.4,77.2,99.7,42.5,60.3
3,000014.SZ,99.3,91.1,92.1,25.4,76.2
4,000025.SZ,90.9,23.1,58.4,15.6,42.1
5,000026.SZ,64.3,54.1,18.5,71.0,69.9
6,000031.SZ,68.7,54.5,74.3,61.2,66.8
7,000034.SZ,63.6,24.2,86.9,96.4,77.4
8,000037.SZ,14.0,92.3,90.2,50.0,33.8
9,000039.SZ,94.1,9.8,78.1,7.5,30.6
10,000045.SZ,86.9,54.8,83.1,68.6,83.1
11,000050.SZ,27.2,96.8,50.3,59.7,52.5
12,000059.SZ,16.0,17.7,66.7,48.0,11.5
13,000060.SZ,80.1,45.2,85.9,32.2,52.2
14,000062.SZ,54.9,35.5,35.5,8.9,15.5
15,000063.SZ,86.3,82.4,81.2,91.5,97.0
16,000089.SZ,31.3,28.4,11.2,42.5,19.0
17,000096.SZ,15.6,21.6,58.5,72.8,25.4
18,000099.SZ,74.0,62.4,44.1,46.1,61.8
19,000100.SZ,58.2,4.1,34.3,80.3,56.5
20,000151.SZ,10.8,3.0,45.4,13.5,1.4
21,000157.SZ,93.2,89.1,88.1,89.6,98.4
22,000166.SZ,26.3,51.7,33.1,52.0,28.5
23,000338.SZ,85.9,41.4,54.8,81.5,85.7
24,000401.SZ,90.5,82.0,69.8,82.1,94.9
25,000407.SZ,86.4,27.0,83.5,38.5,55.2
26,000409.SZ,1.5,3.7,98.1,36.3,3.3
27,000416.SZ,65.1,32.6,73.0,59.7,56.7
28,000417.SZ,17.0,10.0,14.1,59.7,15.7
29,000423.SZ,10.7,3.3,43.7,10.7,1.3
30,000428.SZ,7.1,44.5,88.7,58.2,18.6
31,000429.SZ,42.2,36.2,22.5,34.3,22.3
32,000488.SZ,21.6,23.8,55.6,36.3,10.9
33,000502.SZ,7.3,53.5,72.5,28.5,9.1
34,000513.SZ,92.5,64.0,75.9,85.3,93.9
35,000514.SZ,98.3,98.9,91.1,61.2,93.8
36,000521.SZ,20.6,0.8,76.3,56.7,13.8
37,000532.SZ,58.1,31.1,22.4,59.7,51.2
38,000534.SZ,14.1,77.3,57.5,58.2,35.2
39,000538.SZ,47.0,29.3,4.3,74.8,53.5
40,000544.SZ,50.6,87.4,77.2,80.3,78.6
41,000548.SZ,66.7,47.7,61.1,30.2,43.8
42,000550.SZ,12.4,19.5,36.9,8.9,2.0
43,000551.SZ,70.7,49.7,26.1,71.0,73.9
44,000552.SZ,78.1,32.5,60.4,32.2,47.4
45,000555.SZ,97.4,94.5,78.8,85.9,99.1
46,000557.SZ,94.7,27.5,70.8,12.4,44.1
47,000565.SZ,15.2,87.7,40.4,44.4,28.1
48,000572.SZ,5.7,55.2,86.6,40.5,11.8
49,000576.SZ,7.7,88.4,89.5,28.5,14.8
50,000598.SZ,41.1,60.3,5.0,78.3,61.0
51,000600.SZ,74.6,47.0,57.1,8.9,31.1
52,000603.SZ,66.0,83.3,65.1,76.5,83.8
53,000612.SZ,8.9,72.1,80.9,32.2,12.9
54,000613.SZ,78.6,3.5,79.9,76.5,66.5
55,000617.SZ,34.0,34.3,8.6,38.5,19.3
56,000619.SZ,15.1,44.1,67.6,40.5,13.6
57,000628.SZ,85.2,97.1,79.7,46.1,81.6
58,000629.SZ,90.0,7.3,71.9,15.6,33.0
59,000631.SZ,67.8,6.5,67.4,44.4,40.0
60,000635.SZ,29.6,67.5,79.3,32.2,23.0
61,000655.SZ,88.5,77.5,97.1,59.7,85.4
62,000656.SZ,82.4,81.6,64.0,83.4,93.0
63,000661.SZ,79.4,90.7,32.1,96.8,97.3
64,000666.SZ,53.1,8.3,66.4,23.7,15.0
65,000680.SZ,50.8,4.6,62.0,42.5,23.3
66,000702.SZ,98.6,98.1,88.4,63.9,94.2
67,000708.SZ,71.1,57.8,11.6,98.7,89.8
68,000712.SZ,11.5,66.9,70.1,71.0,40.4
69,000715.SZ,62.0,42.5,39.0,19.5,27.8
70,000717.SZ,99.7,12.6,93.8,19.5,46.5
71,000722.SZ,38.7,14.4,45.0,25.4,11.1
72,000728.SZ,19.2,29.2,54.2,52.0,18.2
73,000735.SZ,77.7,95.0,85.8,58.2,83.6
74,000736.SZ,93.8,84.6,99.3,59.7,88.3
75,000739.SZ,66.9,65.6,23.5,96.4,88.5
76,000750.SZ,92.3,97.2,77.3,38.5,81.3
77,000756.SZ,70.4,35.0,49.4,93.0,81.8
78,000768.SZ,48.1,16.6,44.4,67.5,45.8
79,000776.SZ,47.7,73.6,44.5,61.2,59.7
80,000779.SZ,95.3,99.0,73.2,32.2,80.1
81,000786.SZ,24.5,32.9,61.3,88.2,48.9
82,000789.SZ,88.9,61.8,95.2,46.1,73.0
83,000791.SZ,92.9,30.8,95.3,5.6,38.2
84,000795.SZ,87.4,63.8,66.9,76.5,88.3
85,000807.SZ,86.2,77.9,76.9,46.1,76.9
86,000810.SZ,88.8,79.0,69.4,71.0,90.1
87,000818.SZ,83.5,18.0,73.3,97.7,86.2
88,000819.SZ,95.0,21.7,82.7,30.2,53.0
89,000822.SZ,95.7,5.8,99.0,18.0,40.8
90,000823.SZ,56.0,28.1,87.4,86.9,66.7
91,000828.SZ,44.1,66.4,5.4,32.2,33.3
92,000848.SZ,29.3,60.2,12.6,40.5,25.9
93,000856.SZ,36.8,2.8,70.5,4.9,3.8
94,000859.SZ,92.1,84.1,71.1,42.5,79.9
95,000862.SZ,2.1,38.3,90.0,11.5,2.3
96,000868.SZ,4.3,53.7,80.2,85.9,41.7
97,000875.SZ,1.4,59.3,99.6,82.7,37.9
98,000876.SZ,81.9,89.6,55.0,99.4,98.3
99,000877.SZ,94.6,55.9,98.5,74.8,89.2
100,000880.SZ,84.4,79.5,69.0,48.0,77.6
101,000895.SZ,41.2,68.6,10.5,95.2,76.6
102,000897.SZ,9.7,99.3,71.6,69.9,49.2
103,000898.SZ,83.8,6.9,75.0,4.4,20.1
104,000905.SZ,74.3,80.4,65.6,22.2,53.8
105,000909.SZ,45.1,3.2,21.7,65.1,36.2
106,000915.SZ,47.3,85.9,45.8,78.3,75.1
107,000919.SZ,35.1,9.7,64.2,63.9,28.4
108,000920.SZ,27.7,9.3,46.9,50.0,16.3
109,000932.SZ,94.9,14.7,75.1,6.9,32.9
110,000951.SZ,79.3,57.3,66.0,86.9,88.1
111,000965.SZ,56.2,99.4,59.6,16.7,45.2
112,000973.SZ,13.3,5.1,48.8,67.5,17.0
113,000975.SZ,76.9,53.4,78.6,90.6,87.5
114,000978.SZ,98.1,17.8,80.6,22.2,49.1
115,000987.SZ,63.1,6.1,68.7,58.2,46.0
116,000993.SZ,1.9,68.9,94.9,40.5,12.6
117,000999.SZ,61.4,58.4,49.2,73.7,71.6
118,001696.SZ,51.2,33.7,19.4,50.0,42.1
119,001896.SZ,2.4,68.7,87.0,56.7,20.9
120,002007.SZ,56.3,55.5,19.6,82.1,73.6
121,002011.SZ,0.7,67.2,94.5,44.4,14.0
122,002012.SZ,90.2,63.2,78.7,85.6,93.4
123,002013.SZ,41.5,35.3,43.8,71.9,50.4
124,002014.SZ,46.5,43.2,6.2,84.9,63.5
125,002020.SZ,71.0,74.6,16.7,69.9,81.0
126,002023.SZ,66.8,91.3,54.6,86.3,89.9
127,002033.SZ,25.3,70.5,11.3,53.8,38.8
128,002039.SZ,77.3,24.6,76.1,68.6,67.3
129,002049.SZ,41.8,82.2,27.5,92.5,79.2
130,002053.SZ,15.4,58.9,41.2,36.3,15.2
131,002054.SZ,76.5,78.8,92.3,67.5,83.6
132,002056.SZ,51.0,34.0,23.2,93.5,69.8
133,002058.SZ,6.4,0.7,81.1,87.2,21.5
134,002066.SZ,40.8,93.1,46.3,63.9,61.7
135,002067.SZ,32.0,10.2,94.1,32.2,10.6
136,002075.SZ,87.1,8.7,93.2,75.7,74.0
137,002080.SZ,62.8,43.7,38.6,48.0,50.9
138,002084.SZ,80.9,79.7,60.7,69.9,86.7
139,002097.SZ,88.0,45.9,70.3,50.0,69.4
140,002099.SZ,78.3,47.4,62.5,62.5,71.9
141,002114.SZ,5.5,85.6,89.2,56.7,28.9
142,002119.SZ,69.0,38.5,48.0,66.3,64.8
143,002129.SZ,67.9,74.7,24.2,95.4,90.8
144,002134.SZ,7.6,80.2,77.6,74.8,45.0
145,002135.SZ,84.1,46.9,31.0,94.5,91.5
146,002136.SZ,83.0,19.4,91.8,69.9,70.2
147,002138.SZ,33.2,43.8,20.9,84.4,55.5
148,002139.SZ,68.9,51.5,29.0,71.0,72.5
149,002140.SZ,82.3,38.0,64.9,46.1,60.1
150,002152.SZ,24.8,48.7,30.2,87.9,54.2
151,002155.SZ,55.9,9.4,78.3,59.7,43.7
152,002156.SZ,9.4,2.2,59.8,98.9,33.2
153,002162.SZ,69.6,99.7,81.3,52.0,77.0
154,002163.SZ,91.7,85.8,81.6,83.9,96.6
155,002165.SZ,71.8,95.2,76.6,65.1,84.3
156,002167.SZ,1.1,1.7,91.6,50.0,5.7
157,002179.SZ,49.7,47.9,8.2,53.8,47.9
158,002181.SZ,18.8,77.7,77.7,32.2,19.4
159,002182.SZ,89.1,68.3,65.7,80.9,92.2
160,002190.SZ,79.8,56.8,96.8,89.6,89.4
161,002211.SZ,3.6,4.4,84.6,63.9,10.8
162,002225.SZ,98.5,32.0,79.4,40.5,65.4
163,002231.SZ,2.2,89.9,88.8,67.5,39.2
164,002233.SZ,77.2,42.0,65.8,75.7,78.3
165,002236.SZ,58.8,60.6,11.8,77.4,73.8
166,002237.SZ,57.4,34.9,47.7,90.8,72.5
167,002242.SZ,38.0,62.0,1.9,88.8,67.0
168,002243.SZ,85.3,72.6,52.8,27.0,60.4
169,002245.SZ,23.9,6.2,49.7,50.0,12.8
170,002248.SZ,1.8,90.0,90.5,46.1,20.4
171,002254.SZ,80.5,43.6,38.5,71.0,78.0
172,002258.SZ,68.0,11.2,49.9,66.3,55.7
173,002262.SZ,67.2,62.7,2.1,61.2,68.2
174,002285.SZ,10.9,5.4,52.0,5.2,1.0
175,002299.SZ,94.5,92.4,75.8,71.9,94.5
176,002303.SZ,69.8,40.8,17.3,52.0,57.7
177,002312.SZ,67.6,97.0,94.7,85.9,91.3
178,002315.SZ,73.3,93.9,74.7,78.3,89.6
179,002318.SZ,81.7,68.0,45.6,68.6,84.1
180,002320.SZ,34.2,38.6,36.5,83.4,54.0
181,002324.SZ,46.6,84.9,48.3,95.2,84.0
182,002350.SZ,27.8,13.7,82.2,40.5,12.1
183,002352.SZ,43.2,52.3,56.6,90.2,68.1
184,002362.SZ,82.0,30.4,67.2,68.6,72.8
185,002367.SZ,99.0,96.4,88.5,74.8,97.6
186,002370.SZ,3.2,1.0,83.7,0.7,0.3
187,002379.SZ,100.0,1.1,98.3,71.9,77.7
188,002396.SZ,61.0,52.4,43.4,94.1,82.4
189,002398.SZ,71.9,75.7,36.1,93.3,91.9
190,002401.SZ,55.0,73.0,7.9,89.6,82.0
191,002410.SZ,17.6,40.7,34.6,94.1,50.6
192,002419.SZ,57.0,26.0,27.2,13.5,17.2
193,002428.SZ,3.5,0.4,84.4,91.5,22.4
194,002436.SZ,55.7,66.7,42.5,98.7,85.5
195,002438.SZ,78.4,81.2,51.7,63.9,83.1
196,002452.SZ,6.6,81.7,79.5,92.5,55.9
197,002458.SZ,96.0,97.6,96.1,8.9,64.4
198,002459.SZ,30.6,77.0,78.4,83.4,63.0
199,002461.SZ,75.0,89.5,33.5,76.5,88.7
200,002463.SZ,91.4,87.6,92.4,98.6,99.3
201,002465.SZ,39.1,67.1,31.5,85.9,67.8
202,002471.SZ,4.7,1.2,75.7,10.7,0.6
203,002484.SZ,50.3,34.4,8.7,79.6,60.0
204,002490.SZ,12.9,2.1,80.1,18.0,2.1
205,002492.SZ,43.4,40.4,35.8,53.8,41.8
206,002507.SZ,73.7,46.6,32.6,72.8,76.0
207,002518.SZ,43.0,55.3,23.7,71.0,57.3
208,002519.SZ,4.4,72.5,77.9,59.7,27.0
209,002521.SZ,63.5,86.3,54.5,53.8,68.8
210,002534.SZ,75.4,96.0,63.2,82.7,92.9
211,002538.SZ,30.8,8.2,25.7,48.0,16.7
212,002546.SZ,62.5,36.1,29.6,30.2,34.9
213,002553.SZ,19.4,16.9,44.8,30.2,7.7
214,002555.SZ,74.8,95.9,46.1,99.2,97.4
215,002561.SZ,24.1,21.4,3.5,48.0,16.6
216,002568.SZ,93.4,93.5,61.8,99.0,99.9
217,002572.SZ,54.8,45.6,12.9,36.3,38.2
218,002593.SZ,32.8,25.7,40.5,62.5,32.3
219,002595.SZ,39.4,53.3,15.4,52.0,42.1
220,002597.SZ,60.7,40.9,51.5,83.9,72.1
221,002601.SZ,84.2,64.3,82.3,68.6,84.7
222,002607.SZ,81.2,88.2,66.1,97.4,97.9
223,002642.SZ,5.1,79.8,84.2,62.5,31.8
224,002658.SZ,19.8,14.8,37.5,30.2,7.5
225,002673.SZ,47.4,92.1,60.9,32.2,46.7
226,002695.SZ,72.3,43.4,16.3,96.3,86.4
227,002697.SZ,81.3,69.8,40.8,96.5,94.6
228,002706.SZ,55.3,76.9,5.1,97.9,86.8
229,002714.SZ,99.2,98.6,90.7,98.3,100.0
230,002715.SZ,12.7,5.3,72.1,75.7,20.0
231,002723.SZ,2.9,92.5,88.9,56.7,30.0
232,002727.SZ,52.7,49.5,7.1,73.7,61.6
233,002728.SZ,62.1,48.4,19.2,62.5,60.6
234,002736.SZ,35.4,49.1,57.7,58.2,42.4
235,002746.SZ,92.7,91.6,81.9,20.9,67.9
236,002756.SZ,49.1,11.8,20.2,73.7,48.4
237,002759.SZ,76.6,17.0,86.7,34.3,42.8
238,002771.SZ,14.2,14.5,27.4,46.1,10.4
239,002774.SZ,10.1,5.9,59.1,14.6,1.6
240,002782.SZ,19.5,15.4,47.2,16.7,4.0
241,002795.SZ,25.9,16.3,38.0,46.1,14.5
242,002797.SZ,85.8,94.9,69.2,66.3,90.4
243,002798.SZ,93.1,70.7,90.9,63.9,87.2
244,002800.SZ,80.2,93.4,97.5,78.3,92.3
245,002801.SZ,55.6,84.2,41.9,87.5,84.8
246,002807.SZ,42.3,19.2,11.1,23.7,12.2
247,002812.SZ,54.6,89.2,50.2,42.5,57.4
248,002818.SZ,45.2,71.1,2.9,3.4,17.3
249,002845.SZ,13.6,15.9,57.4,74.8,23.5
250,002847.SZ,51.7,90.6,39.7,97.7,87.9
251,002853.SZ,61.3,75.9,56.8,46.1,59.6
252,002859.SZ,35.3,11.1,42.9,79.0,43.3
253,002860.SZ,52.3,82.6,22.1,87.9,82.7
254,002861.SZ,16.6,44.3,33.6,73.7,36.6
255,002863.SZ,18.1,13.4,24.1,32.2,7.4
256,002865.SZ,11.1,29.7,65.3,38.5,9.6
257,002876.SZ,31.0,95.6,55.2,62.5,57.0
258,002879.SZ,29.2,58.6,7.2,71.0,49.7
259,002880.SZ,22.5,57.0,16.9,93.5,59.0
260,002885.SZ,16.2,24.8,37.6,18.0,4.6
261,002895.SZ,69.4,89.8,53.9,42.5,66.4
262,002902.SZ,11.8,32.2,41.5,30.2,7.8
263,002903.SZ,8.7,2.4,62.7,6.9,0.7
264,002909.SZ,89.5,98.2,76.5,76.5,95.5
265,002913.SZ,30.4,37.8,12.2,66.3,40.1
266,002916.SZ,79.9,80.1,42.6,96.8,96.2
267,002921.SZ,20.2,45.8,8.9,18.0,8.5
268,002922.SZ,22.7,70.1,43.0,42.5,26.7
269,002925.SZ,73.2,78.1,55.5,53.8,73.5
270,002926.SZ,26.7,86.2,37.1,59.7,49.7
271,002930.SZ,26.8,74.1,9.5,12.4,12.5
272,002936.SZ,18.4,31.8,14.4,22.2,7.0
273,300003.SZ,72.5,71.9,17.7,93.3,91.2
274,300005.SZ,11.2,70.8,68.6,32.2,14.2
275,300007.SZ,7.2,0.6,58.8,69.9,13.3
276,300011.SZ,4.1,80.9,83.4,52.0,23.8
277,300016.SZ,97.8,81.3,73.6,63.9,91.8
278,300019.SZ,66.5,83.8,86.4,87.9,88.8
279,300030.SZ,2.8,78.7,85.3,97.6,55.6
280,300033.SZ,24.6,83.4,34.4,86.3,63.1
281,300052.SZ,88.2,23.0,63.3,80.3,81.7
282,300057.SZ,53.4,29.6,26.6,25.4,21.1
283,300067.SZ,52.1,46.1,21.0,7.5,16.5
284,300074.SZ,11.9,39.8,71.0,76.5,32.5
285,300092.SZ,94.3,96.5,80.8,52.0,87.7
286,300105.SZ,75.5,25.9,84.8,61.2,61.1
287,300107.SZ,98.8,10.4,93.5,6.2,33.9
288,300110.SZ,62.7,52.8,47.6,55.3,58.7
289,300114.SZ,67.1,56.7,8.4,78.3,78.2
290,300119.SZ,56.8,65.7,20.5,78.3,74.6
291,300120.SZ,88.7,28.8,72.8,50.0,63.8
292,300121.SZ,45.9,10.7,63.1,27.0,13.9
293,300127.SZ,49.0,37.5,42.7,85.3,63.7
294,300142.SZ,5.4,58.8,82.4,88.2,45.6
295,300146.SZ,14.9,4.8,47.4,27.0,4.1
296,300174.SZ,53.0,11.5,62.2,67.5,47.1
297,300179.SZ,83.7,84.5,68.2,88.5,95.2
298,300183.SZ,16.7,25.0,24.8,66.3,22.8
299,300187.SZ,12.0,48.3,60.2,63.9,26.2
300,300193.SZ,65.8,59.2,3.2,58.2,64.3
301,300194.SZ,22.8,91.0,63.5,95.9,71.5
302,300204.SZ,9.8,11.9,36.0,42.5,7.9
303,300211.SZ,57.8,14.0,36.8,68.6,51.3
304,300215.SZ,71.2,66.8,56.3,78.3,83.1
305,300223.SZ,93.6,74.3,66.5,99.7,99.0
306,300224.SZ,20.3,90.9,69.7,86.3,62.6
307,300231.SZ,28.8,58.1,10.2,71.9,49.9
308,300234.SZ,5.9,91.7,97.6,94.3,59.9
309,300253.SZ,29.7,72.2,56.4,95.6,69.6
310,300271.SZ,58.0,57.1,9.4,88.2,78.9
311,300285.SZ,82.7,61.3,49.8,68.6,82.8
312,300286.SZ,30.2,67.9,27.0,73.7,54.6
313,300289.SZ,10.0,12.9,41.1,28.5,4.4
314,300304.SZ,36.1,33.2,35.4,52.0,28.8
315,300310.SZ,4.0,66.0,84.1,77.4,39.0
316,300320.SZ,72.1,55.7,29.7,71.9,77.3
317,300322.SZ,56.4,24.1,68.3,87.5,66.0
318,300323.SZ,5.8,0.3,82.6,28.5,2.7
319,300327.SZ,58.6,61.4,33.9,88.5,80.6
320,300342.SZ,31.1,79.4,29.3,96.9,74.4
321,300345.SZ,3.3,85.2,86.2,85.9,50.5
322,300357.SZ,70.1,82.8,6.1,66.3,80.6
323,300358.SZ,18.9,40.1,39.8,52.0,19.9
324,300363.SZ,27.5,87.0,38.7,99.5,76.5
325,300375.SZ,14.7,7.9,29.2,9.7,1.7
326,300395.SZ,57.5,55.0,14.5,83.4,74.8
327,300398.SZ,60.0,28.6,75.2,77.4,62.3
328,300401.SZ,85.5,50.2,73.9,79.6,86.2
329,300403.SZ,23.5,45.4,22.0,46.1,20.3
330,300406.SZ,39.0,65.3,14.7,82.7,64.7
331,300408.SZ,24.2,15.5,20.6,62.5,22.0
332,300414.SZ,16.9,37.1,32.5,3.8,3.1
333,300436.SZ,9.3,5.5,56.7,83.4,22.6
334,300443.SZ,41.4,74.8,53.0,36.3,39.9
335,300451.SZ,84.5,64.7,88.2,66.3,83.4
336,300453.SZ,59.2,77.6,24.3,62.5,68.9
337,300458.SZ,95.4,70.0,97.2,86.7,96.3
338,300468.SZ,46.2,66.1,20.7,95.4,78.7
339,300479.SZ,44.5,98.8,53.1,58.2,62.7
340,300480.SZ,57.7,67.6,26.0,94.1,85.0
341,300481.SZ,66.4,63.3,13.0,65.1,70.8
342,300482.SZ,72.6,78.6,12.3,99.1,94.0
343,300483.SZ,97.1,99.6,84.5,67.5,95.0
344,300488.SZ,65.6,78.3,31.1,13.5,42.6
345,300496.SZ,74.7,70.3,48.4,95.4,92.5
346,300505.SZ,33.1,39.4,13.8,46.1,25.2
347,300520.SZ,84.6,85.5,85.5,69.9,89.1
348,300522.SZ,32.2,54.6,17.8,56.7,40.6
349,300529.SZ,74.4,87.8,15.2,96.4,95.3
350,300532.SZ,73.9,94.6,53.4,23.7,59.3
351,300554.SZ,17.2,8.0,66.8,32.2,6.4
352,300563.SZ,38.5,63.6,9.0,69.9,56.0
353,300570.SZ,48.8,13.3,33.2,61.2,41.0
354,300575.SZ,59.6,12.4,45.2,3.0,10.5
355,300579.SZ,40.2,62.2,67.8,34.3,29.6
356,300580.SZ,32.1,45.1,6.9,69.9,46.1
357,300617.SZ,18.3,38.2,10.1,83.9,44.3
358,300618.SZ,92.8,4.7,85.2,13.5,32.8
359,300620.SZ,25.7,39.0,39.4,40.5,18.0
360,300621.SZ,22.3,17.4,50.9,76.5,31.8
361,300632.SZ,76.1,48.8,40.2,75.7,79.6
362,300636.SZ,40.4,94.2,47.9,98.1,85.0
363,300637.SZ,56.6,17.3,51.3,0.7,10.1
364,300647.SZ,11.3,99.9,34.7,44.4,29.8
365,300650.SZ,26.1,35.7,32.0,66.3,34.1
366,300658.SZ,28.4,76.5,54.9,96.6,71.1
367,300659.SZ,81.1,95.4,79.1,99.5,98.6
368,300661.SZ,50.1,89.3,27.1,99.8,87.7
369,300680.SZ,95.9,99.2,78.0,90.6,99.6
370,300681.SZ,7.5,1.9,62.9,55.3,9.4
371,300682.SZ,91.0,94.1,100.0,90.6,98.7
372,300686.SZ,99.4,100.0,93.1,85.9,99.4
373,300699.SZ,64.9,75.2,30.4,61.2,71.2
374,300701.SZ,45.0,68.5,21.3,42.5,44.5
375,300706.SZ,11.6,12.0,35.7,85.9,28.2
376,300708.SZ,13.1,80.8,72.9,76.5,50.1
377,300721.SZ,9.0,5.7,33.3,52.0,9.5
378,300725.SZ,76.8,74.4,28.1,44.4,67.5
379,300726.SZ,47.2,71.4,36.2,87.5,76.3
380,300727.SZ,32.4,23.4,41.8,18.0,8.7
381,300738.SZ,56.7,81.9,50.6,88.5,85.2
382,300741.SZ,21.4,58.5,3.7,34.3,17.9
383,600008.SH,46.1,51.3,10.8,38.5,34.1
384,600009.SH,60.3,61.1,4.0,78.3,75.7
385,600011.SH,9.1,11.3,61.4,19.5,2.6
386,600012.SH,38.2,41.8,4.4,38.5,24.4
387,600016.SH,36.4,26.7,0.4,63.9,37.7
388,600017.SH,82.2,23.5,37.8,20.9,39.6
389,600021.SH,67.5,33.1,58.0,50.0,51.8
390,600022.SH,89.2,7.7,96.3,23.7,41.4
391,600026.SH,86.0,96.3,79.0,83.9,96.5
392,600027.SH,88.1,73.7,98.2,42.5,74.2
393,600028.SH,42.7,16.5,49.0,42.5,20.9
394,600029.SH,15.8,17.6,32.4,16.7,3.5
395,600030.SH,40.9,33.6,30.6,69.9,48.1
396,600033.SH,40.1,65.4,7.7,48.0,44.0
397,600036.SH,49.8,27.7,0.6,71.9,52.8
398,600038.SH,46.3,35.4,13.1,62.5,47.2
399,600050.SH,97.9,29.5,73.4,42.5,65.5
400,600051.SH,84.8,97.8,75.5,66.3,90.6
401,600058.SH,0.6,62.8,94.6,56.7,19.1
402,600061.SH,36.2,16.7,55.3,63.9,32.6
403,600062.SH,50.5,54.9,3.6,66.3,58.4
404,600066.SH,13.7,14.9,16.5,72.8,21.5
405,600067.SH,61.1,10.8,89.8,32.2,25.1
406,600068.SH,52.0,22.0,8.0,59.7,45.4
407,600085.SH,31.4,31.0,3.0,53.8,27.2
408,600106.SH,21.3,66.5,15.1,28.5,16.9
409,600109.SH,30.3,37.2,25.0,63.9,37.0
410,600115.SH,23.8,36.0,28.4,18.0,8.4
411,600116.SH,28.5,12.2,23.9,55.3,19.6
412,600120.SH,20.1,61.7,27.8,4.4,6.8
413,600125.SH,65.3,22.5,31.3,8.2,17.7
414,600127.SH,6.9,54.4,89.9,99.6,51.6
415,600130.SH,6.1,1.8,79.8,55.3,8.9
416,600161.SH,90.3,47.2,99.4,93.2,93.2
417,600171.SH,92.0,60.4,74.8,83.4,92.6
418,600176.SH,49.9,32.1,24.9,36.3,27.7
419,600183.SH,64.0,71.6,32.2,98.2,89.5
420,600196.SH,33.3,53.8,9.7,83.9,58.3
421,600200.SH,10.4,88.1,87.8,67.5,44.7
422,600201.SH,15.5,8.9,38.2,85.6,29.5
423,600202.SH,89.9,72.3,89.1,34.3,68.7
424,600211.SH,47.9,88.0,50.1,66.3,67.3
425,600222.SH,0.8,84.4,93.9,71.9,39.7
426,600228.SH,13.8,2.9,82.0,83.4,24.9
427,600234.SH,17.4,97.9,92.0,84.4,61.4
428,600252.SH,53.5,76.6,22.7,73.7,72.2
429,600259.SH,2.5,86.0,92.7,50.0,22.8
430,600268.SH,55.5,75.4,70.0,42.5,52.9
431,600272.SH,45.4,10.9,38.3,36.3,18.4
432,600276.SH,65.4,82.3,1.8,92.8,90.2
433,600282.SH,97.5,15.2,97.0,44.4,60.9
434,600284.SH,37.1,52.1,5.9,56.7,43.3
435,600298.SH,60.4,46.5,37.2,89.6,77.9
436,600299.SH,16.5,30.3,23.4,63.9,23.0
437,600301.SH,6.8,83.7,94.3,61.2,33.5
438,600309.SH,78.7,39.3,67.5,71.0,75.9
439,600313.SH,4.6,26.4,81.5,94.7,36.7
440,600315.SH,76.3,41.1,47.0,44.4,56.9
441,600316.SH,95.2,83.1,98.8,48.0,84.5
442,600317.SH,70.3,22.4,28.2,25.4,30.9
443,600320.SH,70.5,87.3,27.9,46.1,68.5
444,600331.SH,2.6,92.9,91.0,13.5,9.1
445,600332.SH,64.7,51.0,48.7,48.0,54.9
446,600354.SH,3.7,22.8,89.3,38.5,6.5
447,600356.SH,30.7,44.0,30.3,19.5,11.3
448,600362.SH,79.7,62.1,46.7,52.0,70.5
449,600368.SH,80.6,57.4,64.6,68.6,80.9
450,600370.SH,38.9,18.8,45.1,58.2,30.6
451,600372.SH,40.7,47.3,56.0,48.0,36.5
452,600396.SH,0.1,52.6,96.5,69.9,23.4
453,600416.SH,1.0,7.6,92.9,89.1,21.3
454,600418.SH,7.9,26.6,61.5,71.9,20.6
455,600420.SH,51.3,66.3,28.6,67.5,62.4
456,600422.SH,40.5,63.1,21.6,56.7,48.6
457,600425.SH,96.8,90.5,99.2,36.3,81.1
458,600426.SH,81.5,24.3,59.3,80.3,78.4
459,600433.SH,74.1,59.8,57.3,22.2,47.0
460,600444.SH,98.9,20.6,84.0,52.0,69.5
461,600449.SH,96.5,69.6,71.5,92.1,98.2
462,600456.SH,96.3,73.4,76.2,72.8,92.8
463,600458.SH,4.8,10.5,77.5,42.5,6.2
464,600469.SH,96.1,97.4,98.9,78.3,98.0
465,600477.SH,41.6,14.1,60.6,50.0,24.9
466,600488.SH,54.2,33.3,20.3,66.3,54.3
467,600495.SH,86.6,92.7,73.7,56.7,85.8
468,600497.SH,76.2,13.6,95.4,28.5,35.9
469,600507.SH,87.8,15.6,74.1,9.7,29.2
470,600508.SH,45.6,36.8,95.7,36.3,26.8
471,600511.SH,50.2,44.4,2.2,83.9,66.1
472,600523.SH,23.7,21.2,41.4,85.3,43.0
473,600528.SH,35.7,26.1,6.6,44.4,20.7
474,600548.SH,77.9,71.8,43.2,52.0,72.8
475,600563.SH,37.6,44.7,4.1,73.7,51.5
476,600566.SH,58.5,62.9,17.4,18.0,32.2
477,600577.SH,68.3,39.6,32.9,40.5,48.2
478,600583.SH,8.3,13.0,63.8,50.0,9.9
479,600585.SH,83.3,40.5,40.9,93.0,88.9
480,600588.SH,87.3,71.0,64.3,89.6,94.3
481,600598.SH,38.3,58.2,49.1,95.8,70.9
482,600600.SH,59.8,50.5,15.8,80.9,73.3
483,600603.SH,36.7,83.0,31.7,80.3,67.7
484,600605.SH,21.7,10.1,58.2,61.2,18.9
485,600611.SH,61.7,25.2,50.8,36.3,34.5
486,600619.SH,59.9,30.2,61.0,58.2,51.1
487,600620.SH,33.6,57.7,44.3,34.3,24.0
488,600621.SH,82.8,92.8,64.5,86.9,96.0
489,600635.SH,23.2,25.4,63.6,10.7,4.6
490,600643.SH,63.3,48.1,7.5,27.0,38.8
491,600644.SH,39.3,76.8,58.9,36.3,38.4
492,600650.SH,34.7,30.7,11.9,32.2,16.0
493,600655.SH,51.9,56.2,67.9,42.5,45.0
494,600657.SH,53.3,48.0,47.3,30.2,31.8
495,600663.SH,48.3,55.6,26.4,18.0,21.7
496,600673.SH,94.2,67.4,75.4,40.5,74.8
497,600685.SH,0.3,49.2,97.4,55.3,14.6
498,600688.SH,13.4,9.0,48.1,40.5,8.2
499,600695.SH,22.0,65.1,87.3,82.1,53.6
500,600713.SH,58.4,35.1,14.0,56.7,50.9
501,600717.SH,14.8,28.2,12.0,13.5,3.7
502,600720.SH,91.6,73.9,82.8,94.1,97.7
503,600722.SH,52.4,5.0,80.4,11.5,10.2
504,600724.SH,5.0,9.1,81.7,65.1,11.9
505,600727.SH,87.6,88.9,71.2,83.4,95.7
506,600731.SH,90.6,68.2,74.6,82.7,93.4
507,600732.SH,85.1,86.6,91.4,87.5,95.9
508,600739.SH,59.5,51.2,62.8,90.2,79.0
509,600748.SH,49.4,41.2,26.3,11.5,15.3
510,600750.SH,39.8,75.5,3.3,16.7,21.8
511,600753.SH,97.2,88.5,96.0,36.3,80.4
512,600754.SH,49.5,71.2,6.5,63.9,60.7
513,600761.SH,54.4,44.8,14.9,48.0,46.2
514,600768.SH,96.4,41.5,96.4,62.5,81.4
515,600775.SH,19.9,7.1,51.9,28.5,5.7
516,600777.SH,91.8,75.0,80.5,28.5,67.0
517,600780.SH,82.6,31.4,86.0,46.1,58.7
518,600785.SH,75.8,20.7,52.3,52.0,54.8
519,600792.SH,89.8,45.5,93.6,48.0,69.1
520,600794.SH,5.3,96.1,87.7,62.5,40.3
521,600798.SH,53.9,26.3,91.3,23.7,19.7
522,600803.SH,66.3,16.2,71.4,32.2,30.8
523,600805.SH,8.4,1.4,86.3,23.7,2.4
524,600808.SH,84.9,8.6,70.4,18.0,31.2
525,600814.SH,47.6,36.7,26.8,59.7,46.7
526,600817.SH,83.4,7.5,90.3,84.4,77.2
527,600823.SH,36.9,30.0,1.2,48.0,25.9
528,600828.SH,70.0,36.4,22.3,28.5,41.2
529,600835.SH,19.6,18.5,4.8,44.4,11.6
530,600837.SH,54.5,69.0,51.6,73.7,70.4
531,600854.SH,78.0,12.7,69.6,50.0,52.1
532,600857.SH,3.0,41.9,84.9,63.9,18.7
533,600860.SH,6.2,6.8,72.2,1.4,0.4
534,600862.SH,92.4,13.8,87.6,90.6,86.0
535,600866.SH,6.5,93.8,83.0,80.9,51.9
536,600868.SH,78.8,90.2,69.3,40.5,71.8
537,600871.SH,97.0,98.3,99.9,53.8,90.5
538,600872.SH,64.6,57.5,18.1,87.9,82.3
539,600874.SH,37.5,36.9,14.8,28.5,17.4
540,600875.SH,80.8,49.4,95.6,50.0,65.8
541,600879.SH,23.4,23.7,19.1,66.3,27.4
542,600888.SH,87.0,18.3,63.9,42.5,55.3
543,600896.SH,8.6,2.6,89.6,67.5,13.3
544,600908.SH,44.7,33.5,2.6,44.4,30.0
545,600909.SH,64.2,86.9,59.9,82.7,86.5
546,600929.SH,25.4,34.7,9.1,19.5,8.8
547,600958.SH,60.6,78.0,59.2,52.0,62.1
548,600962.SH,97.6,2.5,93.4,55.3,64.5
549,600963.SH,98.2,20.9,85.1,68.6,80.3
550,600970.SH,79.0,34.2,28.8,44.4,56.3
551,600973.SH,26.4,42.7,37.3,66.3,38.6
552,600982.SH,44.0,79.3,53.3,23.7,31.5
553,600985.SH,50.9,90.3,15.6,34.3,50.2
554,600999.SH,48.0,76.1,52.4,79.6,72.5
555,601008.SH,59.1,61.0,51.0,7.5,24.1
556,601015.SH,12.6,4.3,64.7,3.0,0.9
557,601016.SH,80.4,59.1,48.5,25.4,52.6
558,601066.SH,35.8,69.3,40.0,89.6,68.4
559,601068.SH,8.0,4.0,52.6,9.7,1.1
560,601069.SH,83.1,98.5,68.9,69.9,91.6
561,601088.SH,69.3,27.9,52.7,52.0,52.3
562,601107.SH,31.7,54.2,17.6,40.5,25.6
563,601111.SH,23.1,19.1,25.9,19.5,6.0
564,601126.SH,18.0,31.3,57.8,66.3,26.1
565,601138.SH,27.4,25.6,0.8,71.0,35.5
566,601155.SH,84.0,85.1,74.0,34.3,69.2
567,601158.SH,65.7,47.6,44.0,55.3,59.1
568,601168.SH,8.2,81.5,85.6,62.5,35.7
569,601186.SH,46.9,32.4,1.5,56.7,43.1
570,601211.SH,21.9,63.9,25.3,56.7,34.3
571,601228.SH,37.8,56.4,14.2,15.6,15.6
572,601238.SH,39.6,7.2,45.5,59.7,27.9
573,601288.SH,28.6,22.7,1.0,65.1,29.1
574,601318.SH,71.6,49.0,23.1,66.3,70.1
575,601326.SH,79.5,42.3,71.8,12.4,37.5
576,601328.SH,34.6,20.3,0.7,53.8,24.5
577,601330.SH,42.6,75.8,20.1,27.0,31.8
578,601333.SH,18.5,15.8,23.8,20.9,5.0
579,601336.SH,77.0,67.8,40.1,44.4,65.7
580,601390.SH,62.2,34.6,18.4,40.5,43.5
581,601398.SH,33.7,22.3,0.3,66.3,35.3
582,601518.SH,29.0,27.8,34.0,36.3,14.3
583,601577.SH,49.2,35.8,5.8,32.2,25.6
584,601600.SH,89.3,51.9,97.9,27.0,57.9
585,601601.SH,70.8,39.7,37.9,53.8,58.9
586,601607.SH,39.7,42.6,2.8,66.3,47.7
587,601608.SH,88.4,36.5,92.8,22.2,48.8
588,601618.SH,31.5,19.6,2.4,36.3,13.5
589,601619.SH,65.0,56.0,39.1,8.9,27.5
590,601628.SH,93.5,94.3,67.1,72.8,94.8
591,601688.SH,60.9,84.0,34.2,50.0,63.4
592,601717.SH,95.6,43.3,62.1,59.7,80.0
593,601766.SH,28.1,18.9,21.9,27.0,9.8
594,601788.SH,91.1,53.0,68.5,58.2,79.4
595,601800.SH,40.0,23.9,7.6,19.5,11.2
596,601808.SH,99.9,95.7,95.9,89.1,99.7
597,601811.SH,57.1,52.0,16.6,36.3,42.8
598,601818.SH,31.8,28.5,3.9,61.2,31.3
599,601857.SH,90.7,18.7,92.5,14.6,39.2
600,601860.SH,29.5,18.1,4.6,6.2,4.3
601,601866.SH,89.6,64.9,97.8,19.5,57.2
602,601878.SH,21.0,51.6,30.8,65.1,36.3
603,601880.SH,53.8,59.9,58.1,20.9,28.7
604,601881.SH,45.5,73.3,50.5,58.2,56.2
605,601882.SH,44.3,20.2,26.7,30.2,17.6
606,601886.SH,41.9,19.9,18.0,25.4,13.0
607,601898.SH,77.5,69.4,72.3,42.5,65.0
608,601899.SH,68.2,43.0,87.1,79.0,75.5
609,601919.SH,93.9,97.5,95.0,38.5,82.1
610,601939.SH,35.5,22.1,0.1,66.3,37.2
611,601969.SH,1.2,80.5,94.2,63.9,29.4
612,601988.SH,34.9,21.0,1.4,66.3,36.0
613,601991.SH,60.2,73.2,60.3,14.6,35.6
614,601992.SH,48.7,27.2,61.7,36.3,24.7
615,601998.SH,34.3,21.9,2.5,52.0,24.3
616,603005.SH,72.8,91.8,55.7,99.9,96.7
617,603013.SH,25.0,50.8,25.4,59.7,33.6
618,603016.SH,26.0,37.3,28.5,82.7,47.8
619,603018.SH,73.0,63.5,13.6,22.2,47.5
620,603019.SH,73.4,37.6,46.2,46.1,55.0
621,603025.SH,43.7,32.8,42.2,22.2,16.2
622,603039.SH,33.9,80.6,13.3,42.5,41.2
623,603041.SH,33.5,84.8,46.5,77.4,64.1
624,603060.SH,46.7,50.9,25.6,38.5,34.7
625,603078.SH,12.3,38.7,18.9,82.1,37.9
626,603090.SH,20.7,30.6,25.2,74.8,35.0
627,603103.SH,20.5,38.9,15.5,10.7,5.5
628,603111.SH,3.9,85.3,83.8,89.6,53.3
629,603126.SH,26.6,16.0,42.0,14.6,5.2
630,603128.SH,48.5,40.0,18.3,32.2,27.2
631,603161.SH,17.7,15.1,13.4,27.0,6.1
632,603165.SH,72.9,20.1,60.0,53.8,53.9
633,603166.SH,51.5,49.9,49.5,61.2,54.5
634,603179.SH,52.6,18.4,55.9,89.6,62.0
635,603181.SH,68.5,49.8,24.6,19.5,37.3
636,603186.SH,29.9,60.9,45.9,92.8,64.0
637,603214.SH,53.7,52.7,6.8,76.5,66.2
638,603225.SH,59.3,21.3,62.4,30.2,26.5
639,603228.SH,45.8,50.1,17.2,23.7,22.1
640,603229.SH,21.2,69.7,66.3,96.3,62.8
641,603259.SH,58.9,64.6,51.2,76.5,74.4
642,603278.SH,22.4,14.2,33.7,5.6,2.8
643,603288.SH,62.9,69.2,1.1,94.5,87.0
644,603303.SH,24.9,42.2,27.7,12.4,8.2
645,603318.SH,0.4,0.1,96.7,2.4,0.1
646,603331.SH,28.9,33.9,22.8,76.5,44.8
647,603335.SH,10.5,24.9,34.9,18.0,3.4
648,603336.SH,30.0,39.1,12.4,56.7,30.2
649,603337.SH,38.6,11.6,30.7,2.4,4.8
650,603348.SH,12.2,12.3,29.5,32.2,5.4
651,603360.SH,75.2,93.6,44.7,62.5,84.3
652,603385.SH,42.0,58.0,43.3,65.1,53.2
653,603387.SH,62.4,83.5,10.7,59.7,71.3
654,603393.SH,57.3,75.1,19.9,73.7,75.1
655,603477.SH,15.9,13.1,23.0,90.6,37.5
656,603496.SH,14.5,27.4,21.4,19.5,5.1
657,603500.SH,25.2,25.3,40.7,72.8,34.7
658,603507.SH,10.2,74.0,52.1,67.5,39.4
659,603516.SH,36.0,76.3,54.1,91.8,73.3
660,603520.SH,69.7,81.1,36.4,98.5,93.6
661,603535.SH,25.6,37.9,10.4,36.3,14.9
662,603558.SH,71.4,46.7,32.8,46.1,56.6
663,603577.SH,28.2,86.4,41.6,73.7,59.4
664,603578.SH,27.0,46.2,6.4,62.5,36.9
665,603579.SH,35.0,46.3,17.0,18.0,12.3
666,603580.SH,24.3,31.7,15.9,16.7,7.2
667,603595.SH,9.5,1.5,72.6,25.4,3.0
668,603596.SH,51.6,79.9,31.4,77.4,75.6
669,603605.SH,63.9,79.1,18.7,97.5,90.9
670,603606.SH,91.3,91.4,56.2,83.4,97.2
671,603609.SH,75.9,82.7,42.3,85.9,92.1
672,603615.SH,17.3,29.0,10.0,50.0,15.9
673,603617.SH,27.9,48.5,19.5,48.0,26.5
674,603636.SH,79.1,76.2,83.3,58.2,79.2
675,603659.SH,52.8,61.5,54.4,87.2,76.7
676,603663.SH,61.8,53.1,35.1,18.0,30.4
677,603668.SH,14.4,27.1,9.8,68.6,23.8
678,603677.SH,17.8,29.9,9.3,22.2,6.7
679,603678.SH,63.2,64.5,16.2,85.9,82.6
680,603712.SH,63.8,88.8,53.8,93.0,91.1
681,603713.SH,73.6,50.6,38.9,93.5,87.4
682,603727.SH,87.7,93.2,74.4,80.9,95.6
683,603733.SH,64.5,60.0,36.7,28.5,45.6
684,603799.SH,99.6,6.4,98.6,52.0,65.2
685,603806.SH,42.5,78.4,43.6,86.9,75.3
686,603813.SH,43.8,41.6,24.5,52.0,40.8
687,603822.SH,44.4,59.5,39.3,55.3,49.5
688,603826.SH,32.9,40.2,18.8,90.2,58.1
689,603839.SH,27.1,72.8,5.5,78.3,57.6
690,603856.SH,43.6,64.2,31.8,67.5,58.1
691,603860.SH,20.9,59.6,28.9,66.3,41.6
692,603878.SH,69.2,62.5,65.0,50.0,61.3
693,603881.SH,32.6,9.5,10.9,87.5,46.4
694,603887.SH,86.7,96.7,57.0,94.5,98.9
695,603896.SH,36.5,70.4,8.3,14.6,18.3
696,603919.SH,32.5,53.9,7.3,69.9,49.4
697,603929.SH,16.3,26.8,46.6,27.0,7.1
698,603933.SH,13.0,6.6,59.5,14.6,1.8
699,603938.SH,37.2,28.9,35.3,69.9,44.4
700,603986.SH,75.7,87.1,39.6,99.4,96.9
701,603987.SH,48.4,71.5,12.7,92.3,79.7
702,603989.SH,43.3,45.0,16.0,86.9,63.3
703,603993.SH,75.1,94.7,65.4,40.5,70.6
704,603997.SH,71.5,86.7,30.0,77.4,87.1
