,ts_code,EPS,SMR,EPS_Stability
0,000001.SZ,37.3,31.5,4.7
1,000002.SZ,61.5,56.3,11.5
2,000011.SZ,67.4,77.2,99.7
3,000014.SZ,99.3,91.1,92.1
4,000025.SZ,90.9,23.1,58.4
5,000026.SZ,64.3,54.1,18.5
6,000029.SZ,77.6,60.7,88.0
7,000031.SZ,68.7,54.5,74.3
8,000034.SZ,63.6,24.2,86.9
9,000037.SZ,14.0,92.3,90.2
10,000039.SZ,94.1,9.8,78.1
11,000045.SZ,86.9,54.8,83.1
12,000050.SZ,27.2,96.8,50.3
13,000059.SZ,16.0,17.7,66.7
14,000060.SZ,80.1,45.2,85.9
15,000062.SZ,54.9,35.5,35.5
16,000063.SZ,86.3,82.4,81.2
17,000089.SZ,31.3,28.4,11.2
18,000096.SZ,15.6,21.6,58.5
19,000099.SZ,74.0,62.4,44.1
20,000100.SZ,58.2,4.1,34.3
21,000151.SZ,10.8,3.0,45.4
22,000157.SZ,93.2,89.1,88.1
23,000166.SZ,26.3,51.7,33.1
24,000338.SZ,85.9,41.4,54.8
25,000401.SZ,90.5,82.0,69.8
26,000407.SZ,86.4,27.0,83.5
27,000409.SZ,1.5,3.7,98.1
28,000416.SZ,65.1,32.6,73.0
29,000417.SZ,17.0,10.0,14.1
30,000423.SZ,10.7,3.3,43.7
31,000428.SZ,7.1,44.5,88.7
32,000429.SZ,42.2,36.2,22.5
33,000488.SZ,21.6,23.8,55.6
34,000502.SZ,7.3,53.5,72.5
35,000513.SZ,92.5,64.0,75.9
36,000514.SZ,98.3,98.9,91.1
37,000521.SZ,20.6,0.8,76.3
38,000532.SZ,58.1,31.1,22.4
39,000534.SZ,14.1,77.3,57.5
40,000538.SZ,47.0,29.3,4.3
41,000544.SZ,50.6,87.4,77.2
42,000548.SZ,66.7,47.7,61.1
43,000550.SZ,12.4,19.5,36.9
44,000551.SZ,70.7,49.7,26.1
45,000552.SZ,78.1,32.5,60.4
46,000555.SZ,97.4,94.5,78.8
47,000557.SZ,94.7,27.5,70.8
48,000565.SZ,15.2,87.7,40.4
49,000572.SZ,5.7,55.2,86.6
50,000576.SZ,7.7,88.4,89.5
51,000598.SZ,41.1,60.3,5.0
52,000600.SZ,74.6,47.0,57.1
53,000603.SZ,66.0,83.3,65.1
54,000612.SZ,8.9,72.1,80.9
55,000613.SZ,78.6,3.5,79.9
56,000617.SZ,34.0,34.3,8.6
57,000619.SZ,15.1,44.1,67.6
58,000628.SZ,85.2,97.1,79.7
59,000629.SZ,90.0,7.3,71.9
60,000631.SZ,67.8,6.5,67.4
61,000635.SZ,29.6,67.5,79.3
62,000655.SZ,88.5,77.5,97.1
63,000656.SZ,82.4,81.6,64.0
64,000661.SZ,79.4,90.7,32.1
65,000666.SZ,53.1,8.3,66.4
66,000670.SZ,1.7,3.9,90.6
67,000680.SZ,50.8,4.6,62.0
68,000702.SZ,98.6,98.1,88.4
69,000708.SZ,71.1,57.8,11.6
70,000712.SZ,11.5,66.9,70.1
71,000715.SZ,62.0,42.5,39.0
72,000717.SZ,99.7,12.6,93.8
73,000722.SZ,38.7,14.4,45.0
74,000728.SZ,19.2,29.2,54.2
75,000735.SZ,77.7,95.0,85.8
76,000736.SZ,93.8,84.6,99.3
77,000739.SZ,66.9,65.6,23.5
78,000750.SZ,92.3,97.2,77.3
79,000756.SZ,70.4,35.0,49.4
80,000765.SZ,23.0,20.5,70.7
81,000768.SZ,48.1,16.6,44.4
82,000776.SZ,47.7,73.6,44.5
83,000779.SZ,95.3,99.0,73.2
84,000786.SZ,24.5,32.9,61.3
85,000789.SZ,88.9,61.8,95.2
86,000791.SZ,92.9,30.8,95.3
87,000795.SZ,87.4,63.8,66.9
88,000800.SZ,55.2,3.6,91.7
89,000807.SZ,86.2,77.9,76.9
90,000810.SZ,88.8,79.0,69.4
91,000818.SZ,83.5,18.0,73.3
92,000819.SZ,95.0,21.7,82.7
93,000822.SZ,95.7,5.8,99.0
94,000823.SZ,56.0,28.1,87.4
95,000828.SZ,44.1,66.4,5.4
96,000848.SZ,29.3,60.2,12.6
97,000856.SZ,36.8,2.8,70.5
98,000859.SZ,92.1,84.1,71.1
99,000862.SZ,2.1,38.3,90.0
100,000868.SZ,4.3,53.7,80.2
101,000875.SZ,1.4,59.3,99.6
102,000876.SZ,81.9,89.6,55.0
103,000877.SZ,94.6,55.9,98.5
104,000880.SZ,84.4,79.5,69.0
105,000895.SZ,41.2,68.6,10.5
106,000897.SZ,9.7,99.3,71.6
107,000898.SZ,83.8,6.9,75.0
108,000905.SZ,74.3,80.4,65.6
109,000909.SZ,45.1,3.2,21.7
110,000915.SZ,47.3,85.9,45.8
111,000919.SZ,35.1,9.7,64.2
112,000920.SZ,27.7,9.3,46.9
113,000932.SZ,94.9,14.7,75.1
114,000951.SZ,79.3,57.3,66.0
115,000965.SZ,56.2,99.4,59.6
116,000973.SZ,13.3,5.1,48.8
117,000975.SZ,76.9,53.4,78.6
118,000978.SZ,98.1,17.8,80.6
119,000987.SZ,63.1,6.1,68.7
120,000993.SZ,1.9,68.9,94.9
121,000999.SZ,61.4,58.4,49.2
122,001696.SZ,51.2,33.7,19.4
123,001896.SZ,2.4,68.7,87.0
124,002007.SZ,56.3,55.5,19.6
125,002011.SZ,0.7,67.2,94.5
126,002012.SZ,90.2,63.2,78.7
127,002013.SZ,41.5,35.3,43.8
128,002014.SZ,46.5,43.2,6.2
129,002020.SZ,71.0,74.6,16.7
130,002023.SZ,66.8,91.3,54.6
131,002033.SZ,25.3,70.5,11.3
132,002039.SZ,77.3,24.6,76.1
133,002049.SZ,41.8,82.2,27.5
134,002053.SZ,15.4,58.9,41.2
135,002054.SZ,76.5,78.8,92.3
136,002056.SZ,51.0,34.0,23.2
137,002058.SZ,6.4,0.7,81.1
138,002066.SZ,40.8,93.1,46.3
139,002067.SZ,32.0,10.2,94.1
140,002075.SZ,87.1,8.7,93.2
141,002080.SZ,62.8,43.7,38.6
142,002084.SZ,80.9,79.7,60.7
143,002097.SZ,88.0,45.9,70.3
144,002099.SZ,78.3,47.4,62.5
145,002114.SZ,5.5,85.6,89.2
146,002119.SZ,69.0,38.5,48.0
147,002129.SZ,67.9,74.7,24.2
148,002134.SZ,7.6,80.2,77.6
149,002135.SZ,84.1,46.9,31.0
150,002136.SZ,83.0,19.4,91.8
151,002138.SZ,33.2,43.8,20.9
152,002139.SZ,68.9,51.5,29.0
153,002140.SZ,82.3,38.0,64.9
154,002152.SZ,24.8,48.7,30.2
155,002155.SZ,55.9,9.4,78.3
156,002156.SZ,9.4,2.2,59.8
157,002162.SZ,69.6,99.7,81.3
158,002163.SZ,91.7,85.8,81.6
159,002165.SZ,71.8,95.2,76.6
160,002167.SZ,1.1,1.7,91.6
161,002179.SZ,49.7,47.9,8.2
162,002181.SZ,18.8,77.7,77.7
163,002182.SZ,89.1,68.3,65.7
164,002190.SZ,79.8,56.8,96.8
165,002202.SZ,19.1,17.2,29.9
166,002211.SZ,3.6,4.4,84.6
167,002225.SZ,98.5,32.0,79.4
168,002231.SZ,2.2,89.9,88.8
169,002233.SZ,77.2,42.0,65.8
170,002236.SZ,58.8,60.6,11.8
171,002237.SZ,57.4,34.9,47.7
172,002242.SZ,38.0,62.0,1.9
173,002243.SZ,85.3,72.6,52.8
174,002245.SZ,23.9,6.2,49.7
175,002248.SZ,1.8,90.0,90.5
176,002254.SZ,80.5,43.6,38.5
177,002258.SZ,68.0,11.2,49.9
178,002262.SZ,67.2,62.7,2.1
179,002285.SZ,10.9,5.4,52.0
180,002299.SZ,94.5,92.4,75.8
181,002303.SZ,69.8,40.8,17.3
182,002312.SZ,67.6,97.0,94.7
183,002315.SZ,73.3,93.9,74.7
184,002318.SZ,81.7,68.0,45.6
185,002320.SZ,34.2,38.6,36.5
186,002324.SZ,46.6,84.9,48.3
187,002350.SZ,27.8,13.7,82.2
188,002352.SZ,43.2,52.3,56.6
189,002362.SZ,82.0,30.4,67.2
190,002367.SZ,99.0,96.4,88.5
191,002370.SZ,3.2,1.0,83.7
192,002379.SZ,100.0,1.1,98.3
193,002396.SZ,61.0,52.4,43.4
194,002398.SZ,71.9,75.7,36.1
195,002401.SZ,55.0,73.0,7.9
196,002410.SZ,17.6,40.7,34.6
197,002419.SZ,57.0,26.0,27.2
198,002428.SZ,3.5,0.4,84.4
199,002436.SZ,55.7,66.7,42.5
200,002438.SZ,78.4,81.2,51.7
201,002452.SZ,6.6,81.7,79.5
202,002458.SZ,96.0,97.6,96.1
203,002459.SZ,30.6,77.0,78.4
204,002461.SZ,75.0,89.5,33.5
205,002463.SZ,91.4,87.6,92.4
206,002465.SZ,39.1,67.1,31.5
207,002471.SZ,4.7,1.2,75.7
208,002484.SZ,50.3,34.4,8.7
209,002490.SZ,12.9,2.1,80.1
210,002492.SZ,43.4,40.4,35.8
211,002507.SZ,73.7,46.6,32.6
212,002518.SZ,43.0,55.3,23.7
213,002519.SZ,4.4,72.5,77.9
214,002521.SZ,63.5,86.3,54.5
215,002534.SZ,75.4,96.0,63.2
216,002538.SZ,30.8,8.2,25.7
217,002546.SZ,62.5,36.1,29.6
218,002553.SZ,19.4,16.9,44.8
219,002555.SZ,74.8,95.9,46.1
220,002561.SZ,24.1,21.4,3.5
221,002568.SZ,93.4,93.5,61.8
222,002572.SZ,54.8,45.6,12.9
223,002593.SZ,32.8,25.7,40.5
224,002595.SZ,39.4,53.3,15.4
225,002597.SZ,60.7,40.9,51.5
226,002601.SZ,84.2,64.3,82.3
227,002607.SZ,81.2,88.2,66.1
228,002642.SZ,5.1,79.8,84.2
229,002658.SZ,19.8,14.8,37.5
230,002673.SZ,47.4,92.1,60.9
231,002695.SZ,72.3,43.4,16.3
232,002697.SZ,81.3,69.8,40.8
233,002706.SZ,55.3,76.9,5.1
234,002714.SZ,99.2,98.6,90.7
235,002715.SZ,12.7,5.3,72.1
236,002723.SZ,2.9,92.5,88.9
237,002727.SZ,52.7,49.5,7.1
238,002728.SZ,62.1,48.4,19.2
239,002736.SZ,35.4,49.1,57.7
240,002746.SZ,92.7,91.6,81.9
241,002756.SZ,49.1,11.8,20.2
242,002759.SZ,76.6,17.0,86.7
243,002771.SZ,14.2,14.5,27.4
244,002774.SZ,10.1,5.9,59.1
245,002782.SZ,19.5,15.4,47.2
246,002795.SZ,25.9,16.3,38.0
247,002797.SZ,85.8,94.9,69.2
248,002798.SZ,93.1,70.7,90.9
249,002800.SZ,80.2,93.4,97.5
250,002801.SZ,55.6,84.2,41.9
251,002807.SZ,42.3,19.2,11.1
252,002812.SZ,54.6,89.2,50.2
253,002818.SZ,45.2,71.1,2.9
254,002845.SZ,13.6,15.9,57.4
255,002847.SZ,51.7,90.6,39.7
256,002853.SZ,61.3,75.9,56.8
257,002859.SZ,35.3,11.1,42.9
258,002860.SZ,52.3,82.6,22.1
259,002861.SZ,16.6,44.3,33.6
260,002863.SZ,18.1,13.4,24.1
261,002865.SZ,11.1,29.7,65.3
262,002876.SZ,31.0,95.6,55.2
263,002879.SZ,29.2,58.6,7.2
264,002880.SZ,22.5,57.0,16.9
265,002885.SZ,16.2,24.8,37.6
266,002895.SZ,69.4,89.8,53.9
267,002902.SZ,11.8,32.2,41.5
268,002903.SZ,8.7,2.4,62.7
269,002909.SZ,89.5,98.2,76.5
270,002913.SZ,30.4,37.8,12.2
271,002916.SZ,79.9,80.1,42.6
272,002921.SZ,20.2,45.8,8.9
273,002922.SZ,22.7,70.1,43.0
274,002925.SZ,73.2,78.1,55.5
275,002926.SZ,26.7,86.2,37.1
276,002930.SZ,26.8,74.1,9.5
277,002936.SZ,18.4,31.8,14.4
278,002967.SZ,66.1,65.0,21.2
279,003816.SZ,42.9,50.3,35.0
280,300003.SZ,72.5,71.9,17.7
281,300005.SZ,11.2,70.8,68.6
282,300007.SZ,7.2,0.6,58.8
283,300011.SZ,4.1,80.9,83.4
284,300016.SZ,97.8,81.3,73.6
285,300019.SZ,66.5,83.8,86.4
286,300030.SZ,2.8,78.7,85.3
287,300033.SZ,24.6,83.4,34.4
288,300052.SZ,88.2,23.0,63.3
289,300057.SZ,53.4,29.6,26.6
290,300067.SZ,52.1,46.1,21.0
291,300074.SZ,11.9,39.8,71.0
292,300092.SZ,94.3,96.5,80.8
293,300105.SZ,75.5,25.9,84.8
294,300107.SZ,98.8,10.4,93.5
295,300110.SZ,62.7,52.8,47.6
296,300114.SZ,67.1,56.7,8.4
297,300119.SZ,56.8,65.7,20.5
298,300120.SZ,88.7,28.8,72.8
299,300121.SZ,45.9,10.7,63.1
300,300127.SZ,49.0,37.5,42.7
301,300142.SZ,5.4,58.8,82.4
302,300146.SZ,14.9,4.8,47.4
303,300174.SZ,53.0,11.5,62.2
304,300179.SZ,83.7,84.5,68.2
305,300183.SZ,16.7,25.0,24.8
306,300187.SZ,12.0,48.3,60.2
307,300188.SZ,54.1,72.9,68.0
308,300193.SZ,65.8,59.2,3.2
309,300194.SZ,22.8,91.0,63.5
310,300204.SZ,9.8,11.9,36.0
311,300211.SZ,57.8,14.0,36.8
312,300215.SZ,71.2,66.8,56.3
313,300223.SZ,93.6,74.3,66.5
314,300224.SZ,20.3,90.9,69.7
315,300231.SZ,28.8,58.1,10.2
316,300234.SZ,5.9,91.7,97.6
317,300253.SZ,29.7,72.2,56.4
318,300271.SZ,58.0,57.1,9.4
319,300285.SZ,82.7,61.3,49.8
320,300286.SZ,30.2,67.9,27.0
321,300289.SZ,10.0,12.9,41.1
322,300304.SZ,36.1,33.2,35.4
323,300310.SZ,4.0,66.0,84.1
324,300320.SZ,72.1,55.7,29.7
325,300322.SZ,56.4,24.1,68.3
326,300323.SZ,5.8,0.3,82.6
327,300327.SZ,58.6,61.4,33.9
328,300342.SZ,31.1,79.4,29.3
329,300345.SZ,3.3,85.2,86.2
330,300357.SZ,70.1,82.8,6.1
331,300358.SZ,18.9,40.1,39.8
332,300363.SZ,27.5,87.0,38.7
333,300375.SZ,14.7,7.9,29.2
334,300395.SZ,57.5,55.0,14.5
335,300398.SZ,60.0,28.6,75.2
336,300401.SZ,85.5,50.2,73.9
337,300403.SZ,23.5,45.4,22.0
338,300406.SZ,39.0,65.3,14.7
339,300408.SZ,24.2,15.5,20.6
340,300414.SZ,16.9,37.1,32.5
341,300436.SZ,9.3,5.5,56.7
342,300443.SZ,41.4,74.8,53.0
343,300451.SZ,84.5,64.7,88.2
344,300453.SZ,59.2,77.6,24.3
345,300458.SZ,95.4,70.0,97.2
346,300468.SZ,46.2,66.1,20.7
347,300479.SZ,44.5,98.8,53.1
348,300480.SZ,57.7,67.6,26.0
349,300481.SZ,66.4,63.3,13.0
350,300482.SZ,72.6,78.6,12.3
351,300483.SZ,97.1,99.6,84.5
352,300488.SZ,65.6,78.3,31.1
353,300496.SZ,74.7,70.3,48.4
354,300505.SZ,33.1,39.4,13.8
355,300520.SZ,84.6,85.5,85.5
356,300522.SZ,32.2,54.6,17.8
357,300529.SZ,74.4,87.8,15.2
358,300532.SZ,73.9,94.6,53.4
359,300554.SZ,17.2,8.0,66.8
360,300563.SZ,38.5,63.6,9.0
361,300570.SZ,48.8,13.3,33.2
362,300575.SZ,59.6,12.4,45.2
363,300579.SZ,40.2,62.2,67.8
364,300580.SZ,32.1,45.1,6.9
365,300617.SZ,18.3,38.2,10.1
366,300618.SZ,92.8,4.7,85.2
367,300620.SZ,25.7,39.0,39.4
368,300621.SZ,22.3,17.4,50.9
369,300632.SZ,76.1,48.8,40.2
370,300636.SZ,40.4,94.2,47.9
371,300637.SZ,56.6,17.3,51.3
372,300647.SZ,11.3,99.9,34.7
373,300650.SZ,26.1,35.7,32.0
374,300658.SZ,28.4,76.5,54.9
375,300659.SZ,81.1,95.4,79.1
376,300661.SZ,50.1,89.3,27.1
377,300680.SZ,95.9,99.2,78.0
378,300681.SZ,7.5,1.9,62.9
379,300682.SZ,91.0,94.1,100.0
380,300686.SZ,99.4,100.0,93.1
381,300699.SZ,64.9,75.2,30.4
382,300701.SZ,45.0,68.5,21.3
383,300706.SZ,11.6,12.0,35.7
384,300708.SZ,13.1,80.8,72.9
385,300721.SZ,9.0,5.7,33.3
386,300725.SZ,76.8,74.4,28.1
387,300726.SZ,47.2,71.4,36.2
388,300727.SZ,32.4,23.4,41.8
389,300738.SZ,56.7,81.9,50.6
390,300741.SZ,21.4,58.5,3.7
391,600008.SH,46.1,51.3,10.8
392,600009.SH,60.3,61.1,4.0
393,600011.SH,9.1,11.3,61.4
394,600012.SH,38.2,41.8,4.4
395,600016.SH,36.4,26.7,0.4
396,600017.SH,82.2,23.5,37.8
397,600021.SH,67.5,33.1,58.0
398,600022.SH,89.2,7.7,96.3
399,600026.SH,86.0,96.3,79.0
400,600027.SH,88.1,73.7,98.2
401,600028.SH,42.7,16.5,49.0
402,600029.SH,15.8,17.6,32.4
403,600030.SH,40.9,33.6,30.6
404,600033.SH,40.1,65.4,7.7
405,600036.SH,49.8,27.7,0.6
406,600038.SH,46.3,35.4,13.1
407,600050.SH,97.9,29.5,73.4
408,600051.SH,84.8,97.8,75.5
409,600058.SH,0.6,62.8,94.6
410,600061.SH,36.2,16.7,55.3
411,600062.SH,50.5,54.9,3.6
412,600066.SH,13.7,14.9,16.5
413,600067.SH,61.1,10.8,89.8
414,600068.SH,52.0,22.0,8.0
415,600085.SH,31.4,31.0,3.0
416,600106.SH,21.3,66.5,15.1
417,600109.SH,30.3,37.2,25.0
418,600115.SH,23.8,36.0,28.4
419,600116.SH,28.5,12.2,23.9
420,600120.SH,20.1,61.7,27.8
421,600125.SH,65.3,22.5,31.3
422,600127.SH,6.9,54.4,89.9
423,600130.SH,6.1,1.8,79.8
424,600161.SH,90.3,47.2,99.4
425,600171.SH,92.0,60.4,74.8
426,600176.SH,49.9,32.1,24.9
427,600183.SH,64.0,71.6,32.2
428,600196.SH,33.3,53.8,9.7
429,600200.SH,10.4,88.1,87.8
430,600201.SH,15.5,8.9,38.2
431,600202.SH,89.9,72.3,89.1
432,600211.SH,47.9,88.0,50.1
433,600222.SH,0.8,84.4,93.9
434,600228.SH,13.8,2.9,82.0
435,600234.SH,17.4,97.9,92.0
436,600252.SH,53.5,76.6,22.7
437,600259.SH,2.5,86.0,92.7
438,600268.SH,55.5,75.4,70.0
439,600272.SH,45.4,10.9,38.3
440,600276.SH,65.4,82.3,1.8
441,600282.SH,97.5,15.2,97.0
442,600284.SH,37.1,52.1,5.9
443,600298.SH,60.4,46.5,37.2
444,600299.SH,16.5,30.3,23.4
445,600301.SH,6.8,83.7,94.3
446,600309.SH,78.7,39.3,67.5
447,600313.SH,4.6,26.4,81.5
448,600315.SH,76.3,41.1,47.0
449,600316.SH,95.2,83.1,98.8
450,600317.SH,70.3,22.4,28.2
451,600320.SH,70.5,87.3,27.9
452,600331.SH,2.6,92.9,91.0
453,600332.SH,64.7,51.0,48.7
454,600354.SH,3.7,22.8,89.3
455,600356.SH,30.7,44.0,30.3
456,600362.SH,79.7,62.1,46.7
457,600368.SH,80.6,57.4,64.6
458,600370.SH,38.9,18.8,45.1
459,600372.SH,40.7,47.3,56.0
460,600396.SH,0.1,52.6,96.5
461,600416.SH,1.0,7.6,92.9
462,600418.SH,7.9,26.6,61.5
463,600420.SH,51.3,66.3,28.6
464,600422.SH,40.5,63.1,21.6
465,600425.SH,96.8,90.5,99.2
466,600426.SH,81.5,24.3,59.3
467,600433.SH,74.1,59.8,57.3
468,600444.SH,98.9,20.6,84.0
469,600449.SH,96.5,69.6,71.5
470,600456.SH,96.3,73.4,76.2
471,600458.SH,4.8,10.5,77.5
472,600469.SH,96.1,97.4,98.9
473,600477.SH,41.6,14.1,60.6
474,600488.SH,54.2,33.3,20.3
475,600495.SH,86.6,92.7,73.7
476,600497.SH,76.2,13.6,95.4
477,600507.SH,87.8,15.6,74.1
478,600508.SH,45.6,36.8,95.7
479,600511.SH,50.2,44.4,2.2
480,600523.SH,23.7,21.2,41.4
481,600528.SH,35.7,26.1,6.6
482,600548.SH,77.9,71.8,43.2
483,600563.SH,37.6,44.7,4.1
484,600566.SH,58.5,62.9,17.4
485,600577.SH,68.3,39.6,32.9
486,600583.SH,8.3,13.0,63.8
487,600585.SH,83.3,40.5,40.9
488,600588.SH,87.3,71.0,64.3
489,600598.SH,38.3,58.2,49.1
490,600600.SH,59.8,50.5,15.8
491,600603.SH,36.7,83.0,31.7
492,600605.SH,21.7,10.1,58.2
493,600611.SH,61.7,25.2,50.8
494,600619.SH,59.9,30.2,61.0
495,600620.SH,33.6,57.7,44.3
496,600621.SH,82.8,92.8,64.5
497,600635.SH,23.2,25.4,63.6
498,600643.SH,63.3,48.1,7.5
499,600644.SH,39.3,76.8,58.9
500,600650.SH,34.7,30.7,11.9
501,600655.SH,51.9,56.2,67.9
502,600657.SH,53.3,48.0,47.3
503,600663.SH,48.3,55.6,26.4
504,600673.SH,94.2,67.4,75.4
505,600685.SH,0.3,49.2,97.4
506,600688.SH,13.4,9.0,48.1
507,600695.SH,22.0,65.1,87.3
508,600713.SH,58.4,35.1,14.0
509,600717.SH,14.8,28.2,12.0
510,600720.SH,91.6,73.9,82.8
511,600722.SH,52.4,5.0,80.4
512,600724.SH,5.0,9.1,81.7
513,600727.SH,87.6,88.9,71.2
514,600731.SH,90.6,68.2,74.6
515,600732.SH,85.1,86.6,91.4
516,600739.SH,59.5,51.2,62.8
517,600748.SH,49.4,41.2,26.3
518,600750.SH,39.8,75.5,3.3
519,600753.SH,97.2,88.5,96.0
520,600754.SH,49.5,71.2,6.5
521,600761.SH,54.4,44.8,14.9
522,600768.SH,96.4,41.5,96.4
523,600775.SH,19.9,7.1,51.9
524,600777.SH,91.8,75.0,80.5
525,600780.SH,82.6,31.4,86.0
526,600785.SH,75.8,20.7,52.3
527,600792.SH,89.8,45.5,93.6
528,600794.SH,5.3,96.1,87.7
529,600798.SH,53.9,26.3,91.3
530,600803.SH,66.3,16.2,71.4
531,600805.SH,8.4,1.4,86.3
532,600808.SH,84.9,8.6,70.4
533,600812.SH,96.7,95.3,76.8
534,600814.SH,47.6,36.7,26.8
535,600817.SH,83.4,7.5,90.3
536,600823.SH,36.9,30.0,1.2
537,600828.SH,70.0,36.4,22.3
538,600835.SH,19.6,18.5,4.8
539,600837.SH,54.5,69.0,51.6
540,600854.SH,78.0,12.7,69.6
541,600857.SH,3.0,41.9,84.9
542,600860.SH,6.2,6.8,72.2
543,600862.SH,92.4,13.8,87.6
544,600866.SH,6.5,93.8,83.0
545,600868.SH,78.8,90.2,69.3
546,600871.SH,97.0,98.3,99.9
547,600872.SH,64.6,57.5,18.1
548,600874.SH,37.5,36.9,14.8
549,600875.SH,80.8,49.4,95.6
550,600879.SH,23.4,23.7,19.1
551,600888.SH,87.0,18.3,63.9
552,600896.SH,8.6,2.6,89.6
553,600908.SH,44.7,33.5,2.6
554,600909.SH,64.2,86.9,59.9
555,600929.SH,25.4,34.7,9.1
556,600958.SH,60.6,78.0,59.2
557,600962.SH,97.6,2.5,93.4
558,600963.SH,98.2,20.9,85.1
559,600970.SH,79.0,34.2,28.8
560,600973.SH,26.4,42.7,37.3
561,600982.SH,44.0,79.3,53.3
562,600985.SH,50.9,90.3,15.6
563,600989.SH,68.6,42.9,19.8
564,600999.SH,48.0,76.1,52.4
565,601008.SH,59.1,61.0,51.0
566,601015.SH,12.6,4.3,64.7
567,601016.SH,80.4,59.1,48.5
568,601066.SH,35.8,69.3,40.0
569,601068.SH,8.0,4.0,52.6
570,601069.SH,83.1,98.5,68.9
571,601077.SH,34.4,19.8,5.3
572,601088.SH,69.3,27.9,52.7
573,601107.SH,31.7,54.2,17.6
574,601111.SH,23.1,19.1,25.9
575,601126.SH,18.0,31.3,57.8
576,601138.SH,27.4,25.6,0.8
577,601155.SH,84.0,85.1,74.0
578,601158.SH,65.7,47.6,44.0
579,601168.SH,8.2,81.5,85.6
580,601186.SH,46.9,32.4,1.5
581,601211.SH,21.9,63.9,25.3
582,601228.SH,37.8,56.4,14.2
583,601238.SH,39.6,7.2,45.5
584,601268.SH,18.7,8.4,77.0
585,601288.SH,28.6,22.7,1.0
586,601318.SH,71.6,49.0,23.1
587,601326.SH,79.5,42.3,71.8
588,601328.SH,34.6,20.3,0.7
589,601330.SH,42.6,75.8,20.1
590,601333.SH,18.5,15.8,23.8
591,601336.SH,77.0,67.8,40.1
592,601390.SH,62.2,34.6,18.4
593,601398.SH,33.7,22.3,0.3
594,601518.SH,29.0,27.8,34.0
595,601577.SH,49.2,35.8,5.8
596,601600.SH,89.3,51.9,97.9
597,601601.SH,70.8,39.7,37.9
598,601607.SH,39.7,42.6,2.8
599,601608.SH,88.4,36.5,92.8
600,601618.SH,31.5,19.6,2.4
601,601619.SH,65.0,56.0,39.1
602,601628.SH,93.5,94.3,67.1
603,601658.SH,44.8,23.2,5.7
604,601688.SH,60.9,84.0,34.2
605,601717.SH,95.6,43.3,62.1
606,601766.SH,28.1,18.9,21.9
607,601788.SH,91.1,53.0,68.5
608,601800.SH,40.0,23.9,7.6
609,601808.SH,99.9,95.7,95.9
610,601811.SH,57.1,52.0,16.6
611,601818.SH,31.8,28.5,3.9
612,601857.SH,90.7,18.7,92.5
613,601860.SH,29.5,18.1,4.6
614,601866.SH,89.6,64.9,97.8
615,601878.SH,21.0,51.6,30.8
616,601880.SH,53.8,59.9,58.1
617,601881.SH,45.5,73.3,50.5
618,601882.SH,44.3,20.2,26.7
619,601886.SH,41.9,19.9,18.0
620,601898.SH,77.5,69.4,72.3
621,601899.SH,68.2,43.0,87.1
622,601916.SH,37.9,24.5,1.7
623,601919.SH,93.9,97.5,95.0
624,601939.SH,35.5,22.1,0.1
625,601969.SH,1.2,80.5,94.2
626,601975.SH,72.2,92.0,53.5
627,601988.SH,34.9,21.0,1.4
628,601991.SH,60.2,73.2,60.3
629,601992.SH,48.7,27.2,61.7
630,601998.SH,34.3,21.9,2.5
631,603005.SH,72.8,91.8,55.7
632,603013.SH,25.0,50.8,25.4
633,603016.SH,26.0,37.3,28.5
634,603018.SH,73.0,63.5,13.6
635,603019.SH,73.4,37.6,46.2
636,603025.SH,43.7,32.8,42.2
637,603039.SH,33.9,80.6,13.3
638,603041.SH,33.5,84.8,46.5
639,603060.SH,46.7,50.9,25.6
640,603078.SH,12.3,38.7,18.9
641,603090.SH,20.7,30.6,25.2
642,603103.SH,20.5,38.9,15.5
643,603111.SH,3.9,85.3,83.8
644,603126.SH,26.6,16.0,42.0
645,603128.SH,48.5,40.0,18.3
646,603161.SH,17.7,15.1,13.4
647,603165.SH,72.9,20.1,60.0
648,603166.SH,51.5,49.9,49.5
649,603179.SH,52.6,18.4,55.9
650,603181.SH,68.5,49.8,24.6
651,603186.SH,29.9,60.9,45.9
652,603214.SH,53.7,52.7,6.8
653,603225.SH,59.3,21.3,62.4
654,603228.SH,45.8,50.1,17.2
655,603229.SH,21.2,69.7,66.3
656,603259.SH,58.9,64.6,51.2
657,603278.SH,22.4,14.2,33.7
658,603288.SH,62.9,69.2,1.1
659,603303.SH,24.9,42.2,27.7
660,603318.SH,0.4,0.1,96.7
661,603331.SH,28.9,33.9,22.8
662,603335.SH,10.5,24.9,34.9
663,603336.SH,30.0,39.1,12.4
664,603337.SH,38.6,11.6,30.7
665,603348.SH,12.2,12.3,29.5
666,603360.SH,75.2,93.6,44.7
667,603385.SH,42.0,58.0,43.3
668,603387.SH,62.4,83.5,10.7
669,603393.SH,57.3,75.1,19.9
670,603477.SH,15.9,13.1,23.0
671,603496.SH,14.5,27.4,21.4
672,603500.SH,25.2,25.3,40.7
673,603507.SH,10.2,74.0,52.1
674,603516.SH,36.0,76.3,54.1
675,603520.SH,69.7,81.1,36.4
676,603535.SH,25.6,37.9,10.4
677,603558.SH,71.4,46.7,32.8
678,603577.SH,28.2,86.4,41.6
679,603578.SH,27.0,46.2,6.4
680,603579.SH,35.0,46.3,17.0
681,603580.SH,24.3,31.7,15.9
682,603595.SH,9.5,1.5,72.6
683,603596.SH,51.6,79.9,31.4
684,603605.SH,63.9,79.1,18.7
685,603606.SH,91.3,91.4,56.2
686,603609.SH,75.9,82.7,42.3
687,603613.SH,85.6,88.7,53.7
688,603615.SH,17.3,29.0,10.0
689,603617.SH,27.9,48.5,19.5
690,603636.SH,79.1,76.2,83.3
691,603659.SH,52.8,61.5,54.4
692,603663.SH,61.8,53.1,35.1
693,603668.SH,14.4,27.1,9.8
694,603677.SH,17.8,29.9,9.3
695,603678.SH,63.2,64.5,16.2
696,603712.SH,63.8,88.8,53.8
697,603713.SH,73.6,50.6,38.9
698,603727.SH,87.7,93.2,74.4
699,603733.SH,64.5,60.0,36.7
700,603799.SH,99.6,6.4,98.6
701,603806.SH,42.5,78.4,43.6
702,603813.SH,43.8,41.6,24.5
703,603822.SH,44.4,59.5,39.3
704,603826.SH,32.9,40.2,18.8
705,603839.SH,27.1,72.8,5.5
706,603856.SH,43.6,64.2,31.8
707,603860.SH,20.9,59.6,28.9
708,603878.SH,69.2,62.5,65.0
709,603881.SH,32.6,9.5,10.9
710,603887.SH,86.7,96.7,57.0
711,603896.SH,36.5,70.4,8.3
712,603919.SH,32.5,53.9,7.3
713,603929.SH,16.3,26.8,46.6
714,603933.SH,13.0,6.6,59.5
715,603938.SH,37.2,28.9,35.3
716,603986.SH,75.7,87.1,39.6
717,603987.SH,48.4,71.5,12.7
718,603989.SH,43.3,45.0,16.0
719,603993.SH,75.1,94.7,65.4
720,603997.SH,71.5,86.7,30.0
721,688122.SH,22.1,56.6,13.7
722,688388.SH,81.6,65.8,58.6
