,index_code,industry_base_rank,industry_base_rps,industry_front_rank,industry_front_rps,industry_year_rank,industry_year_rps,industry_week_rank,industry_week_rps,industry_3_rank,industry_3_rps,industry_name,industry_6_rank,industry_6_rps,industry_7_rank,industry_7_rps,date
0,850111.SI,100.0,227.0,11.45,26.0,81.9,186.0,61.23,139.0,6.6,15.0,种子生产,66.1,150.0,93.0,211.0,2020-05-28
1,850112.SI,68.7,156.0,3.52,8.0,98.2,223.0,1.76,4.0,3.1,7.0,粮食种植,49.3,112.0,97.8,222.0,2020-05-28
2,850113.SI,47.1,107.0,1.32,3.0,90.7,206.0,5.73,13.0,86.8,197.0,其他种植业,87.2,198.0,85.5,194.0,2020-05-28
3,850121.SI,22.9,52.0,87.67,199.0,51.1,116.0,84.14,191.0,79.3,180.0,海洋捕捞,7.9,18.0,30.0,68.0,2020-05-28
4,850122.SI,46.3,105.0,29.96,68.0,28.2,64.0,79.74,181.0,45.4,103.0,水产养殖,9.7,22.0,11.0,25.0,2020-05-28
5,850131.SI,2.2,5.0,3.08,7.0,3.1,7.0,55.51,126.0,26.0,59.0,林业,7.0,16.0,1.3,3.0,2020-05-28
6,850141.SI,90.7,206.0,8.81,20.0,91.6,208.0,11.01,25.0,2.2,5.0,饲料,11.5,26.0,78.4,178.0,2020-05-28
7,850151.SI,10.1,23.0,27.75,63.0,80.2,182.0,25.11,57.0,82.4,187.0,果蔬加工,58.6,133.0,73.6,167.0,2020-05-28
8,850152.SI,76.2,173.0,0.88,2.0,100.0,227.0,47.58,108.0,53.7,122.0,粮油加工,55.9,127.0,99.6,226.0,2020-05-28
9,850154.SI,9.7,22.0,32.6,74.0,84.6,192.0,60.79,138.0,44.5,101.0,其他农产品加工,52.0,118.0,73.1,166.0,2020-05-28
10,850161.SI,48.9,111.0,28.19,64.0,12.8,29.0,0.44,1.0,23.3,53.0,农业综合,18.5,42.0,11.9,27.0,2020-05-28
11,850171.SI,77.1,175.0,20.26,46.0,47.6,108.0,17.18,39.0,5.7,13.0,畜禽养殖,4.8,11.0,5.3,12.0,2020-05-28
12,850181.SI,86.8,197.0,10.13,23.0,92.1,209.0,7.49,17.0,19.4,44.0,动物保健,81.1,184.0,66.1,150.0,2020-05-28
13,850211.SI,18.9,43.0,56.83,129.0,1.8,4.0,7.93,18.0,18.5,42.0,石油开采,10.6,24.0,0.9,2.0,2020-05-28
14,850221.SI,18.5,42.0,50.66,115.0,20.7,47.0,74.45,169.0,68.3,155.0,煤炭开采,44.9,102.0,19.4,44.0,2020-05-28
15,850222.SI,3.5,8.0,22.47,51.0,4.4,10.0,82.82,188.0,63.4,144.0,焦炭加工,26.9,61.0,8.4,19.0,2020-05-28
16,850231.SI,25.1,57.0,88.11,200.0,16.3,37.0,63.0,143.0,64.3,146.0,其他采掘,38.3,87.0,21.6,49.0,2020-05-28
17,850241.SI,52.0,118.0,58.59,133.0,1.3,3.0,15.86,36.0,20.7,47.0,油气钻采服务,6.2,14.0,1.8,4.0,2020-05-28
18,850242.SI,4.8,11.0,99.56,226.0,76.2,173.0,97.36,221.0,93.0,211.0,其他采掘服务,96.0,218.0,76.2,173.0,2020-05-28
19,850311.SI,38.8,88.0,57.71,131.0,17.6,40.0,26.87,61.0,25.1,57.0,石油加工,13.7,31.0,15.0,34.0,2020-05-28
20,850313.SI,56.8,129.0,35.68,81.0,28.6,65.0,36.12,82.0,38.8,88.0,石油贸易,14.1,32.0,25.1,57.0,2020-05-28
21,850321.SI,34.8,79.0,59.47,135.0,2.6,6.0,31.72,72.0,14.5,33.0,纯碱,3.5,8.0,3.1,7.0,2020-05-28
22,850322.SI,78.9,179.0,72.69,165.0,18.9,43.0,4.85,11.0,9.7,22.0,氯碱,27.3,62.0,46.3,105.0,2020-05-28
23,850323.SI,88.5,201.0,27.31,62.0,60.8,138.0,20.7,47.0,27.8,63.0,无机盐,54.6,124.0,71.4,162.0,2020-05-28
24,850324.SI,80.2,182.0,10.57,24.0,23.3,53.0,36.56,83.0,29.5,67.0,其他化学原料,29.5,67.0,57.3,130.0,2020-05-28
25,850331.SI,82.4,187.0,38.77,88.0,16.7,38.0,31.28,71.0,36.1,82.0,氮肥,36.1,82.0,49.3,112.0,2020-05-28
26,850332.SI,26.4,60.0,53.3,121.0,10.6,24.0,80.62,183.0,60.4,137.0,磷肥,4.4,10.0,4.8,11.0,2020-05-28
27,850333.SI,18.1,41.0,83.7,190.0,72.7,165.0,92.95,211.0,67.4,153.0,农药,62.1,141.0,75.8,172.0,2020-05-28
28,850334.SI,74.0,168.0,9.69,22.0,92.5,210.0,56.39,128.0,92.5,210.0,日用化学产品,96.9,220.0,85.9,195.0,2020-05-28
29,850335.SI,77.5,176.0,3.96,9.0,89.9,204.0,14.54,33.0,71.8,163.0,涂料油漆油墨制造,89.9,204.0,92.1,209.0,2020-05-28
30,850336.SI,52.9,120.0,92.07,209.0,54.2,123.0,66.96,152.0,87.7,199.0,钾肥,12.8,29.0,33.9,77.0,2020-05-28
31,850337.SI,42.7,97.0,64.76,147.0,86.3,196.0,39.65,90.0,37.9,86.0,民爆用品,81.5,185.0,93.4,212.0,2020-05-28
32,850338.SI,71.4,162.0,65.64,149.0,11.9,27.0,52.86,120.0,43.6,99.0,纺织化学用品,38.8,88.0,10.6,24.0,2020-05-28
33,850339.SI,59.0,134.0,25.11,57.0,68.3,155.0,74.01,168.0,58.6,133.0,其他化学制品,74.9,170.0,78.9,179.0,2020-05-28
34,850341.SI,8.8,20.0,70.04,159.0,36.6,83.0,68.28,155.0,40.5,92.0,涤纶,52.9,120.0,28.6,65.0,2020-05-28
35,850342.SI,35.7,81.0,88.55,201.0,13.7,31.0,55.07,125.0,31.7,72.0,维纶,4.0,9.0,39.2,89.0,2020-05-28
36,850343.SI,89.9,204.0,13.66,31.0,19.4,44.0,8.81,20.0,0.9,2.0,粘胶,0.9,2.0,17.6,40.0,2020-05-28
37,850344.SI,83.3,189.0,49.78,113.0,89.4,203.0,24.23,55.0,81.1,184.0,其他纤维,87.7,199.0,89.4,203.0,2020-05-28
38,850345.SI,30.8,70.0,2.2,5.0,59.0,134.0,61.67,140.0,74.4,169.0,氨纶,72.2,164.0,72.7,165.0,2020-05-28
39,850351.SI,44.1,100.0,45.37,103.0,60.4,137.0,42.29,96.0,42.3,96.0,其他塑料制品,33.5,76.0,59.9,136.0,2020-05-28
40,850352.SI,10.6,24.0,87.22,198.0,56.4,128.0,71.37,162.0,77.5,176.0,合成革,34.8,79.0,13.7,31.0,2020-05-28
41,850353.SI,79.7,181.0,66.52,151.0,99.6,226.0,0.88,2.0,81.9,186.0,改性塑料,79.3,180.0,98.7,224.0,2020-05-28
42,850361.SI,38.3,87.0,41.85,95.0,14.5,33.0,17.62,40.0,6.2,14.0,轮胎,23.3,53.0,22.5,51.0,2020-05-28
43,850362.SI,43.2,98.0,51.54,117.0,86.8,197.0,46.7,106.0,47.1,107.0,其他橡胶制品,63.9,145.0,86.8,197.0,2020-05-28
44,850363.SI,28.2,64.0,48.46,110.0,14.1,32.0,33.48,76.0,54.2,123.0,炭黑,76.2,173.0,28.2,64.0,2020-05-28
45,850372.SI,2.6,6.0,30.4,69.0,8.8,20.0,51.98,118.0,32.6,74.0,聚氨酯,62.6,142.0,38.3,87.0,2020-05-28
46,850373.SI,32.6,74.0,14.98,34.0,19.8,45.0,12.33,28.0,30.4,69.0,玻纤,47.6,108.0,70.5,160.0,2020-05-28
47,850381.SI,61.7,140.0,25.99,59.0,61.2,139.0,32.16,73.0,5.3,12.0,复合肥,22.0,50.0,42.3,96.0,2020-05-28
48,850382.SI,61.2,139.0,19.82,45.0,37.9,86.0,53.3,121.0,52.0,118.0,氟化工及制冷剂,24.2,55.0,51.1,116.0,2020-05-28
49,850383.SI,7.9,18.0,30.84,70.0,27.8,63.0,53.74,122.0,41.0,93.0,磷化工及磷酸盐,8.8,20.0,22.0,50.0,2020-05-28
50,850411.SI,17.2,39.0,37.44,85.0,12.3,28.0,60.35,137.0,40.1,91.0,普钢,23.8,54.0,18.9,43.0,2020-05-28
51,850412.SI,36.1,82.0,7.49,17.0,82.8,188.0,8.37,19.0,28.6,65.0,特钢,56.8,129.0,83.7,190.0,2020-05-28
52,850521.SI,39.6,90.0,92.51,210.0,46.7,106.0,91.19,207.0,51.5,117.0,金属新材料,25.6,58.0,57.7,131.0,2020-05-28
53,850522.SI,54.2,123.0,96.48,219.0,69.6,158.0,96.48,219.0,94.7,215.0,磁性材料,92.5,210.0,85.0,193.0,2020-05-28
54,850523.SI,55.1,125.0,96.04,218.0,44.9,102.0,85.02,193.0,84.6,192.0,非金属新材料,78.9,179.0,59.0,134.0,2020-05-28
55,850531.SI,62.1,141.0,94.71,215.0,62.6,142.0,30.84,70.0,69.6,158.0,黄金,26.4,60.0,78.0,177.0,2020-05-28
56,850541.SI,58.6,133.0,61.67,140.0,41.4,94.0,27.75,63.0,96.9,220.0,稀土,89.0,202.0,53.3,121.0,2020-05-28
57,850542.SI,57.3,130.0,91.19,207.0,34.4,78.0,83.7,190.0,91.2,207.0,钨,80.6,183.0,29.5,67.0,2020-05-28
58,850543.SI,57.7,131.0,96.92,220.0,48.9,111.0,93.39,212.0,42.7,97.0,锂,73.6,167.0,95.6,217.0,2020-05-28
59,850544.SI,24.2,55.0,81.5,185.0,6.2,14.0,40.97,93.0,17.6,40.0,其他稀有小金属,40.1,91.0,50.7,115.0,2020-05-28
60,850551.SI,37.0,84.0,73.57,167.0,25.1,57.0,77.09,175.0,72.2,164.0,铝,42.3,96.0,33.5,76.0,2020-05-28
61,850552.SI,15.9,36.0,74.45,169.0,11.5,26.0,54.19,123.0,55.9,127.0,铜,29.1,66.0,26.0,59.0,2020-05-28
62,850553.SI,32.2,73.0,95.59,217.0,26.4,60.0,90.75,206.0,81.5,185.0,铅锌,37.0,84.0,34.4,78.0,2020-05-28
63,850611.SI,31.3,71.0,66.96,152.0,64.3,146.0,76.21,173.0,64.8,147.0,玻璃制造,85.9,195.0,87.2,198.0,2020-05-28
64,850612.SI,46.7,106.0,85.02,193.0,72.2,164.0,26.43,60.0,12.8,29.0,水泥制造,42.7,97.0,91.6,208.0,2020-05-28
65,850614.SI,78.4,178.0,74.01,168.0,93.8,213.0,85.46,194.0,70.5,160.0,其他建材,54.2,123.0,96.5,219.0,2020-05-28
66,850615.SI,67.4,153.0,23.79,54.0,55.9,127.0,34.36,78.0,63.9,145.0,耐火材料,70.9,161.0,47.1,107.0,2020-05-28
67,850616.SI,49.3,112.0,5.29,12.0,61.7,140.0,79.3,180.0,73.6,167.0,管材,71.4,162.0,49.8,113.0,2020-05-28
68,850623.SI,92.1,209.0,70.48,160.0,37.0,84.0,43.61,99.0,32.2,73.0,房屋建设,43.6,99.0,40.1,91.0,2020-05-28
69,850711.SI,53.3,121.0,47.58,108.0,25.6,58.0,23.79,54.0,57.7,131.0,机床工具,35.7,81.0,22.9,52.0,2020-05-28
70,850712.SI,22.5,51.0,56.39,128.0,63.9,145.0,32.6,74.0,50.2,114.0,机械基础件,44.5,101.0,65.6,149.0,2020-05-28
71,850713.SI,52.4,119.0,43.61,99.0,36.1,82.0,33.92,77.0,16.7,38.0,磨具磨料,18.9,43.0,7.9,18.0,2020-05-28
72,850714.SI,35.2,80.0,33.48,76.0,57.3,130.0,42.73,97.0,31.3,71.0,内燃机,73.1,166.0,58.6,133.0,2020-05-28
73,850715.SI,34.4,78.0,88.99,202.0,55.5,126.0,66.08,150.0,48.9,111.0,制冷空调设备,57.7,131.0,43.2,98.0,2020-05-28
74,850716.SI,64.8,147.0,54.19,123.0,55.1,125.0,54.63,124.0,65.6,149.0,其它通用机械,65.2,148.0,52.9,120.0,2020-05-28
75,850721.SI,29.1,66.0,38.33,87.0,11.0,25.0,69.16,157.0,56.4,128.0,纺织服装设备,11.0,25.0,7.5,17.0,2020-05-28
76,850722.SI,95.6,217.0,53.74,122.0,74.4,169.0,18.94,43.0,15.4,35.0,工程机械,35.2,80.0,89.9,204.0,2020-05-28
77,850723.SI,40.1,91.0,7.93,18.0,91.2,207.0,22.03,50.0,96.0,218.0,农用机械,98.2,223.0,92.5,210.0,2020-05-28
78,850724.SI,88.1,200.0,42.73,97.0,40.1,91.0,44.05,100.0,39.2,89.0,重型机械,63.0,143.0,37.9,86.0,2020-05-28
79,850725.SI,63.9,145.0,26.87,61.0,7.5,17.0,19.82,45.0,35.7,81.0,冶金矿采化工设备,41.4,94.0,4.4,10.0,2020-05-28
80,850726.SI,27.3,62.0,91.63,208.0,39.2,89.0,95.59,217.0,90.3,205.0,印刷包装机械,48.9,111.0,41.4,94.0,2020-05-28
81,850727.SI,33.5,76.0,18.5,42.0,77.5,176.0,59.91,136.0,63.0,143.0,其它专用机械,77.5,176.0,77.1,175.0,2020-05-28
82,850728.SI,66.1,150.0,26.43,60.0,46.3,105.0,82.38,187.0,72.7,165.0,楼宇设备,44.1,100.0,38.8,88.0,2020-05-28
83,850729.SI,51.1,116.0,60.79,138.0,74.0,168.0,96.92,220.0,91.6,208.0,环保设备,78.4,178.0,54.2,123.0,2020-05-28
84,850731.SI,76.7,174.0,18.06,41.0,58.6,133.0,63.88,145.0,61.7,140.0,仪器仪表,77.1,175.0,70.9,161.0,2020-05-28
85,850741.SI,55.9,127.0,44.05,100.0,20.3,46.0,77.53,176.0,71.4,162.0,电机,66.5,151.0,41.0,93.0,2020-05-28
86,850751.SI,21.1,48.0,82.38,187.0,31.3,71.0,76.65,174.0,62.1,141.0,金属制品,48.0,109.0,24.7,56.0,2020-05-28
87,850811.SI,94.7,215.0,55.07,125.0,94.3,214.0,3.96,9.0,22.9,52.0,集成电路,88.5,201.0,96.9,220.0,2020-05-28
88,850812.SI,91.6,208.0,78.85,179.0,93.0,211.0,15.42,35.0,79.7,181.0,分立器件,84.6,192.0,98.2,223.0,2020-05-28
89,850813.SI,96.0,218.0,0.44,1.0,99.1,225.0,38.77,88.0,75.8,172.0,半导体材料,99.1,225.0,100.0,227.0,2020-05-28
90,850822.SI,99.1,225.0,63.44,144.0,79.7,181.0,11.89,27.0,0.4,1.0,印制电路板,46.7,106.0,76.7,174.0,2020-05-28
91,850823.SI,87.7,199.0,20.7,47.0,74.9,170.0,65.2,148.0,50.7,115.0,被动元件,86.8,197.0,83.3,189.0,2020-05-28
92,850831.SI,75.8,172.0,68.72,156.0,30.8,70.0,38.33,87.0,51.1,116.0,显示器件,53.7,122.0,60.8,138.0,2020-05-28
93,850832.SI,81.9,186.0,25.55,58.0,57.7,131.0,21.15,48.0,66.5,151.0,LED,72.7,165.0,80.6,183.0,2020-05-28
94,850833.SI,93.8,213.0,12.78,29.0,30.4,69.0,72.69,165.0,21.1,48.0,光学元件,78.0,177.0,71.8,163.0,2020-05-28
95,850841.SI,75.3,171.0,77.53,176.0,66.1,150.0,72.25,164.0,29.1,66.0,其他电子,68.3,155.0,77.5,176.0,2020-05-28
96,850851.SI,93.0,211.0,73.13,166.0,32.6,74.0,18.5,42.0,25.6,58.0,电子系统组装,67.4,153.0,46.7,106.0,2020-05-28
97,850852.SI,89.0,202.0,52.86,120.0,67.0,152.0,28.63,65.0,8.4,19.0,电子零部件制造,74.4,169.0,82.8,188.0,2020-05-28
98,850911.SI,72.7,165.0,65.2,148.0,45.8,104.0,67.4,153.0,30.8,70.0,乘用车,58.1,132.0,52.0,118.0,2020-05-28
99,850912.SI,45.8,104.0,97.8,222.0,47.1,107.0,92.07,209.0,67.0,152.0,商用载货车,51.5,117.0,53.7,122.0,2020-05-28
100,850913.SI,48.0,109.0,93.39,212.0,18.5,42.0,87.22,198.0,19.8,45.0,商用载客车,18.1,41.0,17.2,39.0,2020-05-28
101,850921.SI,60.8,138.0,48.02,109.0,48.0,109.0,51.1,116.0,34.8,79.0,汽车零部件,50.7,115.0,62.6,142.0,2020-05-28
102,850935.SI,47.6,108.0,68.28,155.0,7.9,18.0,30.4,69.0,55.1,125.0,船舶制造,30.8,70.0,5.7,13.0,2020-05-28
103,850936.SI,25.6,58.0,34.8,79.0,18.1,41.0,13.66,31.0,15.9,36.0,铁路设备,15.0,34.0,12.8,29.0,2020-05-28
104,850941.SI,29.5,67.0,29.52,67.0,34.8,79.0,10.57,24.0,11.5,26.0,汽车服务,14.5,33.0,18.5,42.0,2020-05-28
105,851012.SI,81.5,185.0,59.03,134.0,70.5,160.0,7.05,16.0,10.1,23.0,终端设备,55.5,126.0,55.1,125.0,2020-05-28
106,851013.SI,37.4,85.0,22.03,50.0,65.6,149.0,2.2,5.0,1.3,3.0,通信传输设备,17.2,39.0,60.4,137.0,2020-05-28
107,851014.SI,79.3,180.0,62.11,141.0,52.0,118.0,14.1,32.0,2.6,6.0,通信配套服务,20.3,46.0,56.4,128.0,2020-05-28
108,851021.SI,71.8,163.0,69.6,158.0,70.0,159.0,14.98,34.0,7.5,17.0,计算机设备,64.3,146.0,67.0,152.0,2020-05-28
109,851111.SI,67.0,152.0,31.28,71.0,9.3,21.0,93.83,213.0,84.1,191.0,冰箱,70.5,160.0,40.5,92.0,2020-05-28
110,851112.SI,85.9,195.0,74.89,170.0,39.6,90.0,71.81,163.0,77.1,175.0,空调,86.3,196.0,47.6,108.0,2020-05-28
111,851113.SI,44.9,102.0,6.61,15.0,37.4,85.0,57.27,130.0,4.0,9.0,洗衣机,1.3,3.0,21.1,48.0,2020-05-28
112,851114.SI,66.5,151.0,71.37,162.0,69.2,157.0,94.71,215.0,85.0,193.0,小家电,88.1,200.0,69.6,158.0,2020-05-28
113,851115.SI,63.0,143.0,4.85,11.0,87.2,198.0,19.38,44.0,34.4,78.0,家电零部件,83.7,190.0,91.2,207.0,2020-05-28
114,851121.SI,65.2,148.0,50.22,114.0,85.9,195.0,6.17,14.0,49.3,112.0,彩电,59.5,135.0,90.7,206.0,2020-05-28
115,851122.SI,96.5,219.0,16.74,38.0,22.5,51.0,64.32,146.0,33.0,75.0,其它视听器材,19.4,44.0,36.6,83.0,2020-05-28
116,851231.SI,0.4,1.0,79.74,181.0,87.7,199.0,67.84,154.0,87.2,198.0,白酒,93.8,213.0,72.2,164.0,2020-05-28
117,851232.SI,11.5,26.0,84.58,192.0,88.5,201.0,94.27,214.0,96.5,219.0,啤酒,98.7,224.0,88.5,201.0,2020-05-28
118,851233.SI,5.3,12.0,93.83,213.0,97.4,221.0,86.78,197.0,97.4,221.0,其他酒类,97.4,221.0,90.3,205.0,2020-05-28
119,851234.SI,33.9,77.0,11.01,25.0,52.4,119.0,78.85,179.0,74.9,170.0,软饮料,71.8,163.0,41.9,95.0,2020-05-28
120,851235.SI,16.7,38.0,49.34,112.0,41.0,93.0,92.51,210.0,62.6,142.0,葡萄酒,74.0,168.0,16.7,38.0,2020-05-28
121,851236.SI,12.3,28.0,98.68,224.0,82.4,187.0,100.0,227.0,99.6,226.0,黄酒,99.6,226.0,75.3,171.0,2020-05-28
122,851241.SI,81.1,184.0,21.15,48.0,93.4,212.0,74.89,170.0,24.7,56.0,肉制品,65.6,149.0,80.2,182.0,2020-05-28
123,851242.SI,7.0,16.0,36.12,82.0,96.5,219.0,68.72,156.0,93.4,212.0,调味发酵品,89.4,203.0,89.0,202.0,2020-05-28
124,851243.SI,78.0,177.0,12.33,28.0,54.6,124.0,84.58,192.0,66.1,150.0,乳品,33.9,77.0,54.6,124.0,2020-05-28
125,851244.SI,9.3,21.0,35.24,80.0,97.8,222.0,88.99,202.0,94.3,214.0,食品综合,93.4,212.0,96.0,218.0,2020-05-28
126,851311.SI,27.8,63.0,48.9,111.0,62.1,141.0,89.87,204.0,89.4,203.0,毛纺,85.5,194.0,48.0,109.0,2020-05-28
127,851312.SI,13.7,31.0,14.1,32.0,13.2,30.0,29.52,67.0,18.9,43.0,棉纺,2.6,6.0,11.5,26.0,2020-05-28
128,851313.SI,84.6,192.0,85.46,194.0,49.3,112.0,81.94,186.0,90.7,206.0,丝绸,82.8,188.0,64.3,146.0,2020-05-28
129,851314.SI,72.2,164.0,1.76,4.0,23.8,54.0,41.85,95.0,59.9,136.0,印染,5.7,13.0,15.4,35.0,2020-05-28
130,851315.SI,70.9,161.0,80.18,182.0,27.3,62.0,62.11,141.0,73.1,166.0,辅料,33.0,75.0,12.3,28.0,2020-05-28
131,851316.SI,69.2,157.0,16.3,37.0,33.5,76.0,22.47,51.0,20.3,46.0,其他纺织,12.3,28.0,61.7,140.0,2020-05-28
132,851322.SI,86.3,196.0,34.36,78.0,8.4,19.0,35.68,81.0,13.2,30.0,男装,5.3,12.0,10.1,23.0,2020-05-28
133,851323.SI,83.7,190.0,4.41,10.0,0.4,1.0,44.93,102.0,7.0,16.0,女装,0.4,1.0,0.4,1.0,2020-05-28
134,851324.SI,97.4,221.0,9.25,21.0,3.5,8.0,4.41,10.0,4.8,11.0,休闲服装,1.8,4.0,4.0,9.0,2020-05-28
135,851325.SI,99.6,226.0,92.95,211.0,59.5,135.0,99.56,226.0,93.8,213.0,鞋帽,32.6,74.0,94.7,215.0,2020-05-28
136,851326.SI,40.5,92.0,2.64,6.0,80.6,183.0,3.08,7.0,97.8,222.0,家纺,95.6,217.0,74.4,169.0,2020-05-28
137,851327.SI,41.4,94.0,59.91,136.0,63.4,144.0,50.22,114.0,46.7,106.0,其他服装,15.9,36.0,55.9,127.0,2020-05-28
138,851411.SI,89.4,203.0,78.41,178.0,51.5,117.0,66.52,151.0,53.3,121.0,造纸,36.6,83.0,59.5,135.0,2020-05-28
139,851421.SI,67.8,154.0,32.16,73.0,32.2,73.0,56.83,129.0,37.0,84.0,包装印刷,31.7,72.0,26.9,61.0,2020-05-28
140,851432.SI,64.3,146.0,29.07,66.0,67.8,154.0,97.8,222.0,98.2,223.0,家具,93.0,211.0,74.9,170.0,2020-05-28
141,851433.SI,41.9,95.0,36.56,83.0,81.1,184.0,95.15,216.0,99.1,225.0,其他家用轻工,94.3,214.0,81.9,186.0,2020-05-28
142,851434.SI,51.5,117.0,51.1,116.0,4.0,9.0,63.44,144.0,58.1,132.0,珠宝首饰,9.3,21.0,7.0,16.0,2020-05-28
143,851435.SI,17.6,40.0,82.82,188.0,71.8,163.0,86.34,196.0,60.8,138.0,文娱用品,30.0,68.0,55.5,126.0,2020-05-28
144,851441.SI,87.2,198.0,99.12,225.0,15.4,35.0,98.68,224.0,89.0,202.0,其他轻工制造,21.6,49.0,9.3,21.0,2020-05-28
145,851511.SI,7.5,17.0,39.65,90.0,95.6,217.0,62.56,142.0,70.0,159.0,化学原料药,39.2,89.0,94.3,214.0,2020-05-28
146,851512.SI,11.0,25.0,14.54,33.0,78.4,178.0,27.31,62.0,41.9,95.0,化学制剂,24.7,56.0,63.4,144.0,2020-05-28
147,851521.SI,5.7,13.0,19.38,44.0,64.8,147.0,48.46,110.0,41.4,94.0,中药,41.0,93.0,48.9,111.0,2020-05-28
148,851531.SI,6.2,14.0,8.37,19.0,96.9,220.0,35.24,80.0,82.8,188.0,生物制品,85.0,193.0,93.8,213.0,2020-05-28
149,851541.SI,19.8,45.0,72.25,164.0,78.0,177.0,64.76,147.0,52.4,119.0,医药商业,17.6,40.0,56.8,129.0,2020-05-28
150,851551.SI,8.4,19.0,15.42,35.0,98.7,224.0,48.02,109.0,85.5,194.0,医疗器械,84.1,191.0,97.4,221.0,2020-05-28
151,851561.SI,4.0,9.0,37.89,86.0,85.0,193.0,48.9,111.0,78.4,178.0,医疗服务,75.3,171.0,68.7,156.0,2020-05-28
152,851611.SI,20.7,47.0,62.56,142.0,26.0,59.0,58.59,133.0,52.9,120.0,火电,47.1,107.0,18.1,41.0,2020-05-28
153,851612.SI,12.8,29.0,90.75,206.0,43.2,98.0,80.18,182.0,68.7,156.0,水电,51.1,116.0,31.3,71.0,2020-05-28
154,851613.SI,4.4,10.0,77.09,175.0,53.3,121.0,37.89,86.0,76.2,173.0,燃机发电,52.4,119.0,23.3,53.0,2020-05-28
155,851614.SI,6.6,15.0,100.0,227.0,83.3,189.0,90.31,205.0,88.5,201.0,热电,92.1,209.0,81.1,184.0,2020-05-28
156,851615.SI,37.9,86.0,71.81,163.0,15.9,36.0,59.47,135.0,28.2,64.0,新能源发电,22.5,51.0,8.8,20.0,2020-05-28
157,851621.SI,24.7,56.0,40.53,92.0,52.9,120.0,18.06,41.0,18.1,41.0,水务,22.9,52.0,37.0,84.0,2020-05-28
158,851631.SI,14.5,33.0,77.97,177.0,26.9,61.0,47.14,107.0,74.0,168.0,燃气,49.8,113.0,6.6,15.0,2020-05-28
159,851641.SI,59.5,135.0,17.62,40.0,59.9,136.0,37.44,85.0,17.2,39.0,环保工程及服务,27.8,63.0,45.4,103.0,2020-05-28
160,851711.SI,30.0,68.0,70.93,161.0,7.0,16.0,52.42,119.0,45.8,104.0,港口,30.4,69.0,6.2,14.0,2020-05-28
161,851721.SI,20.3,46.0,97.36,221.0,90.3,205.0,99.12,225.0,100.0,227.0,公交,100.0,227.0,84.1,191.0,2020-05-28
162,851731.SI,22.0,50.0,75.33,171.0,33.0,75.0,45.37,103.0,44.9,102.0,高速公路,57.3,130.0,27.3,62.0,2020-05-28
163,851741.SI,23.8,54.0,41.41,94.0,2.2,5.0,49.78,113.0,48.0,109.0,航空运输,48.5,110.0,2.6,6.0,2020-05-28
164,851751.SI,0.9,2.0,85.9,195.0,29.5,67.0,87.67,199.0,75.3,171.0,机场,80.2,182.0,15.9,36.0,2020-05-28
165,851761.SI,30.4,69.0,86.78,197.0,5.3,12.0,39.21,89.0,13.7,31.0,航运,8.4,19.0,31.7,72.0,2020-05-28
166,851771.SI,3.1,7.0,81.06,184.0,15.0,34.0,59.03,134.0,61.2,139.0,铁路运输,60.8,138.0,16.3,37.0,2020-05-28
167,851781.SI,16.3,37.0,39.21,89.0,63.0,143.0,58.15,132.0,76.7,174.0,物流,69.2,157.0,39.6,90.0,2020-05-28
168,851811.SI,31.7,72.0,76.65,174.0,24.7,56.0,81.5,185.0,49.8,113.0,房地产开发,41.9,95.0,37.4,85.0,2020-05-28
169,851821.SI,15.4,35.0,52.42,119.0,44.5,101.0,75.33,171.0,88.1,200.0,园区开发,90.3,205.0,23.8,54.0,2020-05-28
170,851911.SI,54.6,124.0,89.43,203.0,22.0,50.0,70.93,161.0,59.5,135.0,银行,64.8,147.0,20.7,47.0,2020-05-28
171,851921.SI,43.6,99.0,95.15,216.0,9.7,22.0,73.13,166.0,43.2,98.0,多元金融,34.4,78.0,14.1,32.0,2020-05-28
172,851931.SI,13.2,30.0,90.31,205.0,21.6,49.0,49.34,112.0,24.2,55.0,证券,26.0,59.0,45.8,104.0,2020-05-28
173,851941.SI,26.0,59.0,89.87,204.0,10.1,23.0,65.64,149.0,44.1,100.0,保险,59.9,136.0,3.5,8.0,2020-05-28
174,852021.SI,26.9,61.0,44.93,102.0,42.3,96.0,45.81,104.0,35.2,80.0,贸易,53.3,121.0,27.8,63.0,2020-05-28
175,852031.SI,39.2,89.0,11.89,27.0,66.5,151.0,88.55,201.0,98.7,224.0,百货,90.7,206.0,69.2,157.0,2020-05-28
176,852032.SI,70.5,160.0,75.77,172.0,94.7,215.0,77.97,177.0,33.5,76.0,超市,28.2,64.0,79.7,181.0,2020-05-28
177,852033.SI,14.1,32.0,60.35,137.0,45.4,103.0,89.43,203.0,89.9,204.0,多业态零售,67.0,152.0,32.2,73.0,2020-05-28
178,852041.SI,92.5,210.0,5.73,13.0,77.1,175.0,46.26,105.0,95.6,217.0,专业连锁,96.5,219.0,61.2,139.0,2020-05-28
179,852051.SI,50.7,115.0,37.0,84.0,50.7,115.0,40.53,92.0,83.3,189.0,一般物业经营,75.8,172.0,29.1,66.0,2020-05-28
180,852052.SI,73.6,167.0,47.14,107.0,48.5,110.0,51.54,117.0,69.2,157.0,专业市场,63.4,144.0,35.7,81.0,2020-05-28
181,852111.SI,90.3,205.0,28.63,65.0,67.4,153.0,85.9,195.0,92.1,209.0,人工景点,97.8,222.0,65.2,148.0,2020-05-28
182,852112.SI,23.3,53.0,83.26,189.0,22.9,52.0,70.48,160.0,57.3,130.0,自然景点,15.4,35.0,20.3,46.0,2020-05-28
183,852121.SI,1.8,4.0,55.95,127.0,31.7,72.0,73.57,167.0,65.2,148.0,酒店,81.9,186.0,58.1,132.0,2020-05-28
184,852131.SI,44.5,101.0,23.35,53.0,65.2,148.0,98.24,223.0,83.7,190.0,旅游综合,95.2,216.0,50.2,114.0,2020-05-28
185,852141.SI,15.0,34.0,15.86,36.0,84.1,191.0,25.55,58.0,78.9,179.0,餐饮,79.7,181.0,74.0,168.0,2020-05-28
186,852151.SI,1.3,3.0,6.17,14.0,83.7,190.0,6.61,15.0,80.2,182.0,其他休闲服务,60.4,137.0,64.8,147.0,2020-05-28
187,852211.SI,84.1,191.0,46.26,105.0,30.0,68.0,16.3,37.0,15.0,34.0,通信运营,6.6,15.0,13.2,30.0,2020-05-28
188,852221.SI,94.3,214.0,81.94,186.0,79.3,180.0,50.66,115.0,16.3,37.0,互联网信息服务,43.2,98.0,86.3,196.0,2020-05-28
189,852222.SI,98.7,224.0,46.7,106.0,38.3,87.0,41.41,94.0,37.4,85.0,移动互联网服务,25.1,57.0,66.5,151.0,2020-05-28
190,852223.SI,93.4,212.0,17.18,39.0,0.9,2.0,11.45,26.0,4.4,10.0,其他互联网服务,2.2,5.0,9.7,22.0,2020-05-28
191,852224.SI,91.2,207.0,94.27,214.0,50.2,114.0,57.71,131.0,85.9,195.0,有线电视网络,61.2,139.0,48.5,110.0,2020-05-28
192,852225.SI,85.0,193.0,63.88,145.0,85.5,194.0,24.67,56.0,22.0,50.0,软件开发,61.7,140.0,82.4,187.0,2020-05-28
193,852226.SI,82.8,188.0,67.4,153.0,70.9,161.0,34.8,79.0,11.0,25.0,IT服务,37.9,86.0,68.3,155.0,2020-05-28
194,852241.SI,80.6,183.0,67.84,154.0,35.7,81.0,43.17,98.0,54.6,124.0,平面媒体,55.1,125.0,36.1,82.0,2020-05-28
195,852242.SI,96.9,220.0,44.49,101.0,5.7,13.0,28.19,64.0,27.3,62.0,影视动漫,59.0,134.0,44.5,101.0,2020-05-28
196,852243.SI,97.8,222.0,86.34,196.0,49.8,113.0,91.63,208.0,80.6,183.0,营销服务,91.6,208.0,62.1,141.0,2020-05-28
197,852244.SI,59.9,136.0,84.14,191.0,75.3,171.0,70.04,159.0,70.9,161.0,其他文化传媒,68.7,156.0,52.4,119.0,2020-05-28
198,852311.SI,58.1,132.0,43.17,98.0,58.1,132.0,69.6,158.0,26.9,61.0,综合,31.3,71.0,63.9,145.0,2020-05-28
199,857221.SI,56.4,128.0,40.97,93.0,41.9,95.0,55.95,127.0,56.8,129.0,装修装饰,56.4,128.0,32.6,74.0,2020-05-28
200,857231.SI,63.4,144.0,58.15,132.0,73.1,166.0,83.26,189.0,86.3,196.0,城轨建设,82.4,187.0,63.0,143.0,2020-05-28
201,857232.SI,65.6,149.0,24.67,56.0,56.8,129.0,5.29,12.0,21.6,49.0,路桥施工,20.7,47.0,44.9,102.0,2020-05-28
202,857233.SI,68.3,155.0,80.62,183.0,29.1,66.0,29.96,68.0,9.3,21.0,水利工程,16.3,37.0,42.7,97.0,2020-05-28
203,857234.SI,74.9,170.0,64.32,146.0,21.1,48.0,9.25,21.0,3.5,8.0,铁路建设,11.9,27.0,25.6,58.0,2020-05-28
204,857235.SI,28.6,65.0,13.22,30.0,53.7,122.0,1.32,3.0,33.9,77.0,其他基础建设,46.3,105.0,43.6,99.0,2020-05-28
205,857241.SI,73.1,166.0,98.24,223.0,95.2,216.0,96.04,218.0,30.0,68.0,钢结构,19.8,45.0,95.2,216.0,2020-05-28
206,857242.SI,48.5,110.0,45.81,104.0,24.2,55.0,23.35,53.0,12.3,28.0,化学工程,21.1,48.0,26.4,60.0,2020-05-28
207,857243.SI,19.4,44.0,79.3,180.0,6.6,15.0,78.41,178.0,48.5,110.0,国际工程承包,28.6,65.0,14.5,33.0,2020-05-28
208,857244.SI,42.3,96.0,33.92,77.0,44.1,100.0,16.74,38.0,36.6,83.0,其他专业工程,32.2,73.0,33.0,75.0,2020-05-28
209,857251.SI,70.0,159.0,76.21,173.0,40.5,92.0,81.06,184.0,55.5,126.0,园林工程,16.7,38.0,24.2,55.0,2020-05-28
210,857321.SI,85.5,194.0,54.63,124.0,43.6,99.0,22.91,52.0,8.8,20.0,电网自动化,13.2,30.0,30.8,70.0,2020-05-28
211,857322.SI,21.6,49.0,24.23,55.0,81.5,185.0,25.99,59.0,46.3,105.0,工控自动化,83.3,189.0,87.7,199.0,2020-05-28
212,857323.SI,49.8,113.0,40.09,91.0,17.2,39.0,12.78,29.0,10.6,24.0,计量仪表,10.1,23.0,35.2,80.0,2020-05-28
213,857331.SI,36.6,83.0,42.29,96.0,38.8,88.0,9.69,22.0,14.1,32.0,综合电力设备商,40.5,92.0,30.4,69.0,2020-05-28
214,857332.SI,74.4,169.0,61.23,139.0,35.2,80.0,10.13,23.0,38.3,87.0,风电设备,69.6,158.0,19.8,45.0,2020-05-28
215,857333.SI,98.2,223.0,33.04,75.0,78.9,179.0,21.59,49.0,39.6,90.0,光伏设备,91.2,207.0,79.3,180.0,2020-05-28
216,857334.SI,45.4,103.0,51.98,118.0,4.8,11.0,40.09,91.0,11.9,27.0,火电设备,3.1,7.0,2.2,5.0,2020-05-28
217,857335.SI,41.0,93.0,7.05,16.0,96.0,218.0,75.77,172.0,78.0,177.0,储能设备,94.7,215.0,99.1,225.0,2020-05-28
218,857336.SI,53.7,122.0,57.27,130.0,68.7,156.0,29.07,66.0,95.2,216.0,其它电源设备,76.7,174.0,51.5,117.0,2020-05-28
219,857341.SI,33.0,75.0,21.59,49.0,89.0,202.0,2.64,6.0,1.8,4.0,高压设备,7.5,17.0,81.5,185.0,2020-05-28
220,857342.SI,62.6,142.0,55.51,126.0,42.7,97.0,44.49,101.0,22.5,51.0,中压设备,39.6,90.0,34.8,79.0,2020-05-28
221,857343.SI,11.9,27.0,18.94,43.0,71.4,162.0,88.11,200.0,67.8,154.0,低压设备,70.0,159.0,84.6,192.0,2020-05-28
222,857344.SI,69.6,158.0,22.91,52.0,73.6,167.0,3.52,8.0,7.9,18.0,线缆部件及其他,45.8,104.0,67.4,153.0,2020-05-28
223,857411.SI,55.5,126.0,31.72,72.0,88.1,200.0,13.22,30.0,23.8,54.0,航天装备,50.2,114.0,88.1,200.0,2020-05-28
224,857421.SI,50.2,114.0,69.16,157.0,75.8,172.0,33.04,75.0,47.6,108.0,航空装备,67.8,154.0,67.8,154.0,2020-05-28
225,857431.SI,60.4,137.0,66.08,150.0,76.7,174.0,20.26,46.0,26.4,60.0,地面兵装,45.4,103.0,70.0,159.0,2020-05-28
226,858811.SI,95.2,216.0,63.0,143.0,33.9,77.0,37.0,84.0,59.0,134.0,其他交运设备,37.4,85.0,44.1,100.0,2020-05-28
