,ts_code,trade_date_x,name_x,open_x,low_x,high_x,close_x,change_x,pct_change_x,vol_x,amount_x,pe_x,pb_x,trade_date_y,name_y,open_y,low_y,high_y,close_y,change_y,pct_change_y,vol_y,amount_y,pe_y,pb_y,index_code,industry_week_rps,industry_week_rank,industry_week_change
158,850111.SI,20200413,种子生产,3309.56,3184.29,3356.82,3240.67,-75.61,-2.28,23751.0,191228.0,70.06,3.53,20200417,种子生产,3365.73,3254.1,3398.99,3278.67,-113.67,-3.35,31993.0,313402.0,70.89,3.57,850111.SI,118.0,51.98,-3.35
159,850112.SI,20200413,粮食种植,6920.96,6519.65,6961.38,6673.74,-285.32,-4.1,12045.0,142050.0,31.23,2.77,20200417,粮食种植,6818.44,6661.23,6845.16,6682.5,-202.01,-2.93,11424.0,138440.0,31.27,2.78,850112.SI,79.0,34.8,-2.93
160,850113.SI,20200413,其他种植业,1610.21,1542.58,1643.25,1560.14,-95.44,-5.76,19546.0,114177.0,273.9,2.08,20200417,其他种植业,1552.23,1531.45,1573.46,1539.26,-16.11,-1.04,14568.0,79549.0,151.29,2.06,850113.SI,38.0,16.74,-1.04
161,850121.SI,20200413,海洋捕捞,1409.92,1359.14,1419.64,1383.28,-25.69,-1.82,1176.0,9162.0,31.65,1.82,20200417,海洋捕捞,1348.47,1315.98,1353.23,1322.92,-20.32,-1.51,708.0,5555.0,30.27,1.74,850121.SI,7.0,3.08,-1.51
162,850122.SI,20200413,水产养殖,531.49,508.87,537.3,517.99,-20.11,-3.74,17522.0,56632.0,187.04,1.33,20200417,水产养殖,518.41,504.14,522.14,507.26,-9.22,-1.79,13295.0,41016.0,183.16,1.3,850122.SI,20.0,8.81,-1.79
163,850131.SI,20200413,林业,1044.69,1010.91,1054.99,1019.0,-41.0,-3.87,3951.0,13335.0,274.42,2.04,20200417,林业,1008.43,1000.46,1019.88,1001.88,-4.95,-0.49,2668.0,10149.0,269.81,2.01,850131.SI,29.0,12.78,-0.49
164,850141.SI,20200413,饲料,7473.36,7354.09,7667.42,7464.58,-238.27,-3.09,47281.0,702198.0,41.63,5.05,20200417,饲料,7472.65,7344.0,7617.81,7461.57,13.19,0.18,55538.0,758386.0,41.61,5.05,850141.SI,74.0,32.6,0.18
165,850151.SI,20200413,果蔬加工,1104.12,1046.73,1111.74,1075.96,-47.92,-4.26,6988.0,45601.0,83.63,3.08,20200417,果蔬加工,1065.46,1047.79,1078.77,1059.61,-7.74,-0.72,3229.0,20384.0,79.81,3.04,850151.SI,34.0,14.98,-0.72
166,850152.SI,20200413,粮油加工,2217.66,1995.86,2234.27,2004.4,-189.43,-8.63,10076.0,89260.0,72.89,3.62,20200417,粮油加工,1984.61,1931.45,2039.27,1966.5,-34.39,-1.72,17244.0,154854.0,71.51,3.56,850152.SI,26.0,11.45,-1.72
167,850154.SI,20200413,其他农产品加工,2475.27,2430.57,2510.24,2469.82,-12.95,-0.52,16816.0,143010.0,28.18,2.41,20200417,其他农产品加工,2490.69,2431.62,2508.89,2449.32,-33.53,-1.35,21396.0,184760.0,29.62,2.39,850154.SI,47.0,20.7,-1.35
168,850161.SI,20200413,农业综合,1695.42,1666.69,1695.42,1673.87,-39.51,-2.31,1621.0,7568.0,28.71,2.52,20200417,农业综合,1709.79,1699.02,1720.57,1702.61,-7.18,-0.42,1140.0,5429.0,29.2,2.56,850161.SI,133.0,58.59,-0.42
169,850171.SI,20200413,畜禽养殖,4672.26,4601.11,4735.65,4657.98,-135.23,-2.82,24551.0,458882.0,21.94,5.11,20200417,畜禽养殖,4576.99,4527.54,4676.48,4638.45,92.67,2.04,23958.0,575986.0,21.78,5.09,850171.SI,58.0,25.55,2.04
170,850181.SI,20200413,动物保健,6845.75,6740.36,6937.24,6860.99,7.28,0.11,5762.0,82560.0,59.62,4.1,20200417,动物保健,7265.86,7185.1,7426.33,7265.72,31.35,0.43,8271.0,136309.0,63.76,4.32,850181.SI,212.0,93.39,0.43
171,850211.SI,20200413,石油开采,229.23,226.89,230.23,227.7,-0.6,-0.26,17185.0,64111.0,18.01,0.73,20200417,石油开采,228.18,225.49,229.88,226.4,-1.17,-0.51,27784.0,91832.0,17.91,0.72,850211.SI,50.0,22.03,-0.51
172,850221.SI,20200413,煤炭开采,2142.3,2125.22,2154.65,2136.27,-11.65,-0.54,18582.0,85697.0,8.0,0.82,20200417,煤炭开采,2156.8,2145.22,2179.92,2162.57,11.87,0.55,26568.0,149347.0,8.1,0.83,850221.SI,122.0,53.74,0.55
173,850222.SI,20200413,焦炭加工,1567.93,1542.81,1595.79,1571.47,0.52,0.03,11437.0,67371.0,16.43,1.7,20200417,焦炭加工,1576.17,1559.02,1602.6,1573.84,6.05,0.39,11585.0,68965.0,19.04,1.72,850222.SI,83.0,36.56,0.39
174,850231.SI,20200413,其他采掘,645.93,634.96,653.25,641.58,-11.85,-1.81,10396.0,49716.0,19.45,1.56,20200417,其他采掘,649.85,642.11,657.48,648.03,2.01,0.31,9103.0,51230.0,19.59,1.55,850231.SI,111.0,48.9,0.31
175,850241.SI,20200413,油气钻采服务,3522.17,3446.78,3554.3,3465.11,-24.31,-0.7,15404.0,91565.0,42.27,1.3,20200417,油气钻采服务,3500.74,3462.34,3544.05,3477.48,2.89,0.08,13937.0,83466.0,42.43,1.3,850241.SI,90.0,39.65,0.08
176,850242.SI,20200413,其他采掘服务,970.77,955.81,974.27,964.2,-7.97,-0.82,210.0,2361.0,23.37,1.53,20200417,其他采掘服务,1019.42,1008.23,1039.27,1016.48,-2.37,-0.23,1086.0,10636.0,29.77,1.54,850242.SI,209.0,92.07,-0.23
177,850311.SI,20200413,石油加工,2140.37,2131.89,2184.06,2167.46,39.91,1.88,30821.0,180297.0,11.34,0.92,20200417,石油加工,2164.66,2139.61,2191.66,2169.26,19.81,0.92,35988.0,182458.0,11.35,0.92,850311.SI,76.0,33.48,0.92
178,850313.SI,20200413,石油贸易,1845.29,1760.3,1870.57,1798.11,-30.61,-1.67,5392.0,33266.0,22.78,1.58,20200417,石油贸易,1771.45,1732.65,1788.69,1745.22,-17.6,-1.0,4763.0,43797.0,22.19,1.54,850313.SI,12.0,5.29,-1.0
179,850321.SI,20200413,纯碱,1500.58,1492.73,1526.83,1515.82,8.87,0.59,12058.0,25885.0,12.97,0.94,20200417,纯碱,1520.47,1511.51,1531.49,1514.01,-9.6,-0.63,11785.0,30392.0,13.13,0.95,850321.SI,70.0,30.84,-0.63
180,850322.SI,20200413,氯碱,1239.64,1224.29,1261.62,1245.13,-1.47,-0.12,13888.0,87564.0,18.02,1.18,20200417,氯碱,1246.11,1235.9,1270.17,1253.47,14.8,1.2,18730.0,151603.0,18.15,1.19,850322.SI,99.0,43.61,1.2
181,850323.SI,20200413,无机盐,6419.7,6198.5,6496.06,6271.74,-177.66,-2.75,8105.0,69425.0,35.69,3.03,20200417,无机盐,6551.71,6522.94,6813.02,6638.18,132.75,2.04,7425.0,76842.0,37.92,3.22,850323.SI,211.0,92.95,2.04
182,850324.SI,20200413,其他化学原料,1939.57,1910.77,2001.67,1980.99,52.14,2.7,8408.0,116894.0,25.76,2.14,20200417,其他化学原料,1978.37,1951.43,2009.06,1973.11,8.47,0.43,5703.0,89379.0,25.4,2.11,850324.SI,61.0,26.87,0.43
183,850331.SI,20200413,氮肥,3430.21,3378.8,3507.51,3466.9,40.23,1.17,10322.0,72864.0,12.35,1.4,20200417,氮肥,3464.56,3424.47,3516.1,3442.45,-1.4,-0.04,10127.0,83869.0,11.96,1.36,850331.SI,48.0,21.15,-0.04
184,850332.SI,20200413,磷肥,675.74,663.43,682.08,673.42,-3.59,-0.53,2418.0,11951.0,32.5,1.5,20200417,磷肥,670.51,661.88,676.34,662.67,-6.2,-0.93,2212.0,10775.0,32.09,1.47,850332.SI,32.0,14.1,-0.93
185,850333.SI,20200413,农药,3001.43,2980.46,3140.87,3086.94,125.7,4.24,40161.0,420138.0,24.24,2.03,20200417,农药,3108.81,3055.19,3143.58,3074.08,-32.22,-1.04,24210.0,240346.0,23.69,2.02,850333.SI,59.0,25.99,-1.04
186,850334.SI,20200413,日用化学产品,3652.97,3587.7,3729.49,3668.86,0.21,0.01,8028.0,94073.0,29.99,1.96,20200417,日用化学产品,3699.83,3649.13,3781.05,3722.41,50.94,1.39,7204.0,105029.0,29.01,1.87,850334.SI,128.0,56.39,1.39
187,850335.SI,20200413,涂料油漆油墨制造,4658.41,4590.94,4785.28,4698.91,27.63,0.59,4960.0,112602.0,41.03,2.83,20200417,涂料油漆油墨制造,4769.84,4701.87,4878.39,4779.86,34.1,0.72,8512.0,173533.0,42.77,2.95,850335.SI,134.0,59.03,0.72
188,850336.SI,20200413,钾肥,3339.82,3288.11,3372.13,3347.51,2.83,0.08,3345.0,25203.0,197.21,2.77,20200417,钾肥,3286.01,3214.87,3291.08,3228.48,-19.36,-0.6,4361.0,32655.0,190.2,2.67,850336.SI,8.0,3.52,-0.6
189,850337.SI,20200413,民爆用品,1935.97,1883.38,1958.63,1924.17,-21.3,-1.09,9352.0,97489.0,39.96,2.34,20200417,民爆用品,1976.7,1949.01,2001.92,1971.46,10.76,0.55,10615.0,102577.0,41.04,2.4,850337.SI,151.0,66.52,0.55
190,850338.SI,20200413,纺织化学用品,2347.64,2326.48,2387.93,2356.2,-0.78,-0.03,5475.0,52620.0,8.93,1.62,20200417,纺织化学用品,2356.95,2344.64,2391.74,2358.92,13.7,0.58,9523.0,90075.0,8.98,1.63,850338.SI,78.0,34.36,0.58
191,850339.SI,20200413,其他化学制品,1262.91,1228.72,1285.76,1257.94,-18.02,-1.41,77631.0,952859.0,29.37,2.32,20200417,其他化学制品,1300.56,1284.45,1335.88,1305.88,14.79,1.15,96504.0,1306251.0,31.74,2.41,850339.SI,186.0,81.94,1.15
192,850341.SI,20200413,涤纶,3977.14,3956.85,4086.6,4006.23,65.86,1.67,25468.0,232299.0,17.23,1.96,20200417,涤纶,4152.57,4099.32,4266.48,4170.29,28.28,0.68,51090.0,347590.0,15.4,2.0,850341.SI,189.0,83.26,0.68
193,850342.SI,20200413,维纶,1850.88,1815.95,1875.82,1860.85,9.98,0.54,2173.0,8061.0,18.66,1.4,20200417,维纶,1815.95,1805.98,1840.9,1820.94,9.98,0.55,2304.0,8413.0,18.26,1.37,850342.SI,17.0,7.49,0.55
194,850343.SI,20200413,粘胶,1803.07,1797.31,1935.42,1907.68,137.83,7.79,14402.0,54674.0,75.86,1.57,20200417,粘胶,1845.56,1794.06,1882.17,1815.02,-20.8,-1.13,13003.0,42005.0,72.04,1.52,850343.SI,4.0,1.76,-1.13
195,850344.SI,20200413,其他纤维,1579.37,1527.26,1618.08,1561.08,-32.06,-2.01,4758.0,57261.0,35.9,3.94,20200417,其他纤维,1605.81,1601.4,1644.51,1625.82,24.19,1.51,2033.0,40017.0,37.39,4.11,850344.SI,190.0,83.7,1.51
196,850345.SI,20200413,氨纶,1650.2,1634.33,1690.01,1680.1,26.03,1.57,1879.0,12755.0,40.25,1.85,20200417,氨纶,1839.31,1781.48,1855.38,1794.18,-39.47,-2.15,4395.0,28290.0,42.98,1.98,850345.SI,216.0,95.15,-2.15
197,850351.SI,20200413,其他塑料制品,2631.36,2585.37,2716.59,2671.51,37.56,1.43,18203.0,127453.0,62.22,1.38,20200417,其他塑料制品,2737.35,2671.23,2796.4,2717.13,-18.86,-0.69,27598.0,179313.0,64.5,1.41,850351.SI,132.0,58.15,-0.69
198,850352.SI,20200413,合成革,6522.87,6427.87,6642.58,6533.61,-33.98,-0.52,1502.0,13358.0,80.9,2.63,20200417,合成革,6436.86,6340.34,6469.94,6401.05,-14.07,-0.22,1187.0,10072.0,79.18,2.57,850352.SI,22.0,9.69,-0.22
199,850353.SI,20200413,改性塑料,3240.86,3153.22,3463.98,3385.7,201.46,6.33,32694.0,615027.0,40.33,3.61,20200417,改性塑料,3260.72,3169.76,3324.51,3216.41,-31.39,-0.97,17609.0,356522.0,36.34,3.24,850353.SI,3.0,1.32,-0.97
200,850361.SI,20200413,轮胎,2460.61,2438.81,2494.4,2473.41,9.32,0.38,3454.0,20501.0,16.06,1.48,20200417,轮胎,2513.92,2502.36,2561.25,2535.46,18.25,0.73,5111.0,35997.0,15.98,1.5,850361.SI,153.0,67.4,0.73
201,850362.SI,20200413,其他橡胶制品,3802.45,3755.78,3894.26,3850.93,8.22,0.21,2104.0,27546.0,26.19,2.48,20200417,其他橡胶制品,3951.95,3916.41,4049.62,3961.36,18.13,0.46,4074.0,47549.0,27.0,2.56,850362.SI,165.0,72.69,0.46
202,850363.SI,20200413,炭黑,2120.86,2088.48,2186.71,2137.84,1.12,0.05,1429.0,6191.0,78.31,1.21,20200417,炭黑,2151.75,2128.03,2174.67,2133.14,-23.06,-1.07,1892.0,7970.0,78.14,1.2,850363.SI,68.0,29.96,-1.07
203,850372.SI,20200413,聚氨酯,9709.9,9584.73,9843.52,9653.51,-106.5,-1.09,5372.0,83649.0,13.97,2.69,20200417,聚氨酯,9760.23,9731.3,10101.07,10010.18,349.66,3.62,8240.0,165714.0,14.5,2.79,850372.SI,179.0,78.85,3.62
204,850373.SI,20200413,玻纤,11639.85,11480.79,11809.33,11695.61,-30.29,-0.26,7880.0,85286.0,14.93,1.86,20200417,玻纤,12001.7,11889.61,12335.09,12079.38,146.91,1.23,12562.0,136858.0,15.41,1.92,850373.SI,172.0,75.77,1.23
205,850381.SI,20200413,复合肥,2995.59,2947.48,3125.75,3074.71,67.58,2.25,24350.0,99721.0,27.15,1.3,20200417,复合肥,3025.81,2977.91,3057.37,2999.9,-20.32,-0.67,15653.0,67223.0,26.49,1.27,850381.SI,14.0,6.17,-0.67
206,850382.SI,20200413,氟化工及制冷剂,2212.51,2176.07,2241.7,2215.36,-16.84,-0.75,5654.0,56906.0,26.05,2.03,20200417,氟化工及制冷剂,2322.91,2287.42,2357.46,2318.05,60.87,2.7,9825.0,109277.0,29.57,2.13,850382.SI,197.0,86.78,2.7
207,850383.SI,20200413,磷化工及磷酸盐,1402.62,1363.96,1424.14,1379.37,-33.68,-2.38,7051.0,44474.0,32.83,1.49,20200417,磷化工及磷酸盐,1368.68,1342.5,1380.09,1347.1,-20.52,-1.5,4930.0,35665.0,32.06,1.46,850383.SI,15.0,6.61,-1.5
208,850411.SI,20200413,普钢,2146.65,2135.07,2170.3,2159.7,11.48,0.53,43625.0,164330.0,8.46,0.73,20200417,普钢,2151.37,2137.44,2167.56,2153.37,9.91,0.46,53115.0,200767.0,8.68,0.73,850411.SI,65.0,28.63,0.46
209,850412.SI,20200413,特钢,2217.49,2197.9,2281.88,2237.81,7.77,0.35,12916.0,131380.0,14.31,1.73,20200417,特钢,2342.37,2276.74,2382.07,2295.52,-38.99,-1.67,22186.0,262944.0,14.67,1.77,850412.SI,155.0,68.28,-1.67
210,850521.SI,20200413,金属新材料,2763.48,2704.55,2776.86,2715.97,-63.62,-2.29,12167.0,70751.0,22.85,2.05,20200417,金属新材料,2749.61,2728.07,2792.4,2747.48,12.85,0.47,15455.0,93972.0,23.08,2.07,850521.SI,117.0,51.54,0.47
211,850522.SI,20200413,磁性材料,4249.51,4180.46,4300.5,4224.91,-69.5,-1.62,10644.0,104410.0,39.94,2.41,20200417,磁性材料,4322.32,4303.01,4503.92,4423.56,122.58,2.85,29643.0,269565.0,43.3,2.52,850522.SI,200.0,88.11,2.85
212,850523.SI,20200413,非金属新材料,2729.43,2688.76,2758.16,2717.15,-35.31,-1.28,5762.0,69123.0,14.47,2.1,20200417,非金属新材料,2774.78,2759.06,2833.75,2790.0,26.52,0.96,9526.0,117733.0,14.72,2.15,850523.SI,160.0,70.48,0.96
213,850531.SI,20200413,黄金,7109.92,7032.88,7255.86,7192.32,64.43,0.9,46254.0,446606.0,45.34,2.68,20200417,黄金,7396.99,7188.15,7429.24,7261.4,-256.17,-3.41,67907.0,658940.0,44.47,2.69,850531.SI,110.0,48.46,-3.41
214,850541.SI,20200413,稀土,3956.09,3929.11,4077.55,4016.73,44.0,1.11,9577.0,105732.0,65.55,3.44,20200417,稀土,3938.92,3924.91,4007.34,3948.61,15.4,0.39,8012.0,79117.0,64.43,3.38,850541.SI,28.0,12.33,0.39
215,850542.SI,20200413,钨,5088.91,5004.22,5200.9,5036.34,-102.59,-2.0,1875.0,16553.0,92.49,2.12,20200417,钨,5030.57,4988.57,5084.45,5011.89,39.48,0.79,2186.0,18924.0,65.35,2.07,850542.SI,55.0,24.23,0.79
216,850543.SI,20200413,锂,28403.64,27730.29,28608.84,27939.28,-901.53,-3.13,5646.0,167148.0,67.91,3.53,20200417,锂,30854.66,30338.32,31811.05,30659.5,358.87,1.18,12647.0,407058.0,74.52,3.87,850543.SI,223.0,98.24,1.18
217,850544.SI,20200413,其他稀有小金属,6605.67,6492.85,6633.65,6556.05,-74.4,-1.12,16598.0,174844.0,48.56,1.84,20200417,其他稀有小金属,6729.6,6670.82,6826.6,6707.87,-3.16,-0.05,28071.0,336608.0,45.5,1.85,850544.SI,148.0,65.2,-0.05
218,850551.SI,20200413,铝,1745.15,1724.27,1756.83,1740.56,-4.88,-0.28,19605.0,86242.0,17.07,0.96,20200417,铝,1786.71,1760.88,1801.82,1772.44,-10.34,-0.58,38056.0,187280.0,17.37,0.98,850551.SI,137.0,60.35,-0.58
219,850552.SI,20200413,铜,2428.84,2399.09,2456.6,2438.74,8.61,0.35,14147.0,94927.0,24.58,1.32,20200417,铜,2444.82,2424.37,2477.02,2436.67,-2.32,-0.1,21690.0,144363.0,24.4,1.31,850552.SI,72.0,31.72,-0.1
220,850553.SI,20200413,铅锌,1850.07,1833.75,1869.25,1850.9,-10.18,-0.55,11180.0,63625.0,25.32,1.67,20200417,铅锌,1883.29,1853.57,1900.62,1861.84,-18.64,-0.99,16162.0,96591.0,25.47,1.68,850553.SI,95.0,41.85,-0.99
221,850611.SI,20200413,玻璃制造,4732.33,4638.11,4763.95,4695.29,-42.17,-0.89,5872.0,44525.0,22.36,1.76,20200417,玻璃制造,4843.14,4779.64,4924.97,4814.46,30.37,0.63,9885.0,90447.0,22.93,1.8,850611.SI,154.0,67.84,0.63
222,850612.SI,20200413,水泥制造,8697.14,8633.05,9053.69,8941.83,204.76,2.34,41944.0,693767.0,9.76,1.71,20200417,水泥制造,8753.55,8700.26,9074.85,8895.16,192.72,2.21,54076.0,838133.0,9.65,1.69,850612.SI,53.0,23.35,2.21
223,850614.SI,20200413,其他建材,6984.37,6906.09,7304.1,7222.61,198.88,2.83,27391.0,349630.0,37.98,3.38,20200417,其他建材,7141.02,7036.5,7377.91,7183.45,40.98,0.57,32697.0,382573.0,37.68,3.36,850614.SI,52.0,22.91,0.57
224,850615.SI,20200413,耐火材料,3647.63,3575.24,3659.99,3601.27,-54.83,-1.5,1686.0,8233.0,14.49,1.51,20200417,耐火材料,3628.27,3586.3,3666.23,3606.36,-2.38,-0.07,2427.0,13259.0,14.51,1.51,850615.SI,80.0,35.24,-0.07
225,850616.SI,20200413,管材,4977.97,4920.71,5081.91,5008.75,11.15,0.22,4480.0,31953.0,26.03,2.31,20200417,管材,5044.98,4988.26,5154.32,5065.91,39.95,0.79,6528.0,49151.0,26.81,2.31,850616.SI,116.0,51.1,0.79
226,850623.SI,20200413,房屋建设,3287.18,3267.09,3305.79,3277.56,-26.61,-0.81,12335.0,81430.0,6.58,1.01,20200417,房屋建设,3337.84,3312.64,3410.23,3365.11,51.14,1.54,42210.0,264533.0,7.22,1.07,850623.SI,158.0,69.6,1.54
227,850711.SI,20200413,机床工具,990.59,972.67,1003.09,986.43,-9.59,-0.96,4178.0,41503.0,75.58,2.01,20200417,机床工具,988.22,977.15,1000.71,988.87,3.32,0.34,5055.0,51769.0,75.82,2.03,850711.SI,85.0,37.44,0.34
228,850712.SI,20200413,机械基础件,2202.87,2159.81,2266.9,2227.03,15.76,0.71,21150.0,164691.0,46.43,2.35,20200417,机械基础件,2251.03,2216.31,2314.74,2253.29,-5.96,-0.26,58890.0,289036.0,46.93,2.39,850712.SI,120.0,52.86,-0.26
229,850713.SI,20200413,磨具磨料,1400.94,1376.6,1444.26,1428.51,14.08,1.0,7256.0,54302.0,87.36,1.66,20200417,磨具磨料,1403.9,1380.58,1417.58,1383.8,-16.62,-1.19,6291.0,39412.0,84.62,1.62,850713.SI,10.0,4.41,-1.19
230,850714.SI,20200413,内燃机,2861.56,2828.52,2934.69,2904.64,31.75,1.11,2942.0,22340.0,57.01,1.23,20200417,内燃机,3049.9,3026.39,3156.45,3110.03,51.14,1.67,6324.0,33090.0,61.05,1.32,850714.SI,219.0,96.48,1.67
231,850715.SI,20200413,制冷空调设备,5855.29,5797.58,5966.22,5900.27,45.06,0.77,3935.0,44491.0,23.95,1.7,20200417,制冷空调设备,6014.49,5961.17,6216.45,6103.63,102.56,1.71,7979.0,85548.0,24.7,1.76,850715.SI,175.0,77.09,1.71
232,850716.SI,20200413,其它通用机械,4129.86,4042.57,4166.56,4091.97,-62.68,-1.51,17930.0,188096.0,31.88,2.17,20200417,其它通用机械,4143.95,4104.65,4216.87,4148.1,20.96,0.51,19790.0,187279.0,32.27,2.2,850716.SI,125.0,55.07,0.51
233,850721.SI,20200413,纺织服装设备,1304.21,1283.53,1314.84,1297.17,-7.73,-0.59,2198.0,9368.0,26.15,1.52,20200417,纺织服装设备,1303.06,1285.51,1313.94,1294.51,-5.72,-0.44,1901.0,9920.0,26.09,1.51,850721.SI,69.0,30.4,-0.44
234,850722.SI,20200413,工程机械,11461.73,11311.02,11941.24,11682.86,447.4,3.98,61535.0,558498.0,14.92,2.19,20200417,工程机械,11502.56,11409.9,11832.2,11646.81,236.49,2.07,57184.0,459094.0,14.86,2.18,850722.SI,63.0,27.75,2.07
235,850723.SI,20200413,农用机械,1815.98,1789.03,1848.06,1825.89,87.54,5.04,5314.0,61644.0,560.77,2.08,20200417,农用机械,1757.05,1733.92,1777.06,1738.92,-23.64,-1.34,1813.0,17287.0,546.27,2.03,850723.SI,5.0,2.2,-1.34
236,850724.SI,20200413,重型机械,1597.24,1583.04,1662.52,1640.72,36.63,2.28,10564.0,36813.0,51.58,1.31,20200417,重型机械,1618.93,1606.75,1652.74,1621.98,5.13,0.32,10424.0,33106.0,50.86,1.29,850724.SI,42.0,18.5,0.32
237,850725.SI,20200413,冶金矿采化工设备,1244.03,1224.36,1272.53,1244.49,-3.81,-0.31,20719.0,175155.0,28.86,1.66,20200417,冶金矿采化工设备,1254.59,1239.14,1277.24,1254.52,5.05,0.4,35132.0,191100.0,29.31,1.69,850725.SI,101.0,44.49,0.4
238,850726.SI,20200413,印刷包装机械,1314.55,1294.48,1332.16,1311.08,-7.26,-0.55,1780.0,14396.0,85.28,1.36,20200417,印刷包装机械,1296.33,1282.85,1312.88,1291.26,0.57,0.04,2010.0,15509.0,83.61,1.34,850726.SI,35.0,15.42,0.04
239,850727.SI,20200413,其它专用机械,7899.46,7709.89,8046.29,7890.67,-58.04,-0.73,46161.0,590680.0,47.83,2.94,20200417,其它专用机械,8109.05,7973.13,8350.13,8101.49,59.06,0.73,60501.0,890423.0,49.91,3.02,850727.SI,159.0,70.04,0.73
240,850728.SI,20200413,楼宇设备,11307.87,11064.28,11474.84,11243.08,-167.06,-1.46,11138.0,76471.0,29.08,1.47,20200417,楼宇设备,11364.77,11255.48,11555.15,11365.26,62.84,0.56,15230.0,97581.0,29.58,1.49,850728.SI,114.0,50.22,0.56
241,850729.SI,20200413,环保设备,9094.15,8920.91,9205.7,9124.83,18.11,0.2,3231.0,35076.0,18.85,1.88,20200417,环保设备,9326.9,9170.42,9445.07,9217.34,-110.95,-1.19,5938.0,55570.0,18.27,1.91,850729.SI,112.0,49.34,-1.19
242,850731.SI,20200413,仪器仪表,3038.02,2964.51,3099.18,3034.51,-11.58,-0.38,18942.0,201556.0,40.56,3.25,20200417,仪器仪表,3157.94,3110.79,3224.3,3144.5,9.06,0.29,22042.0,301509.0,40.87,3.36,850731.SI,177.0,77.97,0.29
243,850741.SI,20200413,电机,3999.61,3898.62,4017.49,3945.7,-90.4,-2.24,8995.0,74097.0,28.06,1.55,20200417,电机,4158.27,4083.69,4245.26,4152.4,9.86,0.24,17597.0,130392.0,28.93,1.64,850741.SI,205.0,90.31,0.24
244,850751.SI,20200413,金属制品,2718.04,2677.49,2748.72,2707.72,-16.36,-0.6,8146.0,50742.0,33.34,1.17,20200417,金属制品,2746.59,2710.86,2807.39,2737.09,-1.69,-0.06,16849.0,112431.0,33.47,1.17,850751.SI,113.0,49.78,-0.06
245,850811.SI,20200413,集成电路,4021.83,3891.72,4079.72,3957.45,-125.58,-3.08,46062.0,1378683.0,115.8,4.7,20200417,集成电路,4304.38,4259.05,4479.46,4321.32,100.17,2.37,105235.0,2955128.0,124.04,5.08,850811.SI,222.0,97.8,2.37
246,850812.SI,20200413,分立器件,1731.0,1684.08,1751.29,1712.12,-30.07,-1.73,7599.0,114266.0,73.38,3.68,20200417,分立器件,1815.02,1795.63,1889.47,1829.54,44.76,2.51,16886.0,310929.0,76.62,3.92,850812.SI,217.0,95.59,2.51
247,850813.SI,20200413,半导体材料,4003.9,3889.4,4103.49,3981.75,-59.66,-1.48,4910.0,185233.0,168.32,9.19,20200417,半导体材料,4390.84,4362.33,4591.56,4513.73,252.68,5.93,7844.0,410811.0,190.8,10.42,850813.SI,226.0,99.56,5.93
248,850822.SI,20200413,印制电路板,4639.78,4494.66,4679.18,4576.63,-120.41,-2.56,24812.0,503972.0,41.15,5.06,20200417,印制电路板,4822.12,4785.55,4966.92,4851.49,97.2,2.04,43983.0,980544.0,43.59,5.36,850822.SI,213.0,93.83,2.04
249,850823.SI,20200413,被动元件,4034.0,3926.75,4057.22,3989.44,-78.37,-1.93,15367.0,224249.0,36.64,2.92,20200417,被动元件,4234.39,4177.58,4315.81,4213.49,16.48,0.39,23544.0,393379.0,38.76,3.1,850823.SI,210.0,92.51,0.39
250,850831.SI,20200413,显示器件,1065.2,1044.67,1071.32,1051.73,-23.52,-2.19,90230.0,484392.0,34.36,1.6,20200417,显示器件,1089.4,1080.81,1116.39,1091.8,13.11,1.22,194785.0,1022155.0,35.74,1.68,850831.SI,185.0,81.5,1.22
251,850832.SI,20200413,LED,1720.94,1678.63,1735.74,1702.82,-38.63,-2.22,30185.0,286838.0,35.23,2.41,20200417,LED,1755.01,1735.49,1791.0,1747.1,10.91,0.63,40407.0,428010.0,36.09,2.48,850832.SI,157.0,69.16,0.63
252,850833.SI,20200413,光学元件,3281.57,3209.39,3308.7,3255.18,-85.55,-2.56,12246.0,174996.0,91.34,3.79,20200417,光学元件,3559.63,3457.32,3593.39,3482.13,-19.14,-0.55,31490.0,465218.0,91.68,4.05,850833.SI,218.0,96.04,-0.55
253,850841.SI,20200413,其他电子,5139.08,5001.44,5233.63,5119.55,-87.71,-1.68,35162.0,499417.0,41.94,3.3,20200417,其他电子,5327.7,5280.81,5455.75,5339.74,58.59,1.11,36815.0,671837.0,43.19,3.4,850841.SI,193.0,85.02,1.11
254,850851.SI,20200413,电子系统组装,2898.37,2843.14,2930.97,2883.68,-57.44,-1.95,29686.0,513487.0,25.54,4.3,20200417,电子系统组装,3029.31,3005.67,3105.74,3038.72,47.3,1.58,52987.0,1020929.0,26.34,4.51,850851.SI,208.0,91.63,1.58
255,850852.SI,20200413,电子零部件制造,7612.06,7381.25,7720.81,7500.68,-274.58,-3.53,68949.0,1261977.0,50.58,5.13,20200417,电子零部件制造,8034.13,7906.85,8203.91,7988.09,126.76,1.61,97558.0,1875636.0,53.47,5.44,850852.SI,215.0,94.71,1.61
256,850911.SI,20200413,乘用车,5067.92,5012.56,5147.51,5104.61,6.15,0.12,19213.0,191168.0,17.55,1.21,20200417,乘用车,5265.26,5166.34,5311.27,5199.55,-29.72,-0.57,20023.0,237202.0,19.77,1.22,850911.SI,138.0,60.79,-0.57
257,850912.SI,20200413,商用载货车,2362.11,2343.93,2416.67,2388.9,17.74,0.75,5165.0,34791.0,28.84,1.11,20200417,商用载货车,2360.65,2335.64,2386.23,2342.27,-6.85,-0.29,5756.0,29002.0,28.28,1.09,850912.SI,23.0,10.13,-0.29
258,850913.SI,20200413,商用载客车,5077.71,4942.77,5096.19,4993.32,-99.46,-1.95,11760.0,60517.0,19.95,1.53,20200417,商用载客车,5129.56,5034.33,5197.8,5088.05,-19.39,-0.38,11227.0,70052.0,20.33,1.56,850913.SI,139.0,61.23,-0.38
259,850921.SI,20200413,汽车零部件,4274.59,4192.62,4365.93,4282.65,-40.19,-0.93,129279.0,1054921.0,18.16,1.68,20200417,汽车零部件,4387.57,4319.51,4469.49,4374.74,22.74,0.52,150192.0,1383191.0,18.49,1.71,850921.SI,144.0,63.44,0.52
260,850935.SI,20200413,船舶制造,1982.99,1969.4,2024.93,2001.76,1.02,0.05,24668.0,155447.0,86.45,1.39,20200417,船舶制造,2004.89,1979.05,2011.83,1984.57,-14.24,-0.71,17084.0,112435.0,86.38,1.38,850935.SI,46.0,20.26,-0.71
261,850936.SI,20200413,铁路设备,6436.15,6392.99,6529.02,6465.87,-4.57,-0.07,11594.0,75031.0,17.47,1.35,20200417,铁路设备,6483.83,6444.36,6714.0,6612.15,166.36,2.58,34300.0,228009.0,17.81,1.38,850936.SI,146.0,64.32,2.58
262,850941.SI,20200413,汽车服务,668.21,651.99,673.27,659.09,-14.73,-2.19,11641.0,58360.0,20.55,1.3,20200417,汽车服务,659.44,645.46,666.49,651.52,-3.71,-0.57,14653.0,129593.0,20.2,1.27,850941.SI,41.0,18.06,-0.57
263,851012.SI,20200413,终端设备,1759.37,1711.99,1786.58,1736.39,-42.18,-2.37,33775.0,419339.0,37.93,3.11,20200417,终端设备,1825.32,1789.02,1874.99,1806.04,-10.11,-0.56,42637.0,608872.0,39.23,3.2,851012.SI,188.0,82.82,-0.56
264,851013.SI,20200413,通信传输设备,2764.25,2698.73,2795.8,2736.53,-58.08,-2.08,47464.0,829118.0,36.3,3.46,20200417,通信传输设备,2836.29,2800.1,2890.51,2819.48,13.08,0.47,69246.0,1345898.0,38.12,3.27,851013.SI,170.0,74.89,0.47
265,851014.SI,20200413,通信配套服务,999.42,961.57,1011.8,973.88,-41.32,-4.07,61234.0,660092.0,44.18,2.64,20200417,通信配套服务,1001.32,986.98,1031.14,1000.97,1.74,0.17,60121.0,722459.0,45.29,2.73,851014.SI,163.0,71.81,0.17
266,851021.SI,20200413,计算机设备,3150.77,3052.2,3183.84,3087.04,-96.68,-3.04,53722.0,914679.0,53.4,3.14,20200417,计算机设备,3264.79,3198.21,3342.42,3230.83,18.01,0.56,130822.0,1867738.0,57.23,3.28,851021.SI,198.0,87.22,0.56
267,851111.SI,20200413,冰箱,2417.87,2404.97,2489.96,2465.22,20.59,0.84,13671.0,117902.0,11.88,1.94,20200417,冰箱,2398.15,2381.54,2432.28,2391.52,2.93,0.12,23300.0,153497.0,11.4,1.88,851111.SI,11.0,4.85,0.12
268,851112.SI,20200413,空调,34078.67,33938.91,35043.71,34649.49,1069.46,3.18,15178.0,655845.0,13.57,3.44,20200417,空调,34296.95,33929.53,34466.41,34140.92,113.04,0.33,10337.0,442568.0,13.39,3.39,851112.SI,36.0,15.86,0.33
269,851113.SI,20200413,洗衣机,9592.57,9020.38,9794.52,9070.87,-925.6,-9.26,2673.0,14796.0,,1.03,20200417,洗衣机,9070.87,8767.95,9171.84,8784.77,-353.41,-3.87,1384.0,7332.0,,1.0,851113.SI,9.0,3.96,-3.87
270,851114.SI,20200413,小家电,6361.29,6270.99,6537.51,6432.72,32.99,0.52,11814.0,140581.0,22.47,3.84,20200417,小家电,6469.09,6398.78,6597.91,6503.67,53.25,0.83,8794.0,135700.0,22.58,3.86,851114.SI,115.0,50.66,0.83
271,851115.SI,20200413,家电零部件,948.33,922.23,959.95,938.59,-19.38,-2.02,22318.0,156548.0,39.08,2.98,20200417,家电零部件,1028.94,1004.36,1050.64,1008.85,-11.42,-1.12,25188.0,208512.0,41.96,3.23,851115.SI,220.0,96.92,-1.12
272,851121.SI,20200413,彩电,1204.04,1178.97,1219.07,1198.62,-25.12,-2.05,22637.0,141665.0,37.5,1.31,20200417,彩电,1200.71,1178.17,1238.42,1191.89,0.52,0.04,37989.0,222254.0,37.28,1.3,851121.SI,51.0,22.47,0.04
273,851122.SI,20200413,其它视听器材,1409.33,1384.42,1420.94,1392.96,-29.99,-2.11,3698.0,22881.0,33.33,2.49,20200417,其它视听器材,1422.48,1394.45,1464.68,1424.61,9.47,0.67,5847.0,44079.0,34.09,2.55,851122.SI,147.0,64.76,0.67
274,851231.SI,20200413,白酒,40237.95,39755.63,40664.51,40275.69,-131.4,-0.33,8563.0,661372.0,31.66,8.24,20200417,白酒,41325.98,41119.56,42194.56,41789.32,853.64,2.09,16711.0,1297541.0,32.87,8.55,851231.SI,181.0,79.74,2.09
275,851232.SI,20200413,啤酒,3205.96,3145.79,3267.96,3217.39,8.91,0.28,3318.0,69262.0,43.6,2.77,20200417,啤酒,3181.63,3128.68,3213.48,3155.84,-20.41,-0.64,3054.0,57682.0,42.22,2.72,851232.SI,25.0,11.01,-0.64
276,851233.SI,20200413,其他酒类,2342.37,2306.28,2389.62,2354.19,8.04,0.34,392.0,8826.0,55.51,4.89,20200417,其他酒类,2247.49,2206.6,2265.91,2213.2,-15.77,-0.71,590.0,13471.0,52.19,4.6,851233.SI,2.0,0.88,-0.71
277,851234.SI,20200413,软饮料,2114.01,2067.12,2127.88,2089.25,-25.99,-1.23,10249.0,45724.0,25.22,2.09,20200417,软饮料,2076.56,2068.57,2105.23,2087.76,17.32,0.84,6398.0,35079.0,25.1,2.08,851234.SI,73.0,32.16,0.84
278,851235.SI,20200413,葡萄酒,1510.75,1480.41,1518.73,1496.21,-19.49,-1.29,1630.0,7791.0,35.08,1.56,20200417,葡萄酒,1507.65,1486.38,1520.53,1492.58,-5.48,-0.37,1760.0,9233.0,34.87,1.55,851235.SI,67.0,29.52,-0.37
279,851236.SI,20200413,黄酒,646.4,635.06,651.1,638.67,-10.6,-1.63,873.0,4935.0,37.53,1.31,20200417,黄酒,643.19,637.75,648.3,639.86,-0.47,-0.07,799.0,4699.0,36.78,1.31,851236.SI,84.0,37.0,-0.07
280,851241.SI,20200413,肉制品,8780.05,8589.25,8989.58,8799.72,-30.23,-0.34,13400.0,146956.0,28.05,5.21,20200417,肉制品,8801.43,8646.66,8904.71,8684.96,-102.35,-1.16,13220.0,140492.0,27.68,5.14,851241.SI,40.0,17.62,-1.16
281,851242.SI,20200413,调味发酵品,8396.52,8173.86,8433.33,8382.8,-28.92,-0.34,16491.0,154837.0,48.18,6.11,20200417,调味发酵品,8355.99,8219.33,8467.1,8272.8,-11.08,-0.13,19142.0,245587.0,46.72,5.92,851242.SI,39.0,17.18,-0.13
282,851243.SI,20200413,乳品,10029.33,9815.1,10076.01,9959.46,-86.64,-0.86,36114.0,276772.0,28.1,6.06,20200417,乳品,10007.38,9904.02,10105.25,9956.31,33.02,0.33,33293.0,301252.0,27.98,6.06,851243.SI,75.0,33.04,0.33
283,851244.SI,20200413,食品综合,4057.6,3967.41,4153.66,4079.5,10.03,0.25,22622.0,386638.0,48.5,4.03,20200417,食品综合,4114.65,4012.86,4177.87,4052.54,-71.27,-1.73,21766.0,438452.0,48.32,4.09,851244.SI,49.0,21.59,-1.73
284,851311.SI,20200413,毛纺,1205.97,1189.28,1227.13,1217.28,8.1,0.67,1461.0,5814.0,29.62,1.47,20200417,毛纺,1208.18,1196.13,1216.22,1199.8,-2.63,-0.22,1234.0,4951.0,29.15,1.45,851311.SI,37.0,16.3,-0.22
285,851312.SI,20200413,棉纺,2192.56,2166.7,2261.68,2243.34,40.29,1.83,18768.0,92365.0,13.65,1.13,20200417,棉纺,2198.72,2177.12,2224.94,2195.75,-3.51,-0.16,11182.0,56395.0,13.36,1.1,851312.SI,19.0,8.37,-0.16
286,851313.SI,20200413,丝绸,2439.74,2404.21,2461.59,2428.78,-30.08,-1.22,622.0,3606.0,28.48,1.88,20200417,丝绸,2445.19,2420.96,2473.24,2432.26,-8.23,-0.34,765.0,4414.0,28.77,1.85,851313.SI,82.0,36.12,-0.34
287,851314.SI,20200413,印染,1813.99,1788.44,1873.48,1871.24,54.35,2.99,4924.0,23257.0,18.03,1.61,20200417,印染,1769.11,1734.07,1791.88,1742.43,-45.04,-2.52,5474.0,21258.0,16.79,1.5,851314.SI,1.0,0.44,-2.52
288,851315.SI,20200413,辅料,2410.48,2384.31,2441.31,2408.89,-29.27,-1.2,1319.0,11465.0,20.05,1.77,20200417,辅料,2368.89,2351.09,2391.62,2356.76,-12.58,-0.53,1118.0,8781.0,19.73,1.74,851315.SI,16.0,7.05,-0.53
289,851316.SI,20200413,其他纺织,1959.27,1926.25,2027.54,2003.9,69.64,3.6,11267.0,117864.0,96.91,3.65,20200417,其他纺织,2092.19,2078.47,2226.1,2187.81,80.53,3.82,18737.0,250913.0,106.77,4.01,851316.SI,221.0,97.36,3.82
290,851322.SI,20200413,男装,1548.43,1526.42,1588.98,1571.53,23.96,1.55,14889.0,65050.0,14.51,1.65,20200417,男装,1627.75,1593.63,1644.27,1609.23,-16.61,-1.02,9780.0,60324.0,14.81,1.69,851322.SI,149.0,65.64,-1.02
291,851323.SI,20200413,女装,1129.54,1097.46,1157.32,1132.11,-0.22,-0.02,5725.0,56235.0,86.3,3.26,20200417,女装,1121.04,1107.4,1139.14,1113.99,-3.99,-0.36,4805.0,47669.0,80.89,3.11,851323.SI,30.0,13.22,-0.36
292,851324.SI,20200413,休闲服装,1415.15,1397.93,1482.23,1431.56,-44.71,-3.03,39448.0,160054.0,27.73,1.95,20200417,休闲服装,1451.16,1409.07,1473.46,1430.15,-24.11,-1.66,29696.0,115274.0,27.67,1.95,851324.SI,71.0,31.28,-1.66
293,851325.SI,20200413,鞋帽,1135.92,1104.6,1152.66,1132.74,-7.8,-0.68,6562.0,73378.0,132.42,4.68,20200417,鞋帽,1104.17,1077.06,1110.47,1080.39,-22.91,-2.08,6234.0,80470.0,127.84,4.52,851325.SI,6.0,2.64,-2.08
294,851326.SI,20200413,家纺,1471.32,1459.08,1499.36,1490.44,7.71,0.52,1429.0,11799.0,17.35,2.07,20200417,家纺,1485.68,1472.6,1507.37,1484.13,1.07,0.07,2002.0,17717.0,17.26,2.06,851326.SI,57.0,25.11,0.07
295,851327.SI,20200413,其他服装,2854.1,2782.13,2933.87,2861.18,-25.16,-0.87,25913.0,147312.0,58.17,2.04,20200417,其他服装,2924.47,2857.06,2983.5,2910.76,-4.35,-0.15,23070.0,141167.0,59.03,2.07,851327.SI,135.0,59.47,-0.15
296,851411.SI,20200413,造纸,2166.55,2130.58,2202.11,2174.0,-0.55,-0.03,28087.0,168606.0,16.11,1.27,20200417,造纸,2201.53,2169.92,2231.55,2187.66,-12.86,-0.58,29612.0,204351.0,16.15,1.28,851411.SI,97.0,42.73,-0.58
297,851421.SI,20200413,包装印刷,2280.21,2237.46,2315.55,2271.17,-23.5,-1.02,21983.0,182344.0,24.96,1.98,20200417,包装印刷,2327.48,2298.05,2374.55,2334.09,15.91,0.69,31312.0,268555.0,25.41,2.02,851421.SI,162.0,71.37,0.69
298,851432.SI,20200413,家具,1791.99,1756.62,1828.01,1806.33,6.97,0.39,19888.0,163993.0,19.65,1.7,20200417,家具,1823.43,1802.96,1860.81,1829.41,17.47,0.96,17780.0,194392.0,19.5,1.68,851432.SI,124.0,54.63,0.96
299,851433.SI,20200413,其他家用轻工,1787.02,1756.41,1834.8,1790.32,-3.56,-0.2,7938.0,118407.0,22.87,1.85,20200417,其他家用轻工,1764.78,1741.35,1783.13,1752.1,-11.79,-0.67,7672.0,92498.0,22.6,1.87,851433.SI,18.0,7.93,-0.67
300,851434.SI,20200413,珠宝首饰,928.72,905.04,937.02,920.08,-21.18,-2.25,12420.0,63765.0,28.22,1.39,20200417,珠宝首饰,907.88,890.68,911.95,894.59,-12.34,-1.36,10668.0,55379.0,27.43,1.35,851434.SI,13.0,5.73,-1.36
301,851435.SI,20200413,文娱用品,4431.94,4321.1,4461.48,4365.94,-77.74,-1.75,4054.0,63352.0,48.44,3.28,20200417,文娱用品,4698.67,4573.11,4756.24,4638.51,-53.51,-1.14,7791.0,137904.0,51.57,3.5,851435.SI,214.0,94.27,-1.14
302,851441.SI,20200413,其他轻工制造,2034.78,2006.12,2039.26,2015.08,-35.82,-1.75,199.0,4486.0,57.92,3.33,20200417,其他轻工制造,2030.31,2003.44,2050.01,2005.23,-14.33,-0.71,274.0,6198.0,57.63,3.31,851441.SI,54.0,23.79,-0.71
303,851511.SI,20200413,化学原料药,8419.05,8250.58,8643.42,8444.27,-3.48,-0.04,47484.0,969319.0,34.16,3.61,20200417,化学原料药,8512.29,8324.06,8712.33,8511.93,25.81,0.3,54603.0,1056584.0,34.27,3.64,851511.SI,100.0,44.05,0.3
304,851512.SI,20200413,化学制剂,8613.18,8489.86,8827.95,8688.43,72.91,0.85,152107.0,1652279.0,43.68,3.89,20200417,化学制剂,8800.51,8596.69,8873.05,8657.21,-106.42,-1.21,178133.0,1767403.0,43.53,3.88,851512.SI,62.0,27.31,-1.21
305,851521.SI,20200413,中药,5603.16,5555.45,5763.79,5695.31,80.72,1.44,104280.0,1151376.0,27.71,2.33,20200417,中药,6000.06,5829.48,6045.14,5866.27,-84.47,-1.42,122398.0,1805390.0,28.51,2.4,851521.SI,168.0,74.01,-1.42
306,851531.SI,20200413,生物制品,10511.35,10330.8,10769.87,10552.08,50.26,0.48,45149.0,997006.0,55.85,5.52,20200417,生物制品,10977.05,10719.3,11124.36,10835.13,-143.97,-1.31,58411.0,1309351.0,57.38,5.66,851531.SI,161.0,70.93,-1.31
307,851541.SI,20200413,医药商业,7017.05,6919.92,7219.97,7149.34,115.35,1.64,27606.0,360786.0,16.49,1.57,20200417,医药商业,7344.34,7140.43,7430.63,7216.31,-145.98,-1.98,34827.0,561202.0,16.27,1.56,851541.SI,109.0,48.02,-1.98
308,851551.SI,20200413,医疗器械,7878.84,7778.42,8130.68,7971.15,87.9,1.11,70650.0,1535133.0,50.31,6.46,20200417,医疗器械,8460.47,8190.72,8602.06,8272.89,-140.15,-1.67,110483.0,2706763.0,52.01,6.67,851551.SI,183.0,80.62,-1.67
309,851561.SI,20200413,医疗服务,6970.22,6849.1,7113.07,6976.64,-24.0,-0.34,19547.0,345518.0,94.68,7.08,20200417,医疗服务,7057.14,6946.29,7171.63,7022.22,-6.34,-0.09,28622.0,561516.0,90.3,7.05,851561.SI,98.0,43.17,-0.09
310,851611.SI,20200413,火电,1627.66,1610.95,1638.97,1621.34,-10.63,-0.65,26744.0,90924.0,15.16,0.8,20200417,火电,1668.47,1643.51,1681.77,1654.62,-15.8,-0.95,65071.0,197633.0,15.46,0.82,851611.SI,142.0,62.56,-0.95
311,851612.SI,20200413,水电,3096.29,3077.12,3115.44,3096.35,-7.0,-0.23,13311.0,99314.0,15.31,1.92,20200417,水电,3124.37,3090.37,3139.63,3110.27,-13.37,-0.43,21211.0,187459.0,15.46,1.92,851612.SI,94.0,41.41,-0.43
312,851613.SI,20200413,燃机发电,3750.7,3679.75,3857.13,3828.1,80.63,2.15,195.0,2307.0,287.33,3.57,20200417,燃机发电,3808.75,3799.08,3850.68,3841.0,29.03,0.76,152.0,1805.0,288.3,3.58,851613.SI,87.0,38.33,0.76
313,851614.SI,20200413,热电,1954.63,1903.72,1966.52,1928.67,-19.58,-1.01,1231.0,7407.0,25.97,1.93,20200417,热电,2025.01,1988.11,2044.03,2001.71,-13.68,-0.68,1773.0,11080.0,27.01,2.01,851614.SI,184.0,81.06,-0.68
314,851615.SI,20200413,新能源发电,3118.3,3068.07,3141.07,3102.31,-20.66,-0.66,23701.0,70064.0,21.73,1.12,20200417,新能源发电,3171.88,3139.95,3213.11,3164.85,-10.02,-0.32,32755.0,100660.0,22.14,1.15,851615.SI,141.0,62.11,-0.32
315,851621.SI,20200413,水务,2739.89,2712.67,2796.24,2771.4,20.34,0.74,19324.0,130839.0,18.65,1.19,20200417,水务,2799.88,2764.78,2831.27,2781.22,-11.31,-0.41,15962.0,111714.0,18.69,1.19,851621.SI,89.0,39.21,-0.41
316,851631.SI,20200413,燃气,2454.91,2409.67,2478.26,2433.28,-22.33,-0.91,9355.0,62501.0,26.45,1.37,20200417,燃气,2451.8,2421.62,2472.66,2443.83,-1.49,-0.06,10396.0,78556.0,27.9,1.36,851631.SI,93.0,40.97,-0.06
317,851641.SI,20200413,环保工程及服务,1178.08,1163.42,1198.36,1183.8,0.17,0.01,34624.0,268255.0,25.67,1.61,20200417,环保工程及服务,1207.03,1189.86,1228.42,1200.46,-2.38,-0.2,53497.0,422681.0,26.03,1.63,851641.SI,127.0,55.95,-0.2
318,851711.SI,20200413,港口,3257.69,3211.79,3266.88,3232.08,-57.92,-1.76,14187.0,57877.0,14.08,1.02,20200417,港口,3249.54,3227.38,3275.61,3245.61,4.61,0.14,15580.0,60984.0,14.07,1.02,851711.SI,92.0,40.53,0.14
319,851721.SI,20200413,公交,1620.97,1596.95,1642.71,1619.76,-5.34,-0.33,3598.0,21331.0,14.85,1.1,20200417,公交,1631.83,1624.35,1672.97,1647.18,11.04,0.67,4719.0,54333.0,14.83,1.1,851721.SI,131.0,57.71,0.67
320,851731.SI,20200413,高速公路,2253.27,2222.87,2285.68,2256.71,-8.39,-0.37,15295.0,68337.0,9.12,0.9,20200417,高速公路,2243.54,2230.1,2262.16,2247.33,8.57,0.38,11902.0,53449.0,9.09,0.89,851731.SI,60.0,26.43,0.38
321,851741.SI,20200413,航空运输,1724.05,1679.34,1729.3,1689.94,-44.22,-2.55,19815.0,115686.0,23.8,0.88,20200417,航空运输,1738.11,1722.6,1782.97,1753.46,38.41,2.24,37326.0,232218.0,24.65,0.91,851741.SI,182.0,80.18,2.24
322,851751.SI,20200413,机场,7119.27,7020.94,7174.69,7107.4,-67.74,-0.94,1940.0,50690.0,25.44,2.76,20200417,机场,7279.7,7255.98,7499.66,7432.35,275.27,3.85,6466.0,178257.0,26.62,2.89,851751.SI,195.0,85.9,3.85
323,851761.SI,20200413,航运,1357.61,1331.49,1394.36,1360.28,-13.93,-1.01,24087.0,157718.0,19.84,1.49,20200417,航运,1346.15,1332.17,1371.01,1339.13,-4.79,-0.36,20876.0,131440.0,19.51,1.46,851761.SI,33.0,14.54,-0.36
324,851771.SI,20200413,铁路运输,955.04,948.11,959.41,950.8,-8.7,-0.91,6692.0,35913.0,11.75,0.98,20200417,铁路运输,959.82,951.69,965.81,958.93,1.4,0.15,14710.0,78581.0,11.85,1.02,851771.SI,105.0,46.26,0.15
325,851781.SI,20200413,物流,4537.53,4480.31,4598.54,4537.13,-20.08,-0.44,22461.0,206325.0,15.83,1.74,20200417,物流,4593.67,4537.71,4674.38,4605.47,71.41,1.58,33967.0,326641.0,16.26,1.76,851781.SI,129.0,56.83,1.58
326,851811.SI,20200413,房地产开发,4374.51,4322.41,4437.57,4388.29,-4.92,-0.11,147574.0,894896.0,8.27,1.19,20200417,房地产开发,4446.82,4400.22,4491.22,4440.03,18.46,0.42,166505.0,1132810.0,8.07,1.17,851811.SI,119.0,52.42,0.42
327,851821.SI,20200413,园区开发,2008.1,1977.03,2019.96,1991.53,-22.06,-1.1,4389.0,41377.0,17.99,1.62,20200417,园区开发,2020.67,2003.72,2034.31,2009.79,-3.87,-0.19,4433.0,43730.0,18.02,1.63,851821.SI,108.0,47.58,-0.19
328,851911.SI,20200413,银行,3256.08,3234.81,3271.84,3247.5,-23.16,-0.71,88457.0,613303.0,5.97,0.68,20200417,银行,3275.71,3258.03,3307.41,3286.54,27.08,0.83,147210.0,1219425.0,6.04,0.68,851911.SI,121.0,53.3,0.83
329,851921.SI,20200413,多元金融,1357.87,1339.4,1373.48,1354.96,-17.03,-1.24,23315.0,180872.0,16.57,1.27,20200417,多元金融,1370.99,1355.68,1389.14,1366.75,-1.41,-0.1,30872.0,263262.0,16.73,1.28,851921.SI,106.0,46.7,-0.1
330,851931.SI,20200413,证券,5691.17,5632.6,5732.03,5673.38,-56.25,-0.98,125895.0,1336072.0,24.36,1.5,20200417,证券,5859.64,5783.4,5890.96,5798.64,-27.44,-0.47,181003.0,2244829.0,24.9,1.53,851931.SI,145.0,63.88,-0.47
331,851941.SI,20200413,保险,1398.21,1389.21,1406.33,1394.28,-15.02,-1.07,12051.0,371835.0,8.89,1.81,20200417,保险,1413.52,1406.92,1460.14,1443.44,44.07,3.15,29650.0,1013172.0,9.19,1.87,851941.SI,176.0,77.53,3.15
332,852021.SI,20200413,贸易,3539.13,3454.66,3572.79,3507.18,-56.43,-1.58,23897.0,89715.0,14.26,1.48,20200417,贸易,3507.46,3469.42,3544.2,3491.73,-13.46,-0.38,21430.0,84026.0,14.2,1.47,852021.SI,56.0,24.67,-0.38
333,852031.SI,20200413,百货,2392.4,2356.9,2423.02,2378.46,-28.77,-1.2,17636.0,94483.0,13.48,1.01,20200417,百货,2371.65,2343.61,2387.63,2357.1,-6.59,-0.28,15876.0,91309.0,13.71,1.0,852031.SI,44.0,19.38,-0.28
334,852032.SI,20200413,超市,18017.43,17843.7,18416.13,18184.55,15.62,0.09,9324.0,86470.0,46.74,3.2,20200417,超市,18427.03,17853.0,18536.92,18200.23,-279.54,-1.51,14297.0,137661.0,46.87,3.2,852032.SI,77.0,33.92,-1.51
335,852033.SI,20200413,多业态零售,1885.69,1869.49,1910.8,1886.76,-9.46,-0.5,8798.0,70729.0,15.24,1.07,20200417,多业态零售,1903.97,1884.91,1932.98,1902.22,-1.29,-0.07,13679.0,100744.0,15.36,1.08,852033.SI,103.0,45.37,-0.07
336,852041.SI,20200413,专业连锁,7288.4,7203.69,7436.71,7328.52,4.57,0.06,10666.0,78212.0,8.26,1.33,20200417,专业连锁,7672.61,7596.58,7858.5,7716.63,141.01,1.86,16777.0,174533.0,8.6,1.39,852041.SI,206.0,90.75,1.86
337,852051.SI,20200413,一般物业经营,778.3,766.08,788.47,773.49,-3.77,-0.48,3540.0,10126.0,130.9,1.14,20200417,一般物业经营,767.78,762.66,783.55,776.1,7.92,1.03,4944.0,13346.0,131.34,1.14,852051.SI,88.0,38.77,1.03
338,852052.SI,20200413,专业市场,655.23,641.12,657.38,647.13,-12.94,-1.96,9839.0,61694.0,16.62,1.27,20200417,专业市场,649.75,641.79,655.56,645.31,-3.33,-0.51,9477.0,55760.0,16.57,1.27,852052.SI,66.0,29.07,-0.51
339,852111.SI,20200413,人工景点,50583.81,49025.82,51005.58,49949.86,-620.55,-1.23,820.0,22382.0,31.52,4.28,20200417,人工景点,50213.18,50025.73,52018.68,51547.88,1743.18,3.5,1257.0,35071.0,32.53,4.41,852111.SI,171.0,75.33,3.5
340,852112.SI,20200413,自然景点,1427.6,1402.61,1443.6,1419.18,-12.14,-0.85,2560.0,20596.0,21.3,1.36,20200417,自然景点,1385.27,1374.29,1407.84,1389.95,15.69,1.14,2524.0,21660.0,20.81,1.33,852112.SI,21.0,9.25,1.14
341,852121.SI,20200413,酒店,2753.41,2662.27,2771.72,2702.25,-72.05,-2.6,7503.0,56005.0,22.56,1.76,20200417,酒店,2733.6,2724.52,2929.6,2846.64,144.29,5.34,8920.0,93021.0,26.29,1.86,852121.SI,207.0,91.19,5.34
342,852131.SI,20200413,旅游综合,5671.27,5641.02,5838.7,5782.67,51.7,0.9,15007.0,132845.0,30.45,3.96,20200417,旅游综合,5799.82,5791.25,6046.46,5945.98,267.91,4.72,19061.0,242446.0,31.32,4.07,852131.SI,164.0,72.25,4.72
343,852141.SI,20200413,餐饮,734.98,716.25,750.97,736.86,-0.68,-0.09,5564.0,24947.0,,3.8,20200417,餐饮,756.06,754.27,778.26,768.18,14.46,1.92,5516.0,26833.0,200.98,4.11,852141.SI,192.0,84.58,1.92
344,852151.SI,20200413,其他休闲服务,1343.42,1324.12,1387.23,1354.25,-4.02,-0.3,1344.0,20808.0,36.79,4.3,20200417,其他休闲服务,1333.69,1319.95,1349.48,1328.0,2.81,0.21,711.0,11163.0,36.08,4.22,852151.SI,24.0,10.57,0.21
345,852211.SI,20200413,通信运营,2442.94,2425.05,2495.01,2442.69,-55.89,-2.24,28292.0,255391.0,39.04,1.42,20200417,通信运营,2432.23,2415.03,2462.88,2421.02,-1.62,-0.07,27230.0,244381.0,38.69,1.41,852211.SI,45.0,19.82,-0.07
346,852221.SI,20200413,互联网信息服务,4235.37,4145.95,4320.68,4242.06,-40.53,-0.95,71919.0,916188.0,52.63,5.58,20200417,互联网信息服务,4469.47,4390.95,4540.84,4430.9,8.61,0.19,79119.0,1172473.0,55.08,5.85,852221.SI,194.0,85.46,0.19
347,852222.SI,20200413,移动互联网服务,1289.71,1250.83,1305.76,1270.85,-28.87,-2.22,62000.0,569813.0,31.67,2.33,20200417,移动互联网服务,1343.03,1315.83,1372.8,1329.23,-10.6,-0.79,92562.0,787558.0,32.71,2.42,852222.SI,196.0,86.34,-0.79
348,852223.SI,20200413,其他互联网服务,2409.75,2354.48,2412.74,2385.85,-50.79,-2.08,235.0,3746.0,,1.52,20200417,其他互联网服务,2487.44,2435.15,2505.36,2435.15,-50.79,-2.04,189.0,3129.0,,1.55,852223.SI,143.0,63.0,-2.04
349,852224.SI,20200413,有线电视网络,1558.7,1534.2,1563.18,1543.71,-25.42,-1.62,10435.0,65461.0,25.1,1.05,20200417,有线电视网络,1561.76,1546.51,1574.69,1549.6,-6.23,-0.4,9547.0,65805.0,25.2,1.05,852224.SI,91.0,40.09,-0.4
350,852225.SI,20200413,软件开发,6927.85,6737.25,7006.86,6830.22,-166.69,-2.38,65753.0,1449849.0,70.81,6.74,20200417,软件开发,7208.93,7107.57,7382.06,7167.87,33.62,0.47,114214.0,2407401.0,72.9,7.07,852225.SI,203.0,89.43,0.47
351,852226.SI,20200413,IT服务,4273.78,4162.6,4326.69,4229.42,-93.89,-2.17,185405.0,1846711.0,49.27,3.06,20200417,IT服务,4466.48,4384.52,4564.51,4428.85,-1.85,-0.04,261101.0,2793813.0,51.14,3.2,852226.SI,201.0,88.55,-0.04
352,852241.SI,20200413,平面媒体,1241.95,1216.24,1252.2,1230.69,-18.57,-1.49,17300.0,88691.0,18.13,1.38,20200417,平面媒体,1247.06,1232.32,1262.36,1240.69,-4.15,-0.33,17314.0,94284.0,17.78,1.38,852241.SI,102.0,44.93,-0.33
353,852242.SI,20200413,影视动漫,2581.34,2516.02,2598.38,2545.51,-60.52,-2.32,22372.0,140347.0,47.99,1.57,20200417,影视动漫,2633.03,2594.61,2687.64,2633.14,17.15,0.66,31996.0,225584.0,43.65,1.63,852242.SI,174.0,76.65,0.66
354,852243.SI,20200413,营销服务,2536.26,2451.1,2573.41,2489.58,-70.79,-2.76,111470.0,541497.0,42.98,2.32,20200417,营销服务,2662.01,2582.81,2707.77,2608.8,-15.05,-0.57,166585.0,900673.0,45.0,2.43,852243.SI,202.0,88.99,-0.57
355,852244.SI,20200413,其他文化传媒,490.28,480.08,502.23,495.49,3.57,0.73,11635.0,102533.0,88.13,3.14,20200417,其他文化传媒,494.61,487.16,500.31,490.16,-3.85,-0.78,8582.0,69635.0,87.18,3.11,852244.SI,43.0,18.94,-0.78
356,852311.SI,20200413,综合,2121.51,2074.79,2159.55,2114.41,-17.1,-0.8,55526.0,388869.0,30.15,1.85,20200417,综合,2153.44,2129.03,2205.1,2152.06,4.71,0.22,56264.0,396817.0,30.66,1.88,852311.SI,136.0,59.91,0.22
357,857221.SI,20200413,装修装饰,5634.05,5538.29,5720.67,5639.78,-31.7,-0.56,11685.0,84041.0,19.58,1.52,20200417,装修装饰,5666.49,5598.26,5801.48,5686.76,23.81,0.42,19576.0,139268.0,19.44,1.53,857221.SI,104.0,45.81,0.42
358,857231.SI,20200413,城轨建设,1690.1,1679.64,1716.26,1703.97,4.08,0.24,4417.0,20482.0,9.17,0.9,20200417,城轨建设,1721.02,1713.07,1782.7,1754.92,48.7,2.85,15750.0,79319.0,9.25,0.9,857231.SI,166.0,73.13,2.85
359,857232.SI,20200413,路桥施工,1735.39,1711.85,1770.09,1748.57,1.59,0.09,22756.0,170705.0,11.09,1.01,20200417,路桥施工,1745.65,1731.24,1832.01,1800.93,60.73,3.49,53814.0,392625.0,11.43,1.05,857232.SI,167.0,73.57,3.49
360,857233.SI,20200413,水利工程,1835.54,1824.28,1868.34,1855.04,11.25,0.61,9754.0,49036.0,6.47,0.63,20200417,水利工程,1902.92,1894.8,1981.92,1951.22,60.19,3.18,29116.0,137200.0,6.8,0.66,857233.SI,204.0,89.87,3.18
361,857234.SI,20200413,铁路建设,2897.81,2894.57,2951.9,2936.55,23.38,0.8,8674.0,65365.0,6.2,0.63,20200417,铁路建设,2923.65,2914.74,3057.05,3012.57,115.63,3.99,26989.0,215652.0,6.36,0.64,857234.SI,156.0,68.72,3.99
362,857235.SI,20200413,其他基础建设,1411.03,1396.04,1437.84,1410.37,-28.43,-1.98,4678.0,30570.0,14.21,1.42,20200417,其他基础建设,1438.48,1419.7,1495.36,1461.54,27.0,1.88,8311.0,58411.0,14.73,1.47,857235.SI,178.0,78.41,1.88
363,857241.SI,20200413,钢结构,2383.71,2355.75,2482.71,2436.09,42.15,1.76,10729.0,79273.0,23.3,1.8,20200417,钢结构,2374.6,2339.44,2446.85,2391.86,28.71,1.21,10545.0,70651.0,21.32,1.75,857241.SI,27.0,11.89,1.21
364,857242.SI,20200413,化学工程,1109.27,1095.17,1120.6,1113.5,3.79,0.34,3726.0,31434.0,13.22,1.09,20200417,化学工程,1133.02,1120.66,1161.51,1140.79,7.02,0.62,5243.0,40530.0,13.53,1.12,857242.SI,150.0,66.08,0.62
365,857243.SI,20200413,国际工程承包,1039.89,1025.64,1044.12,1031.95,-14.24,-1.36,2677.0,16992.0,7.97,1.03,20200417,国际工程承包,1033.32,1028.97,1054.54,1038.4,10.96,1.07,4494.0,26255.0,8.02,1.04,857243.SI,96.0,42.29,1.07
366,857244.SI,20200413,其他专业工程,1788.06,1765.46,1801.3,1791.47,7.82,0.44,13248.0,65263.0,10.35,0.82,20200417,其他专业工程,1779.85,1767.39,1832.04,1807.83,33.62,1.9,18440.0,107705.0,10.45,0.83,857244.SI,107.0,47.14,1.9
367,857251.SI,20200413,园林工程,5356.25,5273.25,5464.02,5379.13,-33.77,-0.62,13858.0,89489.0,45.69,1.22,20200417,园林工程,5349.82,5279.61,5470.25,5363.29,-17.53,-0.33,16761.0,111528.0,44.53,1.22,857251.SI,64.0,28.19,-0.33
368,857321.SI,20200413,电网自动化,3995.28,3943.43,4087.44,3997.38,-42.01,-1.04,15465.0,157991.0,28.61,2.33,20200417,电网自动化,4241.8,4138.34,4292.96,4184.07,-38.9,-0.92,33793.0,376887.0,29.99,2.44,857321.SI,199.0,87.67,-0.92
369,857322.SI,20200413,工控自动化,4829.94,4747.43,4914.93,4843.48,26.94,0.56,20424.0,154442.0,72.18,3.34,20200417,工控自动化,4982.92,4920.27,5069.65,4964.91,4.12,0.08,22165.0,190348.0,76.78,3.46,857322.SI,152.0,66.96,0.08
370,857323.SI,20200413,计量仪表,4496.79,4400.11,4547.78,4427.79,-157.1,-3.43,10390.0,73270.0,21.5,1.54,20200417,计量仪表,4573.17,4494.85,4626.19,4515.1,-41.23,-0.9,12021.0,69417.0,21.93,1.57,857323.SI,140.0,61.67,-0.9
371,857331.SI,20200413,综合电力设备商,5248.03,5241.17,5327.84,5291.05,-0.62,-0.01,1302.0,7801.0,21.99,1.03,20200417,综合电力设备商,5614.03,5477.48,5646.46,5489.33,-90.41,-1.62,4472.0,28623.0,21.06,1.05,857331.SI,180.0,79.3,-1.62
372,857332.SI,20200413,风电设备,4974.76,4907.53,5058.42,4993.12,-10.76,-0.22,19187.0,74812.0,22.88,1.51,20200417,风电设备,5083.61,5029.49,5139.02,5068.36,-1.83,-0.04,14900.0,81125.0,23.22,1.53,857332.SI,130.0,57.27,-0.04
373,857333.SI,20200413,光伏设备,7126.15,6928.95,7184.78,7011.86,-214.61,-2.97,59450.0,538639.0,26.1,2.28,20200417,光伏设备,7785.06,7671.22,8002.38,7850.95,332.35,4.42,103926.0,1368471.0,29.41,2.57,857333.SI,225.0,99.12,4.42
374,857334.SI,20200413,火电设备,3565.46,3525.3,3664.96,3618.75,36.5,1.02,6726.0,20126.0,233.58,1.14,20200417,火电设备,3606.25,3545.66,3619.24,3560.86,-19.92,-0.56,6910.0,19508.0,229.84,1.13,857334.SI,31.0,13.66,-0.56
375,857335.SI,20200413,储能设备,10226.35,10033.26,10378.31,10174.95,-297.19,-2.84,18012.0,312757.0,57.01,4.1,20200417,储能设备,11705.9,11592.32,12047.33,11738.89,250.33,2.18,31264.0,777710.0,65.77,4.75,857335.SI,227.0,100.0,2.18
376,857336.SI,20200413,其它电源设备,709.32,697.26,718.27,706.95,-9.5,-1.33,3980.0,23058.0,37.04,1.91,20200417,其它电源设备,725.2,711.35,729.98,716.68,-7.42,-1.03,4992.0,28981.0,37.55,1.94,857336.SI,126.0,55.51,-1.03
377,857341.SI,20200413,高压设备,3874.13,3799.07,3981.04,3901.74,-61.76,-1.56,35667.0,251179.0,24.14,1.22,20200417,高压设备,4509.3,4291.38,4602.42,4368.2,-73.41,-1.65,86292.0,737088.0,24.86,1.37,857341.SI,224.0,98.68,-1.65
378,857342.SI,20200413,中压设备,3866.04,3754.55,3910.11,3797.84,-135.23,-3.44,18149.0,141332.0,65.65,1.99,20200417,中压设备,4036.26,3925.71,4075.33,3948.19,-42.94,-1.08,31121.0,195306.0,69.93,2.06,857342.SI,187.0,82.38,-1.08
379,857343.SI,20200413,低压设备,6322.56,6225.37,6465.15,6387.68,23.72,0.37,7450.0,72325.0,20.21,2.76,20200417,低压设备,6568.07,6523.54,6757.79,6653.85,117.35,1.8,6316.0,84895.0,21.09,2.87,857343.SI,191.0,84.14,1.8
380,857344.SI,20200413,线缆部件及其他,6427.48,6289.82,6514.38,6372.13,-113.92,-1.76,33408.0,245873.0,33.65,2.13,20200417,线缆部件及其他,6727.13,6534.22,6821.8,6588.5,-95.18,-1.42,76808.0,473252.0,34.91,2.25,857344.SI,173.0,76.21,-1.42
381,857411.SI,20200413,航天装备,8827.64,8659.19,9068.43,8959.07,65.3,0.73,19949.0,382692.0,78.47,3.52,20200417,航天装备,9057.68,8918.23,9206.4,8971.8,-26.57,-0.3,22016.0,406656.0,78.56,3.51,857411.SI,81.0,35.68,-0.3
382,857421.SI,20200413,航空装备,5895.16,5780.78,5970.38,5882.73,-61.1,-1.03,31309.0,399524.0,46.41,2.7,20200417,航空装备,5987.45,5886.95,6088.33,5955.97,-11.24,-0.19,38037.0,542620.0,46.99,2.74,857421.SI,123.0,54.19,-0.19
383,857431.SI,20200413,地面兵装,12838.93,12640.27,13213.35,13013.43,61.3,0.47,28002.0,281367.0,51.33,2.79,20200417,地面兵装,13194.75,12972.97,13369.37,13049.69,-126.64,-0.96,24141.0,261571.0,51.47,2.79,857431.SI,86.0,37.89,-0.96
384,858811.SI,20200413,其他交运设备,1178.67,1160.11,1185.98,1169.91,-24.17,-2.02,2771.0,20526.0,38.09,3.65,20200417,其他交运设备,1201.94,1185.76,1230.65,1205.37,9.85,0.82,4763.0,39680.0,38.19,3.66,858811.SI,169.0,74.45,0.82
